user_id,pr_id,total_scores
U1,P122,65.0
U1,P124,3.0
U1,P13,5.0
U1,P140,3.0
U1,P144,30.0
U1,P149,38.0
U1,P161,6.0
U1,P174,6.0
U1,P2,33.0
U1,P206,0.5
U1,P207,33.0
U1,P240,5.0
U1,P255,3.5
U1,P321,30.0
U1,P339,30.0
U1,P37,3.0
U1,P376,0.5
U1,P379,3.0
U1,P387,30.0
U1,P391,3.0
U1,P398,30.0
U1,P41,1.0
U1,P451,3.5
U1,P495,0.5
U1,P503,0.5
U1,P547,0.5
U1,P55,5.0
U1,P590,3.0
U1,P615,8.5
U1,P631,5.5
U1,P632,6.0
U1,P645,0.5
U1,P86,5.0
U10,P107,0.5
U10,P122,3.0
U10,P124,5.0
U10,P13,3.0
U10,P161,30.0
U10,P164,30.0
U10,P176,0.5
U10,P242,3.0
U10,P244,5.0
U10,P247,5.0
U10,P254,3.0
U10,P278,5.0
U10,P28,3.0
U10,P306,3.0
U10,P339,5.0
U10,P34,3.0
U10,P378,30.0
U10,P387,0.5
U10,P396,3.0
U10,P411,3.0
U10,P415,3.0
U10,P422,0.5
U10,P479,5.0
U10,P49,5.0
U10,P558,3.0
U10,P559,3.0
U10,P621,30.5
U10,P69,0.5
U101,P128,5.0
U101,P152,0.5
U101,P190,8.0
U101,P240,0.5
U101,P241,30.0
U101,P243,0.5
U101,P259,1.0
U101,P262,5.0
U101,P264,3.0
U101,P278,0.5
U101,P28,30.0
U101,P297,5.0
U101,P339,3.0
U101,P34,8.0
U101,P372,0.5
U101,P380,3.0
U101,P387,6.0
U101,P415,3.0
U101,P417,35.0
U101,P42,3.0
U101,P422,5.0
U101,P451,0.5
U101,P479,30.0
U101,P486,3.0
U101,P530,30.5
U101,P544,3.0
U101,P546,30.0
U101,P575,33.5
U101,P615,5.0
U101,P621,30.0
U101,P627,60.0
U101,P628,30.0
U101,P631,3.0
U101,P636,30.0
U101,P647,0.5
U101,P648,3.0
U101,P69,0.5
U101,P80,5.0
U101,P92,8.5
U103,P103,35.0
U103,P107,30.0
U103,P141,3.0
U103,P160,3.0
U103,P180,1.5
U103,P198,30.0
U103,P2,5.5
U103,P217,3.0
U103,P221,0.5
U103,P241,3.5
U103,P243,1.0
U103,P278,33.0
U103,P299,5.5
U103,P303,8.0
U103,P312,3.0
U103,P323,5.0
U103,P471,5.5
U103,P497,0.5
U103,P511,13.0
U103,P548,30.0
U103,P55,3.0
U103,P550,1.0
U103,P558,30.0
U103,P575,8.0
U103,P593,30.0
U103,P61,35.0
U103,P632,5.0
U103,P71,5.0
U103,P81,5.0
U104,P107,10.0
U104,P136,3.0
U104,P141,3.5
U104,P142,3.0
U104,P167,0.5
U104,P170,3.0
U104,P173,5.0
U104,P180,3.0
U104,P185,5.0
U104,P198,0.5
U104,P217,36.0
U104,P236,3.0
U104,P241,30.0
U104,P243,3.0
U104,P244,0.5
U104,P247,0.5
U104,P268,0.5
U104,P278,30.0
U104,P315,4.0
U104,P33,3.0
U104,P349,5.0
U104,P352,3.0
U104,P360,30.0
U104,P361,0.5
U104,P378,3.0
U104,P387,6.5
U104,P396,0.5
U104,P4,0.5
U104,P425,3.0
U104,P432,3.0
U104,P471,3.5
U104,P49,30.5
U104,P511,70.0
U104,P548,3.0
U104,P550,30.0
U104,P572,3.0
U104,P575,3.0
U104,P594,5.0
U104,P6,30.0
U104,P61,3.5
U104,P647,5.0
U104,P68,68.0
U104,P79,37.0
U104,P81,5.0
U105,P17,0.5
U105,P2,3.0
U105,P241,30.0
U105,P303,30.0
U105,P315,3.0
U105,P396,5.0
U105,P43,0.5
U105,P432,0.5
U105,P511,3.0
U105,P550,5.5
U105,P554,3.0
U105,P81,0.5
U106,P103,8.0
U106,P108,3.0
U106,P136,6.0
U106,P141,0.5
U106,P17,3.0
U106,P176,0.5
U106,P185,3.5
U106,P198,0.5
U106,P327,5.0
U106,P372,3.0
U106,P378,3.0
U106,P417,0.5
U106,P474,0.5
U106,P479,5.0
U106,P49,8.0
U106,P525,30.0
U106,P69,5.0
U106,P79,3.0
U106,P81,1.0
U110,P103,0.5
U110,P122,30.0
U110,P124,5.0
U110,P13,5.0
U110,P135,3.0
U110,P161,3.5
U110,P166,3.0
U110,P185,30.0
U110,P190,3.5
U110,P2,30.0
U110,P206,5.0
U110,P207,30.0
U110,P219,5.0
U110,P221,30.0
U110,P232,5.0
U110,P272,3.0
U110,P278,0.5
U110,P293,3.0
U110,P30,3.0
U110,P303,30.0
U110,P321,33.0
U110,P379,3.0
U110,P392,0.5
U110,P396,30.0
U110,P41,30.0
U110,P427,5.0
U110,P443,5.0
U110,P451,1.0
U110,P471,5.0
U110,P49,0.5
U110,P511,8.0
U110,P567,5.0
U110,P572,3.0
U110,P575,30.0
U110,P61,0.5
U110,P620,3.0
U110,P623,3.0
U110,P636,3.0
U110,P641,5.0
U110,P92,3.0
U111,P136,0.5
U111,P140,3.0
U111,P141,38.0
U111,P167,33.0
U111,P170,3.0
U111,P176,30.0
U111,P180,3.0
U111,P185,5.0
U111,P209,3.0
U111,P213,30.0
U111,P216,5.0
U111,P231,5.0
U111,P238,11.0
U111,P241,3.0
U111,P243,30.0
U111,P251,30.0
U111,P259,41.0
U111,P280,5.0
U111,P303,3.0
U111,P312,3.0
U111,P315,30.0
U111,P321,30.0
U111,P352,30.0
U111,P354,5.5
U111,P378,0.5
U111,P387,5.0
U111,P396,30.0
U111,P417,0.5
U111,P432,43.0
U111,P443,60.0
U111,P458,30.0
U111,P49,3.0
U111,P511,3.0
U111,P526,3.0
U111,P540,5.0
U111,P559,0.5
U111,P576,3.0
U111,P578,30.0
U111,P61,33.0
U111,P636,3.0
U111,P645,0.5
U111,P648,30.0
U111,P68,33.5
U111,P98,3.0
U112,P142,0.5
U112,P149,0.5
U112,P161,0.5
U112,P162,5.0
U112,P166,1.0
U112,P167,5.0
U112,P174,3.0
U112,P185,3.0
U112,P206,30.5
U112,P207,0.5
U112,P208,3.0
U112,P232,3.0
U112,P238,3.0
U112,P240,5.0
U112,P25,30.0
U112,P255,3.0
U112,P261,1.5
U112,P356,30.0
U112,P362,0.5
U112,P463,30.0
U112,P548,30.0
U112,P55,5.0
U112,P583,3.0
U112,P615,30.5
U112,P73,3.0
U112,P92,0.5
U115,P103,3.0
U115,P135,5.0
U115,P149,5.0
U115,P166,30.0
U115,P170,0.5
U115,P173,3.0
U115,P185,0.5
U115,P207,0.5
U115,P214,5.0
U115,P240,3.0
U115,P255,3.0
U115,P261,3.0
U115,P310,5.0
U115,P343,3.0
U115,P370,0.5
U115,P378,5.0
U115,P379,30.0
U115,P396,0.5
U115,P435,3.0
U115,P457,0.5
U115,P471,3.0
U115,P480,3.0
U115,P49,30.0
U115,P491,3.0
U115,P511,0.5
U115,P530,1.0
U115,P533,30.0
U115,P589,3.0
U115,P61,3.5
U115,P68,30.5
U115,P79,0.5
U115,P98,5.0
U117,P135,3.0
U117,P140,0.5
U117,P149,0.5
U117,P180,30.0
U117,P229,30.0
U117,P244,3.0
U117,P247,3.0
U117,P255,5.0
U117,P321,5.0
U117,P383,3.0
U117,P396,5.0
U117,P398,30.0
U117,P402,3.0
U117,P41,3.0
U117,P447,3.0
U117,P450,0.5
U117,P567,1.5
U117,P623,3.0
U117,P632,0.5
U117,P645,6.0
U117,P77,3.0
U117,P98,5.0
U118,P103,33.0
U118,P117,0.5
U118,P136,3.0
U118,P161,3.0
U118,P167,3.0
U118,P170,33.0
U118,P174,0.5
U118,P185,0.5
U118,P244,30.0
U118,P303,3.0
U118,P378,30.0
U118,P471,3.0
U118,P550,3.0
U118,P567,3.0
U118,P583,5.0
U118,P61,3.0
U118,P68,33.0
U119,P124,8.0
U119,P141,3.0
U119,P17,35.0
U119,P176,5.0
U119,P185,0.5
U119,P190,6.0
U119,P217,33.0
U119,P238,5.0
U119,P244,5.0
U119,P280,3.0
U119,P321,3.0
U119,P354,5.0
U119,P362,3.0
U119,P378,30.0
U119,P479,3.0
U119,P517,30.0
U119,P546,30.0
U119,P55,5.0
U119,P554,30.0
U119,P556,5.0
U119,P575,0.5
U119,P628,3.0
U119,P632,30.0
U119,P79,3.0
U12,P103,5.0
U12,P107,5.0
U12,P122,5.0
U12,P124,0.5
U12,P13,5.0
U12,P140,0.5
U12,P149,0.5
U12,P173,3.0
U12,P2,30.0
U12,P206,3.0
U12,P207,4.0
U12,P208,0.5
U12,P232,0.5
U12,P237,5.0
U12,P240,0.5
U12,P241,0.5
U12,P243,3.0
U12,P255,0.5
U12,P261,6.0
U12,P278,35.0
U12,P293,30.0
U12,P303,3.0
U12,P339,0.5
U12,P41,0.5
U12,P443,3.0
U12,P451,5.5
U12,P471,0.5
U12,P49,0.5
U12,P503,3.0
U12,P57,5.0
U12,P572,0.5
U12,P575,0.5
U12,P604,3.0
U12,P609,0.5
U12,P623,35.0
U12,P632,10.0
U12,P68,5.0
U12,P85,30.0
U12,P92,0.5
U120,P141,30.0
U120,P173,0.5
U120,P180,0.5
U120,P2,3.5
U120,P231,0.5
U120,P241,30.0
U120,P243,3.0
U120,P244,3.5
U120,P251,0.5
U120,P259,0.5
U120,P27,30.0
U120,P303,30.0
U120,P318,0.5
U120,P333,60.0
U120,P354,30.0
U120,P387,5.0
U120,P432,5.0
U120,P443,3.0
U120,P471,0.5
U120,P49,5.5
U120,P511,0.5
U120,P550,5.5
U120,P557,30.0
U120,P575,30.0
U120,P98,0.5
U122,P124,3.5
U122,P140,9.5
U122,P142,30.0
U122,P161,3.0
U122,P164,35.0
U122,P174,30.5
U122,P182,30.0
U122,P193,0.5
U122,P206,3.0
U122,P208,30.0
U122,P219,3.0
U122,P238,5.0
U122,P240,30.0
U122,P244,3.0
U122,P247,36.0
U122,P261,0.5
U122,P286,5.5
U122,P310,30.0
U122,P320,3.0
U122,P321,10.5
U122,P351,0.5
U122,P378,3.0
U122,P379,0.5
U122,P405,0.5
U122,P41,0.5
U122,P428,30.0
U122,P442,0.5
U122,P447,35.0
U122,P468,30.0
U122,P5,0.5
U122,P506,30.0
U122,P523,0.5
U122,P533,3.0
U122,P567,0.5
U122,P572,0.5
U122,P583,3.0
U122,P615,0.5
U122,P639,60.0
U122,P645,8.0
U122,P92,10.0
U126,P136,0.5
U126,P141,5.0
U126,P163,0.5
U126,P17,33.0
U126,P173,60.0
U126,P198,0.5
U126,P217,1.0
U126,P234,30.0
U126,P238,5.0
U126,P278,0.5
U126,P303,3.0
U126,P354,3.5
U126,P362,30.0
U126,P387,5.5
U126,P432,35.0
U126,P443,0.5
U126,P484,30.0
U126,P511,33.5
U126,P550,6.0
U126,P575,35.0
U126,P61,3.5
U126,P78,0.5
U126,P94,33.0
U126,P98,5.0
U127,P124,0.5
U127,P161,3.0
U127,P193,0.5
U127,P2,5.0
U127,P206,0.5
U127,P232,3.0
U127,P255,3.0
U127,P261,3.0
U127,P286,30.0
U127,P315,3.0
U127,P339,0.5
U127,P427,3.0
U127,P432,30.0
U127,P443,5.0
U127,P530,0.5
U127,P550,5.0
U127,P615,0.5
U127,P92,5.0
U128,P103,0.5
U128,P104,5.0
U128,P136,30.5
U128,P141,30.0
U128,P170,30.0
U128,P185,5.0
U128,P198,3.0
U128,P28,30.0
U128,P280,30.0
U128,P297,30.5
U128,P34,0.5
U128,P362,30.5
U128,P378,5.0
U128,P415,38.0
U128,P417,30.0
U128,P422,5.0
U128,P470,0.5
U128,P512,30.0
U128,P52,3.0
U128,P606,0.5
U128,P627,30.0
U128,P648,3.0
U128,P68,0.5
U128,P79,36.0
U128,P81,10.0
U129,P141,0.5
U129,P167,0.5
U129,P2,3.0
U129,P217,0.5
U129,P241,30.0
U129,P278,30.0
U129,P282,3.0
U129,P292,0.5
U129,P303,3.0
U129,P353,3.0
U129,P372,5.5
U129,P378,0.5
U129,P387,30.0
U129,P411,30.0
U129,P44,0.5
U129,P443,0.5
U129,P486,30.0
U129,P52,30.0
U129,P550,30.0
U129,P600,3.0
U129,P607,0.5
U129,P61,30.0
U129,P621,30.0
U129,P69,5.0
U129,P81,5.0
U13,P110,0.5
U13,P122,0.5
U13,P13,3.0
U13,P149,30.0
U13,P161,35.0
U13,P162,0.5
U13,P166,10.0
U13,P174,30.5
U13,P190,5.0
U13,P2,3.0
U13,P206,0.5
U13,P207,0.5
U13,P208,0.5
U13,P232,30.5
U13,P245,3.0
U13,P247,3.0
U13,P315,30.0
U13,P372,30.0
U13,P379,5.0
U13,P415,0.5
U13,P417,3.0
U13,P42,0.5
U13,P423,3.0
U13,P44,3.0
U13,P440,3.0
U13,P443,3.0
U13,P447,38.5
U13,P477,3.0
U13,P494,5.0
U13,P495,5.0
U13,P497,5.0
U13,P503,3.0
U13,P511,30.0
U13,P52,5.0
U13,P533,5.0
U13,P543,0.5
U13,P55,5.0
U13,P564,0.5
U13,P572,5.0
U13,P583,30.0
U13,P584,0.5
U13,P588,5.0
U13,P636,0.5
U13,P648,3.0
U13,P69,3.0
U130,P10,5.0
U130,P107,5.0
U130,P136,0.5
U130,P167,30.0
U130,P17,5.0
U130,P176,0.5
U130,P180,3.0
U130,P185,30.0
U130,P190,10.0
U130,P198,30.5
U130,P204,5.0
U130,P217,0.5
U130,P234,0.5
U130,P238,30.0
U130,P243,5.0
U130,P249,5.0
U130,P278,0.5
U130,P28,5.0
U130,P303,3.0
U130,P320,30.0
U130,P321,0.5
U130,P33,5.0
U130,P344,0.5
U130,P353,35.0
U130,P372,0.5
U130,P385,3.0
U130,P387,30.0
U130,P432,0.5
U130,P474,3.0
U130,P49,3.5
U130,P519,3.0
U130,P52,30.0
U130,P550,30.0
U130,P567,0.5
U130,P583,30.0
U130,P61,3.0
U130,P638,30.0
U130,P77,0.5
U130,P79,0.5
U130,P81,3.0
U130,P98,5.0
U131,P1,5.0
U131,P107,0.5
U131,P129,3.0
U131,P143,0.5
U131,P172,3.0
U131,P176,3.0
U131,P2,0.5
U131,P217,0.5
U131,P241,3.0
U131,P243,30.0
U131,P259,60.5
U131,P278,5.0
U131,P297,0.5
U131,P315,33.0
U131,P337,3.0
U131,P34,0.5
U131,P354,3.0
U131,P371,3.0
U131,P372,31.0
U131,P387,60.0
U131,P417,0.5
U131,P443,0.5
U131,P451,30.0
U131,P471,6.0
U131,P48,30.0
U131,P503,0.5
U131,P507,30.0
U131,P511,5.0
U131,P530,30.0
U131,P540,3.5
U131,P550,6.5
U131,P575,6.0
U131,P577,30.0
U131,P621,35.0
U131,P648,3.0
U131,P80,3.0
U132,P122,30.0
U132,P139,30.0
U132,P141,3.0
U132,P149,63.0
U132,P166,0.5
U132,P167,0.5
U132,P170,3.0
U132,P173,30.0
U132,P180,5.0
U132,P2,3.0
U132,P206,3.0
U132,P207,30.0
U132,P240,0.5
U132,P244,3.0
U132,P259,0.5
U132,P283,3.0
U132,P311,5.0
U132,P315,0.5
U132,P330,30.0
U132,P342,3.0
U132,P432,3.0
U132,P443,3.0
U132,P447,0.5
U132,P451,3.0
U132,P463,0.5
U132,P471,30.0
U132,P474,5.0
U132,P503,35.5
U132,P521,30.0
U132,P55,5.0
U132,P550,30.0
U132,P575,30.0
U132,P583,5.0
U132,P65,3.0
U132,P79,30.0
U132,P98,3.0
U133,P136,3.0
U133,P173,30.5
U133,P176,1.0
U133,P180,30.0
U133,P185,30.0
U133,P190,3.0
U133,P191,0.5
U133,P244,5.0
U133,P259,3.0
U133,P28,33.0
U133,P296,0.5
U133,P303,30.0
U133,P313,5.0
U133,P34,6.5
U133,P35,3.0
U133,P353,0.5
U133,P354,5.0
U133,P372,0.5
U133,P385,5.0
U133,P387,3.0
U133,P396,3.0
U133,P415,30.0
U133,P417,13.0
U133,P42,11.0
U133,P422,35.0
U133,P439,33.0
U133,P443,5.0
U133,P47,5.0
U133,P479,5.0
U133,P483,3.5
U133,P49,3.0
U133,P52,30.0
U133,P540,9.0
U133,P550,5.5
U133,P595,3.0
U133,P599,3.0
U133,P619,3.0
U133,P621,30.0
U133,P627,0.5
U133,P648,3.0
U133,P69,30.5
U133,P7,5.0
U133,P80,0.5
U134,P136,4.0
U134,P17,3.5
U134,P170,6.0
U134,P190,0.5
U134,P198,0.5
U134,P238,0.5
U134,P28,5.0
U134,P303,5.0
U134,P318,30.0
U134,P325,5.0
U134,P338,3.0
U134,P34,0.5
U134,P372,5.0
U134,P376,0.5
U134,P396,8.0
U134,P4,0.5
U134,P44,0.5
U134,P443,5.0
U134,P458,0.5
U134,P470,5.0
U134,P477,30.0
U134,P479,3.5
U134,P511,30.0
U134,P52,3.5
U134,P540,5.0
U134,P584,0.5
U134,P615,0.5
U134,P627,0.5
U134,P648,35.0
U134,P68,0.5
U134,P69,3.0
U134,P79,0.5
U134,P92,0.5
U135,P103,3.0
U135,P13,8.0
U135,P136,3.5
U135,P141,30.0
U135,P176,3.5
U135,P190,3.5
U135,P198,6.0
U135,P210,0.5
U135,P228,0.5
U135,P244,3.0
U135,P247,0.5
U135,P251,0.5
U135,P274,3.0
U135,P278,0.5
U135,P28,6.0
U135,P292,3.0
U135,P297,8.5
U135,P335,3.0
U135,P353,60.0
U135,P362,5.0
U135,P375,30.0
U135,P378,3.0
U135,P400,30.0
U135,P415,5.5
U135,P417,30.5
U135,P425,30.0
U135,P447,5.0
U135,P471,3.0
U135,P492,0.5
U135,P511,0.5
U135,P52,0.5
U135,P540,0.5
U135,P556,30.0
U135,P576,3.0
U135,P599,5.0
U135,P609,0.5
U135,P61,0.5
U135,P621,0.5
U135,P632,5.0
U135,P636,3.0
U135,P639,3.5
U135,P648,0.5
U135,P69,3.5
U135,P72,5.0
U135,P76,0.5
U135,P81,30.0
U137,P107,0.5
U137,P122,30.0
U137,P124,8.0
U137,P140,33.0
U137,P161,3.0
U137,P173,3.0
U137,P206,0.5
U137,P208,3.0
U137,P232,10.0
U137,P258,5.0
U137,P259,3.0
U137,P278,3.0
U137,P28,3.0
U137,P286,5.0
U137,P3,3.0
U137,P303,5.0
U137,P306,3.0
U137,P321,0.5
U137,P34,5.0
U137,P353,3.0
U137,P354,0.5
U137,P379,30.0
U137,P387,3.0
U137,P39,5.0
U137,P395,3.0
U137,P412,30.0
U137,P417,5.0
U137,P422,30.0
U137,P443,8.5
U137,P447,3.0
U137,P451,5.0
U137,P479,30.0
U137,P480,0.5
U137,P503,30.0
U137,P521,0.5
U137,P530,0.5
U137,P567,8.5
U137,P572,60.0
U137,P61,0.5
U137,P612,3.0
U137,P623,38.0
U137,P632,30.0
U137,P641,3.0
U137,P645,3.0
U137,P648,8.5
U137,P73,3.0
U137,P92,30.0
U138,P107,5.0
U138,P141,0.5
U138,P169,0.5
U138,P170,4.0
U138,P173,8.0
U138,P176,60.0
U138,P190,5.5
U138,P193,0.5
U138,P238,5.0
U138,P244,0.5
U138,P28,3.5
U138,P34,3.0
U138,P353,0.5
U138,P354,0.5
U138,P372,8.5
U138,P382,0.5
U138,P415,0.5
U138,P49,3.0
U138,P509,30.0
U138,P540,5.5
U138,P567,5.0
U138,P578,30.0
U138,P632,0.5
U138,P644,0.5
U138,P648,6.0
U138,P69,5.0
U139,P107,30.0
U139,P140,5.0
U139,P185,0.5
U139,P198,30.0
U139,P2,3.0
U139,P217,0.5
U139,P240,3.0
U139,P244,0.5
U139,P278,3.0
U139,P303,3.0
U139,P339,3.0
U139,P354,5.0
U139,P379,5.0
U139,P387,3.0
U139,P396,3.5
U139,P399,0.5
U139,P432,3.5
U139,P443,0.5
U139,P49,0.5
U139,P499,30.0
U139,P511,30.0
U139,P550,30.0
U139,P576,30.0
U139,P645,33.0
U139,P80,30.0
U139,P98,0.5
U140,P122,5.5
U140,P13,30.0
U140,P149,8.5
U140,P161,30.5
U140,P166,30.0
U140,P167,30.0
U140,P206,30.0
U140,P207,33.0
U140,P208,3.5
U140,P212,3.0
U140,P224,3.0
U140,P229,3.0
U140,P232,5.0
U140,P240,30.0
U140,P255,1.0
U140,P261,5.0
U140,P283,30.0
U140,P286,5.0
U140,P321,5.0
U140,P339,5.0
U140,P378,3.0
U140,P379,30.5
U140,P396,3.0
U140,P434,3.0
U140,P447,0.5
U140,P451,8.0
U140,P462,3.0
U140,P505,0.5
U140,P530,9.0
U140,P567,3.0
U140,P576,30.0
U140,P615,8.0
U140,P623,3.0
U140,P645,0.5
U140,P92,5.5
U141,P141,30.0
U141,P149,30.5
U141,P167,5.0
U141,P17,30.5
U141,P170,33.5
U141,P180,30.0
U141,P185,0.5
U141,P190,5.5
U141,P198,5.0
U141,P207,0.5
U141,P242,3.0
U141,P259,30.5
U141,P303,0.5
U141,P34,3.0
U141,P354,0.5
U141,P362,5.5
U141,P396,0.5
U141,P422,3.5
U141,P451,0.5
U141,P482,30.0
U141,P575,1.0
U141,P589,3.0
U141,P61,3.0
U141,P81,6.5
U141,P98,0.5
U142,P166,30.0
U142,P170,3.0
U142,P207,5.0
U142,P217,3.0
U142,P241,3.0
U142,P243,3.0
U142,P251,3.0
U142,P259,3.5
U142,P261,5.0
U142,P278,3.0
U142,P295,3.0
U142,P303,5.0
U142,P315,6.0
U142,P323,30.0
U142,P339,0.5
U142,P354,0.5
U142,P378,0.5
U142,P380,30.0
U142,P417,5.0
U142,P420,0.5
U142,P471,8.0
U142,P483,30.0
U142,P499,5.0
U142,P511,0.5
U142,P550,0.5
U142,P607,5.0
U142,P625,3.0
U142,P68,3.5
U144,P103,0.5
U144,P141,3.0
U144,P144,0.5
U144,P149,0.5
U144,P167,3.0
U144,P174,0.5
U144,P180,30.0
U144,P185,0.5
U144,P198,3.5
U144,P2,3.0
U144,P208,3.0
U144,P217,5.0
U144,P232,1.0
U144,P25,0.5
U144,P28,0.5
U144,P292,3.0
U144,P321,1.0
U144,P396,3.0
U144,P405,5.0
U144,P43,30.0
U144,P443,3.0
U144,P447,33.5
U144,P49,5.0
U144,P490,30.0
U144,P503,30.0
U144,P52,3.5
U144,P530,3.5
U144,P543,3.0
U144,P557,0.5
U144,P56,30.0
U144,P575,3.0
U144,P589,0.5
U144,P61,5.0
U144,P615,3.0
U144,P619,3.0
U144,P623,0.5
U144,P639,3.0
U144,P68,0.5
U144,P69,0.5
U144,P79,0.5
U144,P92,5.0
U147,P1,3.0
U147,P103,5.0
U147,P124,30.0
U147,P140,3.0
U147,P162,0.5
U147,P164,0.5
U147,P166,30.0
U147,P174,0.5
U147,P190,0.5
U147,P198,3.5
U147,P207,0.5
U147,P247,0.5
U147,P286,0.5
U147,P3,30.0
U147,P339,0.5
U147,P35,0.5
U147,P353,70.0
U147,P362,3.0
U147,P378,3.0
U147,P379,30.0
U147,P382,0.5
U147,P41,35.0
U147,P417,0.5
U147,P422,3.0
U147,P477,30.0
U147,P503,30.0
U147,P530,30.0
U147,P543,0.5
U147,P567,30.0
U147,P572,0.5
U147,P576,5.0
U147,P583,1.0
U147,P589,3.0
U147,P621,30.0
U147,P623,0.5
U147,P639,3.0
U147,P642,0.5
U147,P645,30.0
U147,P648,33.0
U148,P124,30.0
U148,P134,5.0
U148,P140,5.0
U148,P161,3.0
U148,P174,5.0
U148,P206,0.5
U148,P207,30.0
U148,P232,5.0
U148,P247,5.0
U148,P261,30.0
U148,P321,1.0
U148,P339,3.0
U148,P351,5.0
U148,P367,3.0
U148,P37,5.0
U148,P379,3.0
U148,P391,5.0
U148,P403,3.0
U148,P428,30.0
U148,P572,5.0
U148,P576,0.5
U148,P623,30.0
U148,P632,3.0
U148,P645,3.0
U148,P92,31.0
U15,P107,30.5
U15,P122,0.5
U15,P166,0.5
U15,P176,3.0
U15,P297,3.0
U15,P303,3.5
U15,P34,3.0
U15,P349,3.0
U15,P372,5.0
U15,P387,5.0
U15,P417,30.0
U15,P42,30.0
U15,P422,30.0
U15,P439,5.0
U15,P446,30.0
U15,P512,5.0
U15,P517,30.0
U15,P52,3.0
U15,P540,5.0
U15,P599,0.5
U15,P61,0.5
U15,P615,5.0
U15,P619,5.0
U15,P627,3.0
U15,P69,3.0
U15,P92,3.0
U15,P96,0.5
U150,P107,30.0
U150,P142,0.5
U150,P161,0.5
U150,P166,5.0
U150,P170,30.0
U150,P174,3.5
U150,P190,5.0
U150,P28,30.0
U150,P280,3.0
U150,P345,3.0
U150,P354,0.5
U150,P362,30.0
U150,P372,31.0
U150,P387,30.0
U150,P396,1.0
U150,P417,0.5
U150,P435,5.0
U150,P471,30.0
U150,P479,60.5
U150,P487,0.5
U150,P52,36.0
U150,P540,5.5
U150,P576,0.5
U150,P621,30.0
U150,P628,3.0
U150,P69,3.0
U150,P92,30.0
U150,P98,5.0
U151,P124,5.0
U151,P149,6.0
U151,P152,3.0
U151,P166,3.5
U151,P167,30.0
U151,P170,3.0
U151,P206,8.5
U151,P207,3.0
U151,P232,35.5
U151,P240,5.0
U151,P255,0.5
U151,P261,0.5
U151,P281,3.5
U151,P291,30.0
U151,P305,0.5
U151,P321,0.5
U151,P362,5.0
U151,P379,6.5
U151,P435,3.0
U151,P451,10.5
U151,P477,0.5
U151,P55,5.0
U151,P576,5.0
U151,P591,3.0
U151,P592,0.5
U151,P615,3.0
U151,P620,3.0
U151,P623,33.0
U151,P632,0.5
U151,P645,0.5
U151,P649,5.0
U151,P9,5.0
U151,P92,1.0
U152,P103,30.0
U152,P107,3.0
U152,P115,30.0
U152,P136,3.0
U152,P141,35.0
U152,P167,38.5
U152,P180,5.0
U152,P198,0.5
U152,P207,3.0
U152,P208,3.0
U152,P217,0.5
U152,P240,3.5
U152,P259,0.5
U152,P265,3.0
U152,P278,3.0
U152,P303,3.0
U152,P318,30.0
U152,P339,5.0
U152,P362,35.0
U152,P392,3.0
U152,P396,30.0
U152,P416,0.5
U152,P429,30.0
U152,P432,30.0
U152,P471,3.0
U152,P49,30.0
U152,P511,30.0
U152,P53,0.5
U152,P530,3.0
U152,P531,3.0
U153,P13,30.0
U153,P140,3.0
U153,P149,30.5
U153,P158,5.0
U153,P161,11.0
U153,P174,0.5
U153,P198,30.0
U153,P237,5.0
U153,P286,40.0
U153,P325,3.0
U153,P336,3.0
U153,P340,30.0
U153,P353,3.0
U153,P379,30.0
U153,P417,3.0
U153,P447,0.5
U153,P451,0.5
U153,P503,0.5
U153,P543,30.0
U153,P55,33.0
U153,P567,3.0
U153,P572,3.5
U153,P576,3.5
U153,P583,0.5
U153,P613,5.0
U153,P615,0.5
U153,P621,0.5
U153,P632,3.0
U153,P639,5.0
U153,P68,0.5
U153,P79,3.0
U153,P81,0.5
U154,P122,0.5
U154,P124,5.0
U154,P140,30.0
U154,P161,36.5
U154,P166,3.0
U154,P17,8.5
U154,P196,5.0
U154,P198,30.0
U154,P207,38.0
U154,P208,30.0
U154,P224,5.0
U154,P238,0.5
U154,P244,3.0
U154,P247,0.5
U154,P255,6.0
U154,P26,5.0
U154,P261,3.0
U154,P286,3.0
U154,P293,5.5
U154,P367,3.0
U154,P370,30.0
U154,P378,0.5
U154,P379,0.5
U154,P394,0.5
U154,P41,30.0
U154,P447,3.0
U154,P451,30.0
U154,P488,30.0
U154,P49,33.5
U154,P521,0.5
U154,P530,4.0
U154,P55,30.0
U154,P567,30.0
U154,P583,0.5
U154,P615,5.0
U154,P623,3.0
U154,P632,5.0
U154,P638,0.5
U154,P639,0.5
U154,P645,0.5
U154,P68,3.0
U154,P77,30.0
U155,P110,3.0
U155,P122,30.0
U155,P140,30.0
U155,P142,5.0
U155,P160,0.5
U155,P161,30.0
U155,P174,30.5
U155,P176,3.0
U155,P206,1.0
U155,P207,0.5
U155,P208,30.0
U155,P226,0.5
U155,P229,8.0
U155,P232,0.5
U155,P240,0.5
U155,P247,10.0
U155,P259,0.5
U155,P261,33.0
U155,P278,3.0
U155,P297,3.0
U155,P3,35.0
U155,P311,30.0
U155,P321,30.5
U155,P339,5.5
U155,P354,0.5
U155,P379,3.0
U155,P405,5.0
U155,P41,36.0
U155,P417,3.0
U155,P434,0.5
U155,P451,3.0
U155,P471,5.0
U155,P495,30.0
U155,P503,3.0
U155,P52,0.5
U155,P530,3.5
U155,P540,0.5
U155,P55,63.0
U155,P567,30.5
U155,P615,0.5
U155,P623,30.5
U156,P129,0.5
U156,P13,3.0
U156,P136,5.5
U156,P149,0.5
U156,P166,5.0
U156,P167,3.0
U156,P180,5.5
U156,P185,30.0
U156,P190,3.0
U156,P196,5.0
U156,P207,3.0
U156,P208,30.0
U156,P217,0.5
U156,P240,3.0
U156,P241,3.0
U156,P243,0.5
U156,P244,5.0
U156,P259,30.0
U156,P28,0.5
U156,P286,3.0
U156,P303,3.5
U156,P337,3.0
U156,P362,0.5
U156,P372,3.0
U156,P373,0.5
U156,P378,5.0
U156,P392,0.5
U156,P422,5.0
U156,P432,3.0
U156,P472,0.5
U156,P499,3.0
U156,P50,3.0
U156,P506,3.0
U156,P55,30.0
U156,P567,0.5
U156,P575,3.0
U156,P576,5.0
U156,P583,3.0
U156,P588,5.0
U156,P61,3.5
U156,P627,3.0
U156,P638,5.0
U156,P648,3.0
U156,P79,3.0
U156,P81,3.0
U156,P92,5.0
U156,P98,0.5
U157,P101,30.0
U157,P103,0.5
U157,P138,3.0
U157,P167,0.5
U157,P17,1.0
U157,P180,3.0
U157,P185,8.0
U157,P198,30.0
U157,P2,5.0
U157,P217,3.0
U157,P244,5.5
U157,P259,30.0
U157,P278,35.0
U157,P303,60.0
U157,P316,5.0
U157,P318,0.5
U157,P327,30.5
U157,P33,3.0
U157,P378,0.5
U157,P385,3.0
U157,P387,33.0
U157,P396,0.5
U157,P415,1.0
U157,P430,30.5
U157,P443,41.0
U157,P482,5.0
U157,P511,0.5
U157,P536,30.0
U157,P550,1.0
U157,P552,5.0
U157,P600,6.0
U157,P613,30.0
U157,P68,3.0
U157,P7,3.5
U157,P79,3.0
U157,P81,63.0
U157,P98,5.0
U158,P122,3.0
U158,P140,3.0
U158,P168,3.0
U158,P206,3.0
U158,P207,35.0
U158,P208,5.5
U158,P232,33.0
U158,P255,0.5
U158,P286,3.5
U158,P300,0.5
U158,P31,30.0
U158,P321,30.0
U158,P339,0.5
U158,P397,30.0
U158,P403,30.0
U158,P424,30.0
U158,P435,3.0
U158,P451,31.0
U158,P469,3.0
U158,P530,3.5
U158,P572,0.5
U158,P576,0.5
U158,P583,0.5
U158,P615,0.5
U158,P92,30.5
U159,P103,33.0
U159,P107,3.5
U159,P122,5.0
U159,P136,0.5
U159,P152,3.0
U159,P166,0.5
U159,P178,30.0
U159,P180,30.5
U159,P198,5.0
U159,P2,0.5
U159,P203,0.5
U159,P217,3.0
U159,P234,30.0
U159,P240,30.0
U159,P243,0.5
U159,P244,0.5
U159,P278,0.5
U159,P296,3.0
U159,P297,3.0
U159,P30,3.0
U159,P303,5.0
U159,P32,30.0
U159,P353,0.5
U159,P378,10.5
U159,P396,3.0
U159,P415,30.0
U159,P42,0.5
U159,P422,6.0
U159,P424,0.5
U159,P49,3.5
U159,P575,33.0
U159,P59,3.0
U159,P61,0.5
U159,P615,5.0
U159,P621,0.5
U159,P627,3.0
U159,P69,3.0
U159,P78,0.5
U159,P79,0.5
U159,P98,3.0
U16,P122,30.0
U16,P124,0.5
U16,P135,0.5
U16,P136,3.0
U16,P140,1.0
U16,P152,30.0
U16,P166,4.0
U16,P168,0.5
U16,P17,30.0
U16,P185,5.0
U16,P198,5.0
U16,P207,70.0
U16,P208,8.0
U16,P240,3.5
U16,P247,4.0
U16,P255,6.0
U16,P261,0.5
U16,P286,3.0
U16,P302,3.0
U16,P321,0.5
U16,P326,3.0
U16,P379,0.5
U16,P382,3.0
U16,P403,30.0
U16,P41,1.0
U16,P427,30.0
U16,P428,0.5
U16,P442,30.0
U16,P451,0.5
U16,P472,3.0
U16,P479,3.5
U16,P498,30.0
U16,P503,0.5
U16,P530,0.5
U16,P567,1.0
U16,P572,3.0
U16,P583,0.5
U16,P615,0.5
U16,P627,5.0
U16,P631,3.0
U16,P632,0.5
U16,P644,0.5
U16,P645,0.5
U16,P68,0.5
U16,P69,0.5
U16,P92,30.0
U160,P155,3.0
U160,P166,0.5
U160,P176,0.5
U160,P190,3.5
U160,P217,30.0
U160,P243,30.0
U160,P259,3.0
U160,P261,5.0
U160,P265,0.5
U160,P278,5.0
U160,P339,3.0
U160,P353,30.0
U160,P354,3.0
U160,P362,3.0
U160,P370,0.5
U160,P372,0.5
U160,P42,3.5
U160,P481,30.0
U160,P530,0.5
U160,P540,0.5
U160,P553,0.5
U160,P606,5.0
U160,P615,5.0
U160,P623,0.5
U160,P627,6.0
U160,P636,3.0
U160,P79,0.5
U160,P92,0.5
U162,P103,30.0
U162,P117,3.0
U162,P128,0.5
U162,P17,5.0
U162,P18,5.0
U162,P180,0.5
U162,P185,8.0
U162,P198,5.0
U162,P241,0.5
U162,P243,5.5
U162,P244,0.5
U162,P259,3.0
U162,P303,10.0
U162,P316,5.0
U162,P360,0.5
U162,P471,0.5
U162,P484,0.5
U162,P511,3.0
U162,P54,3.0
U162,P61,5.0
U162,P78,5.0
U162,P98,5.0
U166,P118,5.0
U166,P136,33.0
U166,P170,0.5
U166,P217,3.0
U166,P259,0.5
U166,P298,5.0
U166,P318,30.0
U166,P362,5.0
U166,P387,0.5
U166,P443,6.0
U166,P471,3.0
U166,P49,6.0
U166,P525,30.0
U166,P553,5.0
U166,P59,5.0
U166,P98,30.0
U167,P103,5.5
U167,P124,5.0
U167,P13,8.0
U167,P135,30.0
U167,P136,1.0
U167,P140,30.5
U167,P149,0.5
U167,P161,0.5
U167,P174,3.0
U167,P180,60.0
U167,P182,5.0
U167,P206,0.5
U167,P207,5.0
U167,P208,0.5
U167,P213,5.0
U167,P232,3.0
U167,P244,5.0
U167,P255,0.5
U167,P321,0.5
U167,P379,5.0
U167,P394,3.0
U167,P447,3.0
U167,P457,5.0
U167,P485,0.5
U167,P503,0.5
U167,P518,30.0
U167,P567,60.0
U167,P572,5.0
U167,P574,8.0
U167,P583,10.0
U167,P615,30.0
U167,P623,30.5
U167,P649,0.5
U168,P122,8.0
U168,P136,0.5
U168,P166,10.5
U168,P185,35.0
U168,P206,30.0
U168,P207,33.0
U168,P208,0.5
U168,P240,35.5
U168,P244,0.5
U168,P255,0.5
U168,P258,3.0
U168,P32,5.0
U168,P339,0.5
U168,P379,0.5
U168,P381,3.0
U168,P396,0.5
U168,P451,3.0
U168,P485,30.0
U168,P49,0.5
U168,P491,30.0
U168,P503,3.0
U168,P623,30.0
U168,P68,3.0
U17,P107,5.0
U17,P138,5.0
U17,P141,3.0
U17,P166,30.0
U17,P167,30.0
U17,P17,5.0
U17,P203,30.0
U17,P207,30.0
U17,P232,3.0
U17,P241,3.0
U17,P259,30.0
U17,P261,30.0
U17,P278,5.0
U17,P297,3.0
U17,P303,3.5
U17,P309,0.5
U17,P339,3.0
U17,P34,3.0
U17,P354,0.5
U17,P378,3.0
U17,P387,60.0
U17,P415,0.5
U17,P417,3.0
U17,P422,3.0
U17,P432,30.5
U17,P49,5.0
U17,P503,3.0
U17,P52,3.0
U17,P550,8.0
U17,P558,0.5
U17,P61,30.0
U17,P613,3.0
U17,P621,30.0
U17,P622,5.0
U17,P627,30.0
U17,P68,30.0
U170,P122,3.0
U170,P150,3.0
U170,P166,5.0
U170,P167,3.0
U170,P176,3.0
U170,P185,3.0
U170,P2,0.5
U170,P208,5.0
U170,P223,3.0
U170,P241,5.0
U170,P272,3.0
U170,P297,8.0
U170,P303,5.0
U170,P34,3.0
U170,P362,5.0
U170,P372,0.5
U170,P378,3.0
U170,P396,35.0
U170,P415,35.0
U170,P420,5.0
U170,P422,30.5
U170,P451,30.0
U170,P464,5.0
U170,P52,5.0
U170,P540,0.5
U170,P621,35.0
U170,P623,0.5
U170,P636,30.0
U170,P644,0.5
U170,P648,35.0
U170,P92,6.0
U170,P98,3.0
U171,P103,0.5
U171,P107,8.0
U171,P124,3.0
U171,P139,5.0
U171,P140,6.0
U171,P149,30.0
U171,P173,3.0
U171,P185,8.5
U171,P187,3.0
U171,P198,5.0
U171,P208,0.5
U171,P224,3.0
U171,P231,30.0
U171,P241,3.0
U171,P244,5.0
U171,P255,30.0
U171,P259,35.0
U171,P315,46.0
U171,P354,3.5
U171,P362,5.0
U171,P378,3.5
U171,P396,0.5
U171,P41,0.5
U171,P432,30.0
U171,P443,3.0
U171,P471,3.0
U171,P49,3.5
U171,P497,30.0
U171,P51,0.5
U171,P525,0.5
U171,P550,0.5
U171,P572,5.5
U171,P576,0.5
U171,P578,0.5
U171,P61,30.5
U171,P625,5.0
U171,P71,3.0
U171,P79,0.5
U171,P84,3.0
U171,P98,30.0
U172,P107,30.0
U172,P118,3.0
U172,P122,0.5
U172,P149,3.0
U172,P17,3.0
U172,P170,0.5
U172,P190,3.5
U172,P2,3.0
U172,P208,3.0
U172,P217,0.5
U172,P232,3.0
U172,P238,30.0
U172,P241,0.5
U172,P243,0.5
U172,P259,35.0
U172,P263,0.5
U172,P292,3.0
U172,P297,6.0
U172,P303,3.0
U172,P325,3.0
U172,P34,3.0
U172,P35,5.0
U172,P353,6.0
U172,P354,43.0
U172,P417,30.5
U172,P42,5.0
U172,P422,30.0
U172,P425,3.0
U172,P43,0.5
U172,P432,0.5
U172,P479,0.5
U172,P49,0.5
U172,P511,6.0
U172,P519,0.5
U172,P52,0.5
U172,P540,0.5
U172,P555,0.5
U172,P556,3.0
U172,P575,30.0
U172,P61,30.0
U172,P627,30.0
U172,P69,30.0
U172,P94,5.0
U174,P107,15.5
U174,P108,5.0
U174,P109,5.0
U174,P140,5.0
U174,P17,3.0
U174,P170,5.0
U174,P173,3.0
U174,P190,0.5
U174,P195,0.5
U174,P197,0.5
U174,P198,3.0
U174,P206,0.5
U174,P231,3.0
U174,P232,3.0
U174,P241,0.5
U174,P247,30.0
U174,P259,35.5
U174,P261,3.0
U174,P28,0.5
U174,P296,5.0
U174,P298,30.0
U174,P309,3.0
U174,P325,0.5
U174,P34,30.0
U174,P353,8.0
U174,P369,5.0
U174,P42,15.0
U174,P439,30.0
U174,P447,0.5
U174,P471,3.0
U174,P479,3.0
U174,P505,30.0
U174,P540,30.0
U174,P544,0.5
U174,P550,8.0
U174,P575,0.5
U174,P644,0.5
U174,P69,39.0
U175,P136,3.0
U175,P170,10.0
U175,P180,5.0
U175,P185,30.0
U175,P198,3.0
U175,P238,5.0
U175,P241,0.5
U175,P286,3.0
U175,P315,0.5
U175,P344,30.0
U175,P354,5.0
U175,P359,0.5
U175,P362,5.0
U175,P367,5.0
U175,P375,3.0
U175,P41,3.0
U175,P430,0.5
U175,P49,0.5
U175,P525,3.0
U175,P550,0.5
U175,P558,0.5
U175,P68,0.5
U175,P98,30.0
U176,P107,3.0
U176,P140,30.0
U176,P149,0.5
U176,P173,3.0
U176,P182,30.0
U176,P208,30.0
U176,P217,38.0
U176,P22,30.0
U176,P226,0.5
U176,P278,0.5
U176,P294,3.0
U176,P297,30.0
U176,P303,3.0
U176,P309,3.0
U176,P320,0.5
U176,P325,30.0
U176,P34,6.0
U176,P353,30.0
U176,P372,30.0
U176,P415,5.0
U176,P417,0.5
U176,P432,5.5
U176,P447,5.0
U176,P505,3.0
U176,P55,3.0
U176,P575,0.5
U176,P576,0.5
U176,P61,1.0
U176,P615,3.0
U176,P632,0.5
U176,P639,5.0
U176,P645,30.0
U176,P648,3.0
U176,P73,3.0
U176,P92,5.0
U179,P104,30.0
U179,P118,3.0
U179,P127,0.5
U179,P139,5.0
U179,P155,3.0
U179,P167,3.0
U179,P17,0.5
U179,P170,65.5
U179,P185,3.0
U179,P2,30.0
U179,P209,3.0
U179,P217,5.5
U179,P221,3.0
U179,P224,3.0
U179,P232,0.5
U179,P238,0.5
U179,P244,0.5
U179,P250,5.0
U179,P254,0.5
U179,P259,3.0
U179,P278,38.0
U179,P286,30.0
U179,P303,5.5
U179,P312,3.0
U179,P315,36.0
U179,P321,30.0
U179,P339,0.5
U179,P348,5.0
U179,P362,30.0
U179,P370,5.0
U179,P379,3.0
U179,P423,5.0
U179,P428,0.5
U179,P443,0.5
U179,P451,30.0
U179,P471,0.5
U179,P507,5.0
U179,P519,5.0
U179,P525,30.0
U179,P548,0.5
U179,P550,30.0
U179,P567,5.0
U179,P575,30.5
U179,P576,3.0
U179,P583,30.0
U179,P61,11.0
U179,P611,0.5
U179,P623,30.0
U179,P632,5.0
U179,P68,33.5
U179,P79,0.5
U179,P81,0.5
U179,P98,3.0
U18,P124,3.0
U18,P136,30.0
U18,P147,5.0
U18,P149,0.5
U18,P17,6.0
U18,P173,3.0
U18,P176,8.0
U18,P180,0.5
U18,P2,3.0
U18,P207,5.0
U18,P240,0.5
U18,P243,0.5
U18,P259,36.0
U18,P263,3.0
U18,P28,3.0
U18,P296,5.0
U18,P297,0.5
U18,P303,5.0
U18,P310,5.0
U18,P315,0.5
U18,P353,3.5
U18,P354,30.5
U18,P362,3.0
U18,P372,30.0
U18,P380,0.5
U18,P387,5.0
U18,P404,5.0
U18,P42,5.0
U18,P422,0.5
U18,P443,8.0
U18,P471,3.0
U18,P486,30.0
U18,P496,30.0
U18,P497,5.0
U18,P51,3.0
U18,P536,3.0
U18,P540,60.5
U18,P550,30.0
U18,P576,0.5
U18,P609,30.0
U18,P615,30.0
U18,P621,5.0
U18,P634,5.0
U18,P643,0.5
U18,P645,30.0
U18,P648,3.5
U18,P69,0.5
U18,P80,3.0
U180,P13,5.5
U180,P134,30.0
U180,P140,0.5
U180,P160,0.5
U180,P206,3.0
U180,P208,0.5
U180,P220,0.5
U180,P232,5.0
U180,P240,5.0
U180,P247,1.0
U180,P261,30.0
U180,P321,0.5
U180,P379,5.0
U180,P41,38.5
U180,P423,5.0
U180,P503,0.5
U180,P576,3.0
U180,P604,5.0
U180,P623,0.5
U180,P645,0.5
U180,P92,0.5
U181,P1,0.5
U181,P121,3.0
U181,P173,43.0
U181,P176,5.0
U181,P185,30.0
U181,P2,3.5
U181,P221,3.0
U181,P241,3.0
U181,P259,0.5
U181,P286,0.5
U181,P298,5.0
U181,P303,4.5
U181,P321,3.5
U181,P353,30.0
U181,P354,33.0
U181,P355,3.0
U181,P390,3.0
U181,P415,3.5
U181,P416,3.0
U181,P417,35.0
U181,P42,0.5
U181,P420,5.0
U181,P422,30.0
U181,P432,30.0
U181,P443,3.0
U181,P446,5.0
U181,P52,0.5
U181,P536,3.0
U181,P540,5.0
U181,P55,6.5
U181,P567,30.0
U181,P572,30.5
U181,P61,34.5
U181,P621,30.0
U181,P625,3.0
U181,P627,3.0
U181,P648,0.5
U181,P66,3.0
U181,P68,5.0
U182,P173,0.5
U182,P185,1.0
U182,P198,30.0
U182,P2,30.0
U182,P209,5.0
U182,P217,30.0
U182,P22,3.0
U182,P243,35.0
U182,P274,5.0
U182,P278,3.0
U182,P303,3.0
U182,P315,3.0
U182,P354,3.0
U182,P371,5.0
U182,P378,5.0
U182,P387,3.0
U182,P396,3.5
U182,P401,3.0
U182,P422,0.5
U182,P443,30.0
U182,P471,0.5
U182,P48,5.0
U182,P621,3.0
U182,P625,0.5
U182,P81,3.0
U182,P98,0.5
U184,P103,0.5
U184,P107,3.5
U184,P167,3.5
U184,P17,3.0
U184,P170,33.0
U184,P173,0.5
U184,P178,0.5
U184,P180,0.5
U184,P198,35.0
U184,P2,11.5
U184,P238,3.0
U184,P241,3.0
U184,P247,5.0
U184,P259,33.5
U184,P26,0.5
U184,P278,3.0
U184,P303,8.0
U184,P322,30.0
U184,P367,3.0
U184,P374,3.0
U184,P381,3.0
U184,P387,31.0
U184,P432,5.0
U184,P440,3.0
U184,P443,35.0
U184,P471,5.5
U184,P49,10.0
U184,P511,3.0
U184,P550,5.5
U184,P552,3.0
U184,P557,0.5
U184,P575,3.0
U184,P600,0.5
U184,P61,30.0
U184,P647,5.0
U184,P68,5.5
U184,P79,3.0
U184,P81,6.0
U184,P98,0.5
U185,P17,0.5
U185,P173,5.0
U185,P174,5.0
U185,P176,3.0
U185,P180,5.5
U185,P198,5.0
U185,P238,30.0
U185,P312,30.0
U185,P315,0.5
U185,P321,3.0
U185,P372,1.0
U185,P41,0.5
U185,P417,3.0
U185,P42,5.0
U185,P422,0.5
U185,P429,0.5
U185,P430,5.0
U185,P471,5.0
U185,P515,3.0
U185,P55,3.0
U185,P583,0.5
U185,P607,30.0
U185,P627,3.5
U185,P69,0.5
U185,P79,0.5
U186,P103,33.0
U186,P117,0.5
U186,P124,0.5
U186,P140,0.5
U186,P141,0.5
U186,P142,5.0
U186,P161,60.0
U186,P166,3.0
U186,P17,3.5
U186,P2,0.5
U186,P207,5.0
U186,P232,6.0
U186,P244,5.5
U186,P247,6.0
U186,P25,30.0
U186,P250,30.0
U186,P259,0.5
U186,P261,30.5
U186,P28,3.0
U186,P281,3.0
U186,P286,3.0
U186,P321,30.5
U186,P339,3.0
U186,P362,3.0
U186,P372,3.0
U186,P378,3.0
U186,P397,0.5
U186,P415,0.5
U186,P416,3.0
U186,P451,30.0
U186,P49,0.5
U186,P495,30.0
U186,P498,0.5
U186,P518,3.0
U186,P530,3.0
U186,P544,5.0
U186,P575,30.0
U186,P576,5.0
U186,P578,3.0
U186,P590,0.5
U186,P627,30.0
U186,P639,1.0
U186,P68,0.5
U186,P79,5.0
U186,P92,3.5
U186,P98,0.5
U187,P107,3.0
U187,P129,5.0
U187,P136,3.0
U187,P15,5.0
U187,P158,0.5
U187,P166,3.0
U187,P176,8.0
U187,P2,0.5
U187,P206,0.5
U187,P217,5.0
U187,P22,5.0
U187,P240,3.0
U187,P244,60.0
U187,P247,0.5
U187,P261,5.0
U187,P278,3.0
U187,P28,6.0
U187,P283,5.0
U187,P296,5.0
U187,P309,3.0
U187,P313,30.0
U187,P315,5.0
U187,P320,5.0
U187,P34,3.0
U187,P353,3.0
U187,P363,0.5
U187,P378,0.5
U187,P395,5.0
U187,P415,6.0
U187,P42,5.5
U187,P422,3.0
U187,P451,3.0
U187,P483,5.0
U187,P49,3.0
U187,P511,30.0
U187,P519,3.0
U187,P52,10.5
U187,P567,0.5
U187,P575,6.5
U187,P588,30.0
U187,P597,0.5
U187,P61,0.5
U187,P623,0.5
U187,P627,40.0
U187,P639,3.5
U187,P69,0.5
U187,P71,3.0
U187,P72,0.5
U187,P89,30.0
U187,P92,0.5
U189,P1,0.5
U189,P10,0.5
U189,P103,5.0
U189,P107,35.0
U189,P117,3.0
U189,P136,33.0
U189,P141,30.0
U189,P143,3.0
U189,P167,30.0
U189,P173,3.5
U189,P176,33.0
U189,P179,30.0
U189,P180,3.0
U189,P185,4.0
U189,P2,5.0
U189,P217,5.5
U189,P230,0.5
U189,P241,30.0
U189,P243,30.5
U189,P244,3.0
U189,P254,0.5
U189,P278,3.5
U189,P28,3.0
U189,P297,1.0
U189,P303,6.5
U189,P313,5.0
U189,P335,0.5
U189,P339,0.5
U189,P34,0.5
U189,P343,3.0
U189,P349,0.5
U189,P353,30.0
U189,P362,0.5
U189,P417,3.0
U189,P42,0.5
U189,P432,0.5
U189,P471,30.0
U189,P503,5.0
U189,P509,3.0
U189,P531,5.0
U189,P540,11.0
U189,P550,36.0
U189,P61,0.5
U189,P611,0.5
U189,P648,3.0
U189,P68,33.0
U189,P69,0.5
U189,P80,3.0
U189,P81,5.0
U192,P129,0.5
U192,P163,3.0
U192,P217,6.5
U192,P241,3.5
U192,P243,0.5
U192,P259,30.0
U192,P263,5.0
U192,P278,0.5
U192,P303,6.0
U192,P310,3.0
U192,P315,5.0
U192,P337,3.0
U192,P354,5.5
U192,P387,30.0
U192,P443,5.0
U192,P471,30.5
U192,P482,3.0
U192,P497,30.0
U192,P531,0.5
U192,P550,5.0
U192,P584,0.5
U192,P61,3.0
U192,P79,30.0
U192,P98,3.5
U193,P122,5.0
U193,P124,10.0
U193,P13,8.0
U193,P140,30.5
U193,P142,3.0
U193,P146,3.0
U193,P149,30.5
U193,P158,3.0
U193,P161,30.0
U193,P166,6.0
U193,P174,30.5
U193,P206,35.0
U193,P208,30.0
U193,P240,0.5
U193,P247,30.5
U193,P261,30.5
U193,P281,3.0
U193,P286,3.5
U193,P300,0.5
U193,P321,0.5
U193,P339,9.0
U193,P379,3.5
U193,P38,0.5
U193,P382,3.0
U193,P394,30.0
U193,P41,13.0
U193,P442,3.0
U193,P447,0.5
U193,P468,0.5
U193,P469,3.0
U193,P490,30.0
U193,P503,36.0
U193,P543,3.0
U193,P55,0.5
U193,P567,8.0
U193,P576,3.0
U193,P583,11.0
U193,P587,30.0
U193,P623,5.0
U193,P632,3.0
U193,P639,3.0
U193,P92,3.0
U193,P99,3.0
U195,P1,3.0
U195,P107,0.5
U195,P122,6.0
U195,P136,30.0
U195,P140,3.5
U195,P149,33.0
U195,P166,3.0
U195,P190,30.0
U195,P240,5.0
U195,P335,0.5
U195,P338,0.5
U195,P363,0.5
U195,P378,3.0
U195,P415,3.0
U195,P42,11.0
U195,P422,30.0
U195,P443,0.5
U195,P471,3.0
U195,P479,5.0
U195,P485,30.0
U195,P511,30.0
U195,P52,30.0
U195,P540,6.5
U195,P567,0.5
U195,P610,3.0
U195,P611,0.5
U195,P615,0.5
U195,P620,3.0
U195,P621,1.0
U195,P628,5.0
U195,P632,3.0
U195,P648,30.0
U195,P68,0.5
U195,P69,30.0
U195,P92,5.0
U196,P104,0.5
U196,P111,0.5
U196,P162,3.0
U196,P17,3.0
U196,P170,30.0
U196,P173,0.5
U196,P185,11.0
U196,P2,3.0
U196,P209,0.5
U196,P217,5.0
U196,P234,3.0
U196,P238,0.5
U196,P259,0.5
U196,P303,0.5
U196,P362,5.0
U196,P378,30.5
U196,P396,5.0
U196,P399,0.5
U196,P482,30.0
U196,P49,5.0
U196,P498,3.0
U196,P526,0.5
U196,P567,30.0
U196,P575,5.5
U196,P600,6.0
U196,P61,3.0
U196,P65,0.5
U196,P76,5.0
U196,P98,3.5
U197,P101,5.0
U197,P103,5.0
U197,P140,0.5
U197,P143,0.5
U197,P161,5.0
U197,P174,30.0
U197,P176,0.5
U197,P198,30.0
U197,P206,0.5
U197,P208,3.0
U197,P241,0.5
U197,P244,6.0
U197,P259,30.0
U197,P276,0.5
U197,P28,3.0
U197,P291,0.5
U197,P303,30.0
U197,P309,30.0
U197,P313,0.5
U197,P372,3.5
U197,P41,3.0
U197,P417,3.0
U197,P422,5.0
U197,P428,5.0
U197,P451,30.0
U197,P479,3.0
U197,P498,30.0
U197,P505,5.0
U197,P511,5.0
U197,P52,30.0
U197,P522,3.0
U197,P530,5.0
U197,P583,5.0
U197,P621,5.0
U197,P623,5.0
U197,P627,35.0
U197,P643,3.0
U197,P645,3.0
U197,P79,0.5
U197,P81,0.5
U200,P121,3.0
U200,P13,3.0
U200,P136,6.0
U200,P140,3.5
U200,P149,0.5
U200,P154,3.0
U200,P161,30.0
U200,P198,5.0
U200,P206,30.5
U200,P238,5.0
U200,P255,30.0
U200,P284,0.5
U200,P321,30.0
U200,P383,0.5
U200,P396,0.5
U200,P41,60.5
U200,P412,0.5
U200,P447,0.5
U200,P49,5.0
U200,P503,3.0
U200,P55,35.0
U200,P567,30.0
U200,P57,5.0
U200,P576,3.0
U200,P583,3.5
U200,P615,0.5
U200,P623,0.5
U200,P632,33.0
U200,P639,5.0
U200,P645,0.5
U200,P92,30.0
U202,P107,3.0
U202,P147,5.0
U202,P173,3.0
U202,P176,5.0
U202,P185,5.5
U202,P190,3.5
U202,P197,30.0
U202,P198,30.0
U202,P2,8.0
U202,P243,11.0
U202,P244,3.0
U202,P267,30.0
U202,P28,0.5
U202,P295,30.0
U202,P303,3.0
U202,P33,0.5
U202,P353,30.0
U202,P354,0.5
U202,P385,30.0
U202,P387,5.0
U202,P415,4.0
U202,P417,35.5
U202,P42,16.0
U202,P422,30.0
U202,P441,0.5
U202,P471,5.0
U202,P479,3.0
U202,P507,3.0
U202,P511,3.0
U202,P540,3.0
U202,P546,35.0
U202,P575,3.0
U202,P6,3.0
U202,P61,0.5
U202,P69,5.0
U202,P79,30.0
U204,P13,0.5
U204,P17,0.5
U204,P176,30.0
U204,P185,30.0
U204,P210,0.5
U204,P28,0.5
U204,P297,3.0
U204,P353,30.0
U204,P362,5.0
U204,P41,3.0
U204,P479,30.0
U204,P540,5.0
U204,P583,5.0
U204,P621,0.5
U204,P69,30.0
U204,P74,5.0
U204,P79,30.0
U204,P98,3.0
U205,P107,30.5
U205,P129,30.0
U205,P167,3.0
U205,P17,3.0
U205,P173,8.0
U205,P190,3.0
U205,P195,3.0
U205,P238,0.5
U205,P241,5.0
U205,P243,30.0
U205,P244,11.0
U205,P259,3.0
U205,P276,3.0
U205,P28,3.0
U205,P294,3.0
U205,P303,30.0
U205,P32,0.5
U205,P327,0.5
U205,P337,30.0
U205,P353,3.0
U205,P362,3.0
U205,P443,30.0
U205,P446,5.0
U205,P488,3.0
U205,P50,0.5
U205,P550,3.5
U205,P560,3.0
U205,P575,3.5
U205,P613,30.0
U205,P68,0.5
U205,P7,0.5
U205,P71,0.5
U205,P79,65.0
U205,P98,5.0
U207,P103,0.5
U207,P173,9.0
U207,P190,30.0
U207,P204,5.0
U207,P231,5.0
U207,P241,5.0
U207,P243,0.5
U207,P251,5.0
U207,P259,6.0
U207,P278,5.0
U207,P28,0.5
U207,P294,0.5
U207,P303,10.5
U207,P309,0.5
U207,P335,0.5
U207,P353,5.0
U207,P354,1.0
U207,P387,33.0
U207,P415,0.5
U207,P417,30.5
U207,P432,30.0
U207,P443,30.0
U207,P471,3.0
U207,P511,8.0
U207,P540,3.0
U207,P550,8.0
U207,P553,30.0
U207,P583,0.5
U207,P627,30.0
U207,P632,5.5
U207,P648,3.0
U207,P79,5.0
U208,P103,0.5
U208,P107,0.5
U208,P124,0.5
U208,P141,0.5
U208,P167,3.0
U208,P17,5.0
U208,P185,0.5
U208,P241,0.5
U208,P286,3.0
U208,P303,3.0
U208,P343,30.0
U208,P432,0.5
U208,P443,6.0
U208,P471,3.0
U208,P511,30.0
U208,P575,8.0
U208,P583,3.0
U208,P61,0.5
U208,P81,0.5
U208,P98,30.0
U209,P103,30.0
U209,P167,5.0
U209,P170,30.0
U209,P172,3.0
U209,P173,3.0
U209,P198,30.0
U209,P241,0.5
U209,P243,3.5
U209,P244,5.5
U209,P259,3.0
U209,P278,35.0
U209,P34,5.0
U209,P354,30.0
U209,P363,5.0
U209,P378,5.0
U209,P387,13.0
U209,P415,4.0
U209,P417,0.5
U209,P42,5.0
U209,P420,0.5
U209,P422,0.5
U209,P439,5.0
U209,P443,60.5
U209,P471,30.0
U209,P479,3.0
U209,P487,3.0
U209,P49,3.0
U209,P511,5.0
U209,P52,30.0
U209,P540,5.0
U209,P575,30.0
U209,P61,5.0
U209,P621,30.0
U209,P627,5.5
U209,P628,3.0
U209,P648,33.0
U209,P77,0.5
U21,P103,5.0
U21,P107,0.5
U21,P117,30.5
U21,P118,0.5
U21,P165,3.0
U21,P167,1.0
U21,P170,5.0
U21,P173,30.0
U21,P180,0.5
U21,P185,3.5
U21,P198,0.5
U21,P2,3.0
U21,P204,3.0
U21,P238,35.0
U21,P241,3.0
U21,P243,0.5
U21,P244,3.0
U21,P259,70.0
U21,P27,0.5
U21,P278,5.5
U21,P294,30.0
U21,P297,0.5
U21,P315,3.5
U21,P322,3.0
U21,P349,3.0
U21,P360,5.0
U21,P362,3.0
U21,P374,3.0
U21,P392,5.0
U21,P396,0.5
U21,P432,4.0
U21,P483,3.0
U21,P496,30.0
U21,P50,5.0
U21,P511,3.0
U21,P575,0.5
U21,P6,0.5
U21,P61,3.0
U21,P612,3.0
U21,P630,0.5
U21,P636,3.0
U21,P640,5.0
U21,P79,0.5
U21,P81,6.0
U21,P98,3.0
U210,P141,3.0
U210,P17,0.5
U210,P170,1.0
U210,P185,5.5
U210,P234,3.0
U210,P243,3.0
U210,P244,30.0
U210,P286,0.5
U210,P3,5.0
U210,P378,5.0
U210,P387,30.0
U210,P396,30.0
U210,P400,3.0
U210,P496,0.5
U210,P548,30.0
U210,P55,0.5
U210,P80,0.5
U210,P98,36.0
U211,P103,5.0
U211,P107,0.5
U211,P136,0.5
U211,P140,8.0
U211,P141,5.0
U211,P164,0.5
U211,P17,0.5
U211,P170,10.0
U211,P172,0.5
U211,P180,8.0
U211,P185,30.0
U211,P190,3.0
U211,P198,5.0
U211,P2,3.0
U211,P213,0.5
U211,P217,30.0
U211,P238,0.5
U211,P241,5.0
U211,P244,3.0
U211,P263,0.5
U211,P266,30.0
U211,P34,30.0
U211,P353,3.0
U211,P362,3.0
U211,P372,3.5
U211,P378,8.0
U211,P387,3.0
U211,P396,33.5
U211,P41,0.5
U211,P42,0.5
U211,P432,30.0
U211,P446,5.0
U211,P449,3.0
U211,P471,30.0
U211,P49,60.0
U211,P492,30.0
U211,P52,5.0
U211,P540,0.5
U211,P556,0.5
U211,P557,3.0
U211,P567,5.0
U211,P572,30.0
U211,P58,30.0
U211,P606,0.5
U211,P621,0.5
U211,P68,3.0
U211,P81,3.5
U211,P98,5.0
U213,P129,30.0
U213,P13,0.5
U213,P136,60.5
U213,P141,3.5
U213,P147,3.0
U213,P149,3.5
U213,P158,0.5
U213,P166,35.0
U213,P170,5.0
U213,P172,0.5
U213,P173,5.0
U213,P180,60.0
U213,P198,30.0
U213,P2,3.0
U213,P212,0.5
U213,P238,3.0
U213,P240,3.0
U213,P241,30.0
U213,P244,0.5
U213,P259,30.0
U213,P267,0.5
U213,P274,3.0
U213,P303,3.0
U213,P310,5.0
U213,P321,5.0
U213,P351,3.0
U213,P353,3.5
U213,P362,30.5
U213,P378,3.0
U213,P396,30.0
U213,P417,0.5
U213,P422,30.0
U213,P464,0.5
U213,P474,3.0
U213,P50,0.5
U213,P511,35.0
U213,P525,30.0
U213,P540,3.0
U213,P545,0.5
U213,P583,30.0
U213,P606,30.0
U213,P613,3.0
U213,P636,3.0
U213,P68,39.0
U213,P81,0.5
U213,P98,3.0
U215,P103,5.0
U215,P17,3.0
U215,P206,3.0
U215,P217,0.5
U215,P232,5.5
U215,P238,5.0
U215,P243,3.0
U215,P268,0.5
U215,P309,3.0
U215,P345,3.0
U215,P362,3.0
U215,P471,3.0
U215,P550,0.5
U215,P575,3.0
U215,P61,30.0
U215,P615,30.0
U215,P81,0.5
U216,P122,8.0
U216,P124,6.0
U216,P13,30.0
U216,P138,0.5
U216,P149,13.0
U216,P166,30.5
U216,P174,5.0
U216,P206,5.0
U216,P207,3.5
U216,P208,3.0
U216,P240,5.0
U216,P247,30.0
U216,P255,3.5
U216,P261,33.0
U216,P297,30.0
U216,P306,0.5
U216,P311,3.0
U216,P321,30.0
U216,P339,8.0
U216,P352,3.0
U216,P369,3.0
U216,P379,3.0
U216,P395,5.0
U216,P423,0.5
U216,P442,3.0
U216,P447,0.5
U216,P495,30.0
U216,P503,33.5
U216,P523,3.0
U216,P530,5.0
U216,P55,30.0
U216,P567,0.5
U216,P576,3.0
U216,P583,30.0
U216,P588,3.0
U216,P615,30.5
U216,P623,0.5
U216,P632,3.5
U216,P639,0.5
U216,P641,30.0
U216,P645,0.5
U216,P69,0.5
U216,P92,30.0
U217,P103,3.0
U217,P136,3.0
U217,P141,0.5
U217,P167,3.0
U217,P176,5.0
U217,P180,0.5
U217,P2,33.0
U217,P203,0.5
U217,P204,3.0
U217,P238,0.5
U217,P241,5.5
U217,P243,0.5
U217,P303,0.5
U217,P32,0.5
U217,P354,30.0
U217,P378,13.0
U217,P479,0.5
U217,P497,30.0
U217,P515,0.5
U217,P52,0.5
U217,P550,5.0
U217,P556,5.0
U217,P575,30.0
U217,P610,30.0
U217,P621,0.5
U217,P627,3.0
U217,P648,3.5
U217,P68,0.5
U217,P81,60.5
U218,P103,0.5
U218,P107,0.5
U218,P124,60.5
U218,P13,30.0
U218,P140,3.0
U218,P141,0.5
U218,P147,30.0
U218,P166,30.0
U218,P185,0.5
U218,P196,0.5
U218,P2,30.5
U218,P208,0.5
U218,P217,8.0
U218,P231,0.5
U218,P240,3.0
U218,P243,33.0
U218,P247,3.5
U218,P255,5.5
U218,P278,30.0
U218,P315,5.0
U218,P379,3.0
U218,P385,5.0
U218,P387,5.5
U218,P432,0.5
U218,P443,3.0
U218,P459,30.0
U218,P471,3.0
U218,P490,0.5
U218,P511,63.0
U218,P55,3.5
U218,P550,9.0
U218,P552,5.0
U218,P553,5.0
U218,P574,0.5
U218,P575,3.0
U218,P600,5.0
U218,P61,6.5
U218,P621,0.5
U218,P622,35.0
U218,P623,5.0
U218,P627,6.0
U218,P632,5.0
U218,P639,60.0
U218,P66,30.0
U218,P79,3.0
U218,P81,3.0
U218,P92,0.5
U22,P140,5.0
U22,P145,5.0
U22,P166,3.0
U22,P241,8.0
U22,P259,30.5
U22,P278,0.5
U22,P28,5.0
U22,P283,3.0
U22,P303,0.5
U22,P315,5.0
U22,P353,33.5
U22,P354,3.5
U22,P372,0.5
U22,P451,0.5
U22,P503,0.5
U22,P507,5.0
U22,P511,0.5
U22,P52,5.0
U22,P540,5.0
U22,P567,3.0
U22,P57,3.0
U22,P591,5.0
U22,P61,3.5
U22,P615,60.0
U22,P639,3.0
U22,P648,5.0
U22,P92,0.5
U220,P103,30.0
U220,P104,3.0
U220,P107,3.0
U220,P136,5.5
U220,P167,5.0
U220,P198,30.0
U220,P2,5.0
U220,P217,0.5
U220,P224,0.5
U220,P241,3.0
U220,P268,30.0
U220,P303,3.0
U220,P330,3.0
U220,P354,30.0
U220,P432,30.0
U220,P443,0.5
U220,P49,36.0
U220,P511,3.0
U220,P560,5.0
U220,P61,3.5
U220,P65,5.0
U220,P79,30.0
U221,P122,3.0
U221,P124,30.5
U221,P13,6.5
U221,P149,0.5
U221,P160,3.0
U221,P161,9.5
U221,P164,3.0
U221,P183,30.0
U221,P198,3.0
U221,P206,3.0
U221,P208,1.0
U221,P232,3.0
U221,P240,8.5
U221,P261,63.0
U221,P286,8.0
U221,P321,0.5
U221,P370,0.5
U221,P396,0.5
U221,P404,3.0
U221,P41,30.5
U221,P503,5.0
U221,P547,3.0
U221,P55,8.0
U221,P567,38.0
U221,P572,3.0
U221,P576,0.5
U221,P623,0.5
U221,P645,3.0
U221,P74,3.0
U221,P79,8.5
U221,P92,6.0
U223,P103,30.0
U223,P107,3.0
U223,P122,30.0
U223,P124,3.0
U223,P13,5.0
U223,P149,0.5
U223,P166,3.0
U223,P167,3.5
U223,P185,30.0
U223,P198,30.0
U223,P208,3.0
U223,P224,30.0
U223,P243,0.5
U223,P247,0.5
U223,P259,3.0
U223,P261,30.0
U223,P303,8.5
U223,P305,0.5
U223,P339,3.0
U223,P360,5.0
U223,P362,0.5
U223,P447,5.0
U223,P471,3.0
U223,P484,0.5
U223,P49,33.5
U223,P499,0.5
U223,P511,3.0
U223,P530,5.0
U223,P572,3.0
U223,P613,0.5
U223,P615,0.5
U223,P645,30.0
U223,P78,0.5
U223,P79,0.5
U223,P81,3.0
U224,P107,3.0
U224,P15,30.0
U224,P169,3.0
U224,P173,60.0
U224,P178,30.0
U224,P180,5.5
U224,P190,3.0
U224,P195,5.0
U224,P2,5.5
U224,P241,5.0
U224,P243,70.0
U224,P263,1.0
U224,P28,0.5
U224,P297,5.0
U224,P309,3.0
U224,P353,0.5
U224,P354,4.0
U224,P371,0.5
U224,P373,30.0
U224,P387,1.0
U224,P396,0.5
U224,P400,5.0
U224,P417,3.0
U224,P42,5.0
U224,P422,0.5
U224,P432,14.0
U224,P443,5.0
U224,P471,8.0
U224,P550,33.0
U224,P575,30.5
U224,P61,3.5
U224,P621,3.0
U224,P648,35.0
U224,P68,30.0
U224,P69,5.0
U225,P110,30.0
U225,P13,3.5
U225,P140,1.0
U225,P149,33.0
U225,P161,3.0
U225,P166,33.0
U225,P174,10.0
U225,P206,3.0
U225,P207,5.0
U225,P208,0.5
U225,P214,0.5
U225,P226,5.0
U225,P232,34.5
U225,P240,3.5
U225,P247,30.0
U225,P255,4.0
U225,P261,30.0
U225,P283,6.0
U225,P321,3.5
U225,P339,33.0
U225,P356,3.0
U225,P367,5.0
U225,P379,30.5
U225,P383,5.0
U225,P399,30.0
U225,P41,5.0
U225,P449,5.0
U225,P451,30.0
U225,P463,3.0
U225,P494,3.0
U225,P503,8.0
U225,P521,3.0
U225,P530,5.0
U225,P547,5.0
U225,P567,30.0
U225,P57,3.0
U225,P572,3.5
U225,P583,6.0
U225,P588,8.0
U225,P615,1.0
U225,P623,60.0
U225,P632,5.0
U225,P73,3.0
U225,P85,3.0
U225,P92,41.0
U225,P99,0.5
U227,P107,0.5
U227,P167,8.0
U227,P180,0.5
U227,P2,5.0
U227,P238,3.0
U227,P243,30.0
U227,P244,60.0
U227,P259,35.0
U227,P261,0.5
U227,P284,3.0
U227,P297,30.0
U227,P303,3.0
U227,P333,0.5
U227,P362,8.0
U227,P363,3.0
U227,P372,30.0
U227,P376,5.0
U227,P417,5.0
U227,P425,3.0
U227,P429,30.0
U227,P461,3.0
U227,P479,4.0
U227,P49,3.0
U227,P540,30.0
U227,P550,30.0
U227,P589,0.5
U227,P621,3.0
U227,P648,11.0
U227,P68,30.0
U227,P81,0.5
U229,P103,0.5
U229,P107,30.0
U229,P167,30.0
U229,P17,5.0
U229,P173,3.0
U229,P176,5.0
U229,P190,30.5
U229,P198,0.5
U229,P216,3.0
U229,P230,30.0
U229,P238,5.0
U229,P273,5.0
U229,P278,30.0
U229,P28,0.5
U229,P295,5.0
U229,P297,3.0
U229,P303,0.5
U229,P323,30.0
U229,P338,0.5
U229,P343,5.0
U229,P353,31.5
U229,P354,33.0
U229,P372,8.5
U229,P378,30.5
U229,P399,5.0
U229,P4,30.0
U229,P42,3.5
U229,P44,0.5
U229,P471,3.0
U229,P492,3.0
U229,P511,30.0
U229,P540,1.0
U229,P55,3.0
U229,P552,30.0
U229,P556,5.0
U229,P573,3.0
U229,P576,30.0
U229,P61,0.5
U229,P621,10.0
U229,P632,5.0
U229,P642,0.5
U229,P69,6.0
U229,P71,0.5
U229,P80,30.0
U229,P89,0.5
U23,P122,0.5
U23,P13,30.0
U23,P164,30.0
U23,P166,33.5
U23,P232,3.0
U23,P255,0.5
U23,P261,33.0
U23,P286,3.0
U23,P339,3.0
U23,P356,0.5
U23,P370,3.0
U23,P379,3.0
U23,P412,0.5
U23,P451,3.0
U23,P457,5.0
U23,P462,3.0
U23,P503,5.0
U23,P505,30.0
U23,P523,30.0
U23,P574,0.5
U230,P107,35.0
U230,P115,3.0
U230,P122,10.0
U230,P124,10.0
U230,P173,0.5
U230,P174,31.0
U230,P2,30.0
U230,P213,3.0
U230,P240,30.0
U230,P241,3.0
U230,P243,5.5
U230,P259,0.5
U230,P278,3.5
U230,P303,30.5
U230,P309,3.0
U230,P315,0.5
U230,P443,30.0
U230,P447,30.0
U230,P471,8.5
U230,P495,0.5
U230,P497,5.0
U230,P53,5.0
U230,P530,3.0
U230,P550,8.0
U230,P553,30.0
U230,P575,10.5
U230,P576,3.0
U230,P592,30.0
U230,P61,6.0
U230,P645,3.0
U230,P647,5.5
U230,P81,5.0
U231,P103,5.0
U231,P121,3.0
U231,P136,3.0
U231,P155,3.0
U231,P174,0.5
U231,P180,30.0
U231,P182,30.0
U231,P185,0.5
U231,P198,0.5
U231,P219,30.0
U231,P244,3.0
U231,P266,0.5
U231,P396,33.5
U231,P398,5.0
U231,P447,3.0
U231,P49,30.0
U231,P505,30.0
U231,P55,3.0
U231,P553,30.0
U231,P56,5.0
U231,P567,1.0
U231,P572,30.0
U231,P576,0.5
U231,P583,35.0
U231,P645,3.0
U232,P107,60.5
U232,P190,3.5
U232,P241,33.5
U232,P278,5.0
U232,P297,8.0
U232,P335,3.0
U232,P386,3.0
U232,P387,0.5
U232,P42,3.0
U232,P432,30.5
U232,P443,30.0
U232,P471,5.0
U232,P52,3.0
U232,P540,30.5
U232,P546,5.0
U232,P607,3.0
U232,P621,3.0
U232,P64,0.5
U232,P648,3.0
U233,P103,30.0
U233,P166,5.5
U233,P167,0.5
U233,P17,30.0
U233,P170,3.0
U233,P180,5.0
U233,P190,1.0
U233,P208,30.0
U233,P217,0.5
U233,P243,5.0
U233,P315,3.0
U233,P34,5.0
U233,P353,30.0
U233,P396,0.5
U233,P401,30.0
U233,P42,3.0
U233,P429,30.0
U233,P451,0.5
U233,P458,0.5
U233,P471,33.5
U233,P479,0.5
U233,P49,5.0
U233,P515,3.0
U233,P540,30.0
U233,P575,3.0
U233,P609,0.5
U233,P61,8.0
U233,P643,3.0
U233,P644,3.0
U233,P648,30.0
U233,P68,6.0
U233,P69,60.0
U233,P79,3.0
U234,P107,38.0
U234,P17,3.0
U234,P176,3.0
U234,P219,5.0
U234,P243,0.5
U234,P244,5.0
U234,P278,0.5
U234,P297,0.5
U234,P303,30.5
U234,P315,38.0
U234,P321,3.0
U234,P34,35.0
U234,P353,0.5
U234,P354,3.0
U234,P372,5.0
U234,P379,0.5
U234,P41,3.0
U234,P417,3.5
U234,P42,5.0
U234,P422,3.0
U234,P423,30.0
U234,P432,3.5
U234,P44,5.0
U234,P443,38.0
U234,P447,3.0
U234,P461,0.5
U234,P471,5.0
U234,P479,5.0
U234,P483,30.0
U234,P487,3.0
U234,P491,0.5
U234,P509,3.0
U234,P530,30.0
U234,P575,5.0
U234,P61,3.0
U234,P621,0.5
U234,P64,0.5
U234,P648,0.5
U234,P84,5.0
U234,P92,30.0
U235,P104,5.0
U235,P107,0.5
U235,P136,30.0
U235,P165,0.5
U235,P167,30.5
U235,P17,33.5
U235,P170,0.5
U235,P173,5.0
U235,P185,5.0
U235,P198,5.0
U235,P2,3.0
U235,P204,5.0
U235,P208,0.5
U235,P212,35.0
U235,P232,30.0
U235,P238,3.0
U235,P241,3.0
U235,P243,60.5
U235,P244,33.5
U235,P259,30.0
U235,P27,3.0
U235,P278,33.0
U235,P281,3.0
U235,P284,0.5
U235,P315,30.5
U235,P333,30.0
U235,P349,0.5
U235,P354,0.5
U235,P372,0.5
U235,P443,38.0
U235,P471,0.5
U235,P479,3.0
U235,P531,30.0
U235,P540,5.0
U235,P550,3.0
U235,P597,3.0
U235,P621,0.5
U235,P68,3.0
U235,P69,0.5
U235,P71,3.0
U235,P79,30.0
U236,P103,3.0
U236,P167,3.0
U236,P173,3.0
U236,P18,0.5
U236,P180,5.0
U236,P198,0.5
U236,P2,1.5
U236,P241,5.0
U236,P244,0.5
U236,P259,33.0
U236,P280,30.0
U236,P303,30.0
U236,P313,0.5
U236,P315,5.0
U236,P318,0.5
U236,P327,5.0
U236,P354,3.0
U236,P362,10.0
U236,P373,5.0
U236,P378,3.0
U236,P385,30.0
U236,P396,3.5
U236,P417,3.0
U236,P443,0.5
U236,P471,5.0
U236,P474,3.0
U236,P479,3.0
U236,P556,3.0
U236,P575,3.5
U236,P609,30.0
U236,P61,4.0
U236,P613,5.0
U236,P621,0.5
U236,P627,5.0
U236,P648,5.0
U236,P68,30.0
U236,P77,0.5
U236,P81,0.5
U236,P83,30.0
U237,P136,5.0
U237,P141,8.0
U237,P167,5.0
U237,P17,35.0
U237,P170,5.0
U237,P173,0.5
U237,P185,5.0
U237,P210,3.0
U237,P217,5.0
U237,P238,3.0
U237,P243,5.0
U237,P263,5.5
U237,P330,5.0
U237,P362,0.5
U237,P378,0.5
U237,P387,30.0
U237,P425,30.0
U237,P432,5.5
U237,P49,5.0
U237,P550,30.0
U237,P575,30.0
U237,P61,3.0
U237,P630,0.5
U237,P77,30.0
U237,P79,3.5
U237,P81,0.5
U237,P98,3.0
U238,P103,3.0
U238,P17,3.0
U238,P170,30.0
U238,P173,0.5
U238,P197,5.0
U238,P198,0.5
U238,P217,33.0
U238,P259,0.5
U238,P274,3.0
U238,P28,8.5
U238,P297,3.0
U238,P30,3.0
U238,P303,3.0
U238,P330,30.0
U238,P34,60.0
U238,P362,3.0
U238,P363,30.0
U238,P4,30.0
U238,P417,3.0
U238,P42,3.0
U238,P422,3.0
U238,P432,5.0
U238,P47,30.0
U238,P479,30.0
U238,P483,3.0
U238,P49,0.5
U238,P511,3.0
U238,P550,0.5
U238,P575,6.0
U238,P577,5.0
U238,P594,0.5
U238,P597,3.0
U238,P606,5.0
U238,P613,0.5
U238,P621,0.5
U238,P634,3.0
U238,P69,6.0
U240,P103,10.0
U240,P124,33.0
U240,P13,30.0
U240,P140,3.0
U240,P166,3.0
U240,P167,3.0
U240,P170,5.0
U240,P174,3.0
U240,P180,3.0
U240,P185,5.5
U240,P203,5.0
U240,P206,3.0
U240,P208,8.0
U240,P238,0.5
U240,P240,0.5
U240,P244,30.0
U240,P26,0.5
U240,P265,0.5
U240,P327,3.0
U240,P372,3.0
U240,P378,3.5
U240,P451,0.5
U240,P457,5.0
U240,P49,30.5
U240,P526,3.0
U240,P530,30.0
U240,P540,3.0
U240,P548,3.0
U240,P576,0.5
U240,P593,5.0
U240,P621,3.0
U240,P632,3.0
U240,P639,5.0
U240,P645,6.0
U240,P68,0.5
U240,P81,8.5
U240,P92,1.0
U240,P98,0.5
U242,P11,3.0
U242,P13,5.5
U242,P140,30.0
U242,P149,30.0
U242,P161,6.0
U242,P206,5.0
U242,P207,5.0
U242,P208,3.0
U242,P232,3.0
U242,P240,3.0
U242,P302,0.5
U242,P321,30.0
U242,P326,0.5
U242,P34,0.5
U242,P379,33.0
U242,P427,5.0
U242,P503,3.0
U242,P537,5.0
U242,P567,3.0
U242,P576,0.5
U242,P583,33.5
U242,P605,0.5
U242,P615,3.5
U242,P632,0.5
U242,P642,6.0
U242,P644,30.0
U242,P645,3.0
U242,P96,3.0
U243,P109,30.0
U243,P129,5.0
U243,P13,5.0
U243,P140,30.0
U243,P161,3.0
U243,P174,0.5
U243,P179,30.0
U243,P190,30.0
U243,P208,8.5
U243,P240,36.0
U243,P25,0.5
U243,P255,30.0
U243,P259,3.0
U243,P291,3.0
U243,P300,5.0
U243,P321,5.0
U243,P339,30.0
U243,P372,35.0
U243,P379,3.0
U243,P387,30.0
U243,P41,5.0
U243,P415,30.0
U243,P424,3.0
U243,P432,0.5
U243,P440,5.0
U243,P447,1.0
U243,P457,0.5
U243,P480,5.0
U243,P491,3.0
U243,P509,3.0
U243,P52,0.5
U243,P530,3.0
U243,P531,0.5
U243,P55,5.0
U243,P555,0.5
U243,P567,3.0
U243,P606,3.0
U243,P615,6.0
U243,P621,0.5
U243,P623,1.0
U243,P632,3.0
U243,P648,5.0
U243,P92,3.0
U245,P124,3.0
U245,P13,3.0
U245,P140,5.0
U245,P149,3.0
U245,P166,3.5
U245,P206,3.0
U245,P207,35.0
U245,P247,30.0
U245,P255,30.0
U245,P259,30.0
U245,P261,3.0
U245,P300,5.0
U245,P302,30.0
U245,P303,0.5
U245,P306,0.5
U245,P326,3.0
U245,P370,0.5
U245,P379,0.5
U245,P451,5.0
U245,P457,5.0
U245,P463,3.0
U245,P480,30.0
U245,P503,8.0
U245,P530,3.0
U245,P57,0.5
U245,P590,0.5
U245,P591,5.0
U245,P604,3.0
U245,P61,3.0
U245,P632,3.0
U245,P647,5.0
U245,P92,1.0
U246,P13,3.0
U246,P136,0.5
U246,P141,3.5
U246,P170,3.0
U246,P173,8.0
U246,P176,3.0
U246,P198,0.5
U246,P236,0.5
U246,P241,60.0
U246,P278,30.0
U246,P28,35.0
U246,P286,60.0
U246,P303,3.0
U246,P315,30.0
U246,P321,3.0
U246,P345,30.0
U246,P349,0.5
U246,P362,3.0
U246,P387,3.0
U246,P4,0.5
U246,P441,3.0
U246,P470,0.5
U246,P540,3.0
U246,P61,3.0
U246,P621,0.5
U246,P627,30.0
U246,P648,0.5
U246,P68,5.0
U246,P78,30.0
U246,P81,30.0
U246,P98,3.0
U247,P103,30.0
U247,P122,3.0
U247,P140,0.5
U247,P141,0.5
U247,P144,5.0
U247,P167,3.0
U247,P2,0.5
U247,P217,30.5
U247,P241,30.0
U247,P247,5.0
U247,P259,6.0
U247,P297,5.0
U247,P34,3.5
U247,P353,30.0
U247,P354,3.0
U247,P369,3.0
U247,P387,0.5
U247,P39,3.0
U247,P415,3.0
U247,P42,6.5
U247,P422,0.5
U247,P443,3.0
U247,P471,3.0
U247,P479,0.5
U247,P536,3.0
U247,P540,0.5
U247,P567,5.0
U247,P621,5.0
U247,P66,0.5
U247,P79,5.0
U248,P102,8.0
U248,P122,0.5
U248,P124,0.5
U248,P13,6.0
U248,P145,0.5
U248,P149,0.5
U248,P161,0.5
U248,P174,3.0
U248,P183,3.0
U248,P207,30.0
U248,P240,30.0
U248,P247,0.5
U248,P261,0.5
U248,P281,3.0
U248,P286,30.0
U248,P293,3.0
U248,P321,5.0
U248,P339,0.5
U248,P379,30.0
U248,P592,0.5
U248,P605,30.0
U248,P615,3.0
U248,P620,3.0
U248,P645,30.0
U248,P9,30.5
U249,P155,0.5
U249,P166,30.0
U249,P17,3.0
U249,P176,0.5
U249,P18,0.5
U249,P185,30.0
U249,P190,30.0
U249,P203,5.0
U249,P217,3.0
U249,P241,3.0
U249,P243,30.0
U249,P255,3.0
U249,P259,3.0
U249,P278,3.0
U249,P28,0.5
U249,P303,30.0
U249,P305,3.0
U249,P33,3.0
U249,P343,30.0
U249,P353,3.0
U249,P354,8.0
U249,P378,5.0
U249,P387,8.0
U249,P432,5.5
U249,P446,5.0
U249,P455,30.0
U249,P482,3.0
U249,P49,30.0
U249,P52,3.0
U249,P540,0.5
U249,P575,6.0
U249,P576,30.0
U249,P588,3.0
U249,P593,3.0
U249,P61,0.5
U249,P613,0.5
U249,P615,3.0
U249,P623,3.0
U249,P638,3.0
U249,P648,3.0
U249,P79,5.0
U249,P95,1.0
U249,P98,0.5
U250,P1,0.5
U250,P150,3.0
U250,P172,0.5
U250,P176,60.0
U250,P190,3.0
U250,P232,5.0
U250,P240,3.0
U250,P255,30.0
U250,P297,11.5
U250,P339,3.0
U250,P34,0.5
U250,P353,0.5
U250,P42,8.0
U250,P422,0.5
U250,P451,5.0
U250,P479,5.0
U250,P503,3.0
U250,P540,30.0
U250,P574,5.0
U250,P621,0.5
U250,P623,0.5
U250,P627,3.0
U250,P648,3.0
U251,P1,3.0
U251,P136,0.5
U251,P155,5.0
U251,P17,5.0
U251,P173,3.0
U251,P180,3.0
U251,P185,30.0
U251,P198,33.0
U251,P2,30.0
U251,P217,6.0
U251,P238,3.0
U251,P240,0.5
U251,P244,5.0
U251,P259,0.5
U251,P263,30.0
U251,P271,5.0
U251,P278,0.5
U251,P294,0.5
U251,P298,5.0
U251,P303,3.5
U251,P312,5.0
U251,P318,3.0
U251,P338,3.0
U251,P353,0.5
U251,P354,3.0
U251,P372,0.5
U251,P379,3.0
U251,P396,30.5
U251,P415,0.5
U251,P42,5.0
U251,P434,0.5
U251,P439,3.0
U251,P443,3.0
U251,P49,0.5
U251,P497,0.5
U251,P511,1.0
U251,P52,30.5
U251,P560,0.5
U251,P575,30.0
U251,P61,0.5
U251,P615,30.0
U251,P623,3.0
U251,P627,3.5
U251,P66,0.5
U251,P68,5.0
U251,P81,30.5
U253,P107,30.5
U253,P13,30.0
U253,P140,3.0
U253,P162,3.0
U253,P173,5.0
U253,P174,3.0
U253,P176,8.0
U253,P182,5.0
U253,P185,0.5
U253,P190,8.0
U253,P217,30.5
U253,P243,1.0
U253,P259,8.0
U253,P263,5.0
U253,P28,34.0
U253,P282,5.0
U253,P297,0.5
U253,P303,3.0
U253,P322,0.5
U253,P34,3.0
U253,P353,5.0
U253,P362,0.5
U253,P372,0.5
U253,P398,0.5
U253,P412,5.0
U253,P42,5.0
U253,P432,30.5
U253,P437,3.0
U253,P443,30.0
U253,P511,3.0
U253,P52,10.0
U253,P531,3.0
U253,P550,30.0
U253,P621,5.0
U253,P648,3.0
U253,P68,3.0
U253,P81,3.0
U253,P94,30.0
U254,P127,3.0
U254,P149,30.0
U254,P170,3.5
U254,P176,30.0
U254,P2,5.0
U254,P297,0.5
U254,P339,3.0
U254,P344,0.5
U254,P387,35.0
U254,P396,30.0
U254,P41,0.5
U254,P42,3.0
U254,P443,3.0
U254,P451,3.0
U254,P463,30.0
U254,P503,3.0
U254,P572,3.5
U254,P575,3.0
U254,P576,5.0
U254,P61,5.0
U254,P621,0.5
U254,P627,5.0
U254,P78,30.0
U255,P10,5.0
U255,P102,5.0
U255,P104,0.5
U255,P149,5.0
U255,P170,5.0
U255,P176,30.0
U255,P185,3.0
U255,P195,30.0
U255,P198,5.0
U255,P206,0.5
U255,P217,6.0
U255,P232,30.0
U255,P240,5.0
U255,P241,5.0
U255,P255,0.5
U255,P271,3.0
U255,P278,5.0
U255,P297,5.0
U255,P303,30.0
U255,P312,30.0
U255,P322,0.5
U255,P362,30.0
U255,P387,0.5
U255,P415,0.5
U255,P443,3.0
U255,P471,10.0
U255,P479,0.5
U255,P487,0.5
U255,P511,9.0
U255,P52,0.5
U255,P540,30.0
U255,P550,1.0
U255,P615,5.0
U255,P623,3.0
U255,P627,0.5
U255,P648,30.0
U255,P68,5.0
U255,P85,0.5
U255,P98,30.5
U256,P111,3.0
U256,P136,6.0
U256,P141,0.5
U256,P156,5.0
U256,P17,30.0
U256,P173,3.0
U256,P238,3.0
U256,P249,3.0
U256,P271,0.5
U256,P353,0.5
U256,P378,1.0
U256,P387,1.0
U256,P42,30.0
U256,P430,30.0
U256,P432,5.0
U256,P479,3.0
U256,P49,30.0
U256,P503,0.5
U256,P52,38.0
U256,P530,0.5
U256,P540,5.5
U256,P550,3.0
U256,P575,3.0
U256,P61,0.5
U256,P621,3.0
U256,P627,3.0
U256,P648,0.5
U256,P68,3.0
U256,P69,3.0
U256,P77,3.0
U257,P103,3.0
U257,P109,3.0
U257,P130,0.5
U257,P149,30.0
U257,P166,8.0
U257,P17,3.0
U257,P176,3.0
U257,P198,0.5
U257,P232,0.5
U257,P243,8.0
U257,P254,0.5
U257,P278,3.0
U257,P286,30.0
U257,P297,40.5
U257,P298,3.0
U257,P321,3.0
U257,P33,3.0
U257,P341,30.0
U257,P352,3.0
U257,P353,3.5
U257,P372,0.5
U257,P378,3.0
U257,P379,30.0
U257,P422,0.5
U257,P437,3.0
U257,P455,0.5
U257,P50,0.5
U257,P53,5.0
U257,P575,0.5
U257,P583,0.5
U257,P597,3.0
U257,P606,0.5
U257,P61,0.5
U257,P610,3.0
U257,P637,0.5
U257,P645,0.5
U257,P648,35.0
U257,P76,0.5
U257,P81,0.5
U257,P98,0.5
U259,P103,0.5
U259,P141,1.5
U259,P167,0.5
U259,P173,3.0
U259,P18,0.5
U259,P2,5.0
U259,P213,3.0
U259,P217,5.0
U259,P243,3.0
U259,P244,30.0
U259,P259,5.0
U259,P298,3.0
U259,P303,5.0
U259,P318,5.0
U259,P333,0.5
U259,P34,30.0
U259,P353,5.0
U259,P354,3.0
U259,P363,3.0
U259,P372,30.0
U259,P387,3.0
U259,P396,30.5
U259,P411,0.5
U259,P415,5.0
U259,P417,3.5
U259,P432,3.0
U259,P443,35.0
U259,P479,0.5
U259,P49,0.5
U259,P52,3.0
U259,P575,8.0
U259,P609,0.5
U259,P621,5.0
U259,P634,0.5
U259,P78,30.0
U259,P98,30.5
U26,P107,30.0
U26,P140,30.0
U26,P141,30.0
U26,P170,5.0
U26,P180,3.0
U26,P197,30.0
U26,P2,5.0
U26,P238,0.5
U26,P247,3.0
U26,P259,5.0
U26,P278,5.0
U26,P318,30.0
U26,P362,0.5
U26,P372,3.5
U26,P373,3.0
U26,P422,5.0
U26,P464,5.0
U26,P471,30.0
U26,P507,30.0
U26,P511,5.0
U26,P518,0.5
U26,P52,30.0
U26,P545,0.5
U26,P548,3.0
U26,P567,30.0
U26,P575,30.0
U26,P583,0.5
U26,P6,30.0
U26,P62,5.0
U26,P79,0.5
U261,P103,60.5
U261,P104,0.5
U261,P136,3.0
U261,P15,3.0
U261,P162,3.0
U261,P17,0.5
U261,P170,0.5
U261,P173,3.0
U261,P174,0.5
U261,P210,5.0
U261,P241,3.0
U261,P243,0.5
U261,P244,33.0
U261,P298,5.0
U261,P302,30.0
U261,P303,3.0
U261,P321,5.0
U261,P341,5.0
U261,P362,3.0
U261,P387,3.0
U261,P432,35.0
U261,P443,0.5
U261,P474,3.0
U261,P55,5.0
U261,P567,6.0
U261,P58,5.0
U261,P581,3.0
U261,P6,0.5
U261,P61,0.5
U261,P68,30.0
U261,P81,0.5
U261,P98,30.0
U263,P122,8.5
U263,P124,3.0
U263,P135,5.0
U263,P138,6.0
U263,P140,3.0
U263,P149,3.5
U263,P166,63.0
U263,P174,3.0
U263,P206,3.5
U263,P207,30.0
U263,P214,0.5
U263,P240,19.0
U263,P247,5.0
U263,P255,5.5
U263,P261,63.0
U263,P284,0.5
U263,P286,0.5
U263,P311,0.5
U263,P336,5.0
U263,P379,3.0
U263,P391,3.0
U263,P41,0.5
U263,P415,3.0
U263,P427,3.0
U263,P451,0.5
U263,P503,8.5
U263,P52,3.0
U263,P521,5.0
U263,P530,1.0
U263,P533,5.0
U263,P540,30.0
U263,P576,3.0
U263,P623,10.0
U263,P645,3.0
U263,P92,40.0
U264,P107,30.0
U264,P122,3.0
U264,P149,0.5
U264,P185,5.0
U264,P195,30.0
U264,P217,5.0
U264,P261,30.0
U264,P278,0.5
U264,P291,0.5
U264,P315,30.0
U264,P321,3.5
U264,P34,3.0
U264,P378,30.5
U264,P387,5.0
U264,P43,0.5
U264,P479,10.0
U264,P511,5.0
U264,P554,30.0
U264,P575,30.0
U264,P583,5.0
U264,P597,3.0
U264,P61,3.0
U264,P641,3.0
U264,P68,3.0
U268,P1,0.5
U268,P101,30.0
U268,P124,3.0
U268,P140,0.5
U268,P166,38.0
U268,P176,8.0
U268,P207,36.5
U268,P208,5.0
U268,P214,3.0
U268,P232,1.5
U268,P240,30.0
U268,P261,0.5
U268,P282,30.0
U268,P299,0.5
U268,P300,0.5
U268,P321,5.0
U268,P34,3.0
U268,P376,0.5
U268,P379,41.5
U268,P391,3.0
U268,P415,5.0
U268,P417,1.5
U268,P422,3.0
U268,P451,0.5
U268,P455,0.5
U268,P462,3.0
U268,P485,0.5
U268,P486,0.5
U268,P567,3.5
U268,P57,0.5
U268,P572,8.0
U268,P574,30.0
U268,P581,5.0
U268,P583,0.5
U268,P587,0.5
U268,P620,0.5
U268,P621,8.0
U268,P631,0.5
U268,P645,30.5
U268,P69,3.0
U268,P74,0.5
U268,P9,5.0
U268,P92,3.5
U27,P141,5.0
U27,P170,3.5
U27,P176,6.0
U27,P180,33.0
U27,P185,30.0
U27,P190,5.0
U27,P207,0.5
U27,P208,3.0
U27,P25,5.0
U27,P297,3.0
U27,P343,3.0
U27,P353,30.0
U27,P417,3.0
U27,P479,3.0
U27,P52,5.0
U27,P595,30.0
U27,P612,0.5
U27,P621,3.5
U27,P64,0.5
U27,P69,0.5
U27,P7,5.0
U27,P81,5.0
U27,P92,3.0
U271,P124,0.5
U271,P215,5.0
U271,P266,0.5
U271,P278,33.0
U271,P286,30.0
U271,P34,3.0
U271,P354,0.5
U271,P415,30.0
U271,P511,3.0
U271,P525,0.5
U271,P540,0.5
U271,P550,10.0
U271,P583,5.0
U271,P595,3.0
U271,P628,5.0
U271,P68,3.0
U271,P69,0.5
U271,P79,0.5
U271,P98,3.5
U272,P102,5.0
U272,P114,0.5
U272,P124,6.0
U272,P13,33.5
U272,P149,0.5
U272,P167,33.0
U272,P174,3.0
U272,P182,3.0
U272,P183,3.0
U272,P206,30.0
U272,P220,3.0
U272,P247,0.5
U272,P261,0.5
U272,P266,0.5
U272,P321,0.5
U272,P344,3.0
U272,P351,3.0
U272,P378,3.0
U272,P383,30.0
U272,P41,0.5
U272,P412,0.5
U272,P447,3.0
U272,P506,0.5
U272,P560,3.0
U272,P567,37.0
U272,P572,0.5
U272,P576,6.0
U272,P583,5.0
U272,P623,3.0
U272,P638,5.0
U272,P641,0.5
U272,P649,3.0
U272,P68,30.0
U272,P74,0.5
U272,P96,5.0
U273,P13,10.5
U273,P140,30.0
U273,P161,33.0
U273,P166,3.5
U273,P174,30.0
U273,P193,3.0
U273,P206,3.0
U273,P207,0.5
U273,P208,0.5
U273,P226,3.0
U273,P232,35.0
U273,P240,0.5
U273,P247,3.5
U273,P261,0.5
U273,P286,33.0
U273,P320,3.0
U273,P321,0.5
U273,P369,30.0
U273,P427,30.0
U273,P444,0.5
U273,P450,30.0
U273,P451,1.0
U273,P490,5.0
U273,P503,5.0
U273,P530,5.0
U273,P572,5.0
U273,P576,3.0
U273,P583,0.5
U273,P615,30.5
U273,P623,3.0
U273,P639,5.0
U273,P645,36.0
U273,P9,3.0
U273,P92,30.0
U273,P95,30.0
U274,P107,30.0
U274,P114,3.0
U274,P122,0.5
U274,P124,0.5
U274,P128,3.0
U274,P149,30.0
U274,P160,30.0
U274,P161,30.0
U274,P167,0.5
U274,P17,5.0
U274,P170,3.0
U274,P174,3.0
U274,P180,0.5
U274,P185,35.0
U274,P190,5.0
U274,P198,0.5
U274,P230,30.0
U274,P244,3.0
U274,P247,33.0
U274,P297,5.5
U274,P313,3.0
U274,P34,0.5
U274,P340,3.0
U274,P353,5.0
U274,P364,3.0
U274,P399,0.5
U274,P42,30.0
U274,P422,0.5
U274,P450,0.5
U274,P479,30.0
U274,P486,0.5
U274,P503,5.0
U274,P52,1.0
U274,P540,5.0
U274,P619,30.0
U274,P621,3.0
U274,P648,5.0
U274,P98,0.5
U275,P103,5.0
U275,P17,1.0
U275,P170,3.0
U275,P173,30.0
U275,P2,0.5
U275,P217,30.0
U275,P242,0.5
U275,P243,3.5
U275,P244,5.0
U275,P278,30.0
U275,P303,1.0
U275,P315,3.5
U275,P33,5.0
U275,P345,5.0
U275,P354,0.5
U275,P387,30.0
U275,P432,30.0
U275,P471,3.0
U275,P483,0.5
U275,P496,30.0
U275,P511,36.0
U275,P54,5.0
U275,P560,3.0
U275,P575,5.0
U275,P594,0.5
U275,P61,33.0
U275,P66,5.0
U275,P80,3.0
U275,P83,0.5
U277,P10,30.0
U277,P103,3.0
U277,P176,35.0
U277,P180,30.0
U277,P185,30.0
U277,P234,3.0
U277,P244,30.0
U277,P254,5.0
U277,P259,0.5
U277,P267,0.5
U277,P278,3.0
U277,P28,33.0
U277,P297,10.0
U277,P315,3.0
U277,P34,3.5
U277,P354,30.0
U277,P417,8.0
U277,P42,5.0
U277,P422,5.5
U277,P455,3.0
U277,P470,3.0
U277,P471,30.5
U277,P479,60.0
U277,P488,5.0
U277,P492,5.0
U277,P509,30.0
U277,P517,0.5
U277,P52,35.0
U277,P540,30.0
U277,P550,8.0
U277,P573,3.0
U277,P575,0.5
U277,P61,0.5
U277,P612,5.0
U277,P627,3.0
U277,P634,0.5
U277,P68,35.0
U277,P69,1.0
U277,P81,3.0
U277,P98,3.0
U278,P107,3.0
U278,P127,3.0
U278,P136,3.0
U278,P140,3.0
U278,P161,0.5
U278,P17,30.0
U278,P217,8.0
U278,P243,3.0
U278,P250,0.5
U278,P259,3.0
U278,P303,3.0
U278,P354,3.0
U278,P362,30.0
U278,P371,3.5
U278,P392,3.0
U278,P417,5.0
U278,P461,5.0
U278,P479,5.0
U278,P550,5.0
U278,P565,30.0
U278,P572,3.0
U278,P575,10.0
U278,P68,35.0
U278,P79,30.0
U279,P141,0.5
U279,P149,3.0
U279,P167,5.0
U279,P206,5.0
U279,P217,3.0
U279,P241,30.0
U279,P244,3.0
U279,P278,33.0
U279,P343,30.0
U279,P521,5.0
U279,P530,3.0
U279,P558,3.0
U279,P584,3.0
U279,P61,0.5
U279,P615,0.5
U28,P103,3.0
U28,P107,3.0
U28,P124,5.0
U28,P136,5.0
U28,P180,5.0
U28,P198,30.5
U28,P212,0.5
U28,P22,5.0
U28,P241,3.0
U28,P244,0.5
U28,P255,5.0
U28,P259,3.0
U28,P278,1.0
U28,P295,3.0
U28,P300,5.0
U28,P42,0.5
U28,P479,30.0
U28,P49,5.0
U28,P503,5.0
U28,P511,0.5
U28,P523,0.5
U28,P540,30.0
U28,P55,0.5
U28,P61,0.5
U28,P623,30.0
U28,P627,8.0
U28,P79,30.0
U28,P83,0.5
U280,P122,0.5
U280,P141,10.0
U280,P149,3.0
U280,P167,30.0
U280,P17,30.0
U280,P170,5.0
U280,P176,0.5
U280,P190,30.0
U280,P2,3.0
U280,P208,30.0
U280,P244,0.5
U280,P255,30.0
U280,P278,30.0
U280,P280,5.0
U280,P297,5.0
U280,P344,30.0
U280,P353,5.0
U280,P372,10.0
U280,P417,0.5
U280,P42,0.5
U280,P432,3.0
U280,P52,3.5
U280,P536,0.5
U280,P544,5.0
U280,P575,0.5
U280,P615,0.5
U280,P623,30.0
U280,P68,0.5
U280,P77,0.5
U281,P11,3.0
U281,P130,30.0
U281,P167,5.0
U281,P17,0.5
U281,P18,5.0
U281,P185,30.0
U281,P198,3.0
U281,P2,3.0
U281,P254,3.0
U281,P280,0.5
U281,P294,30.0
U281,P32,5.0
U281,P372,0.5
U281,P387,1.0
U281,P417,3.0
U281,P422,8.5
U281,P432,33.0
U281,P443,3.0
U281,P479,5.0
U281,P545,0.5
U281,P550,5.5
U281,P6,30.0
U281,P627,3.0
U282,P107,3.5
U282,P11,0.5
U282,P141,5.0
U282,P159,3.5
U282,P170,5.0
U282,P173,5.0
U282,P180,3.0
U282,P190,0.5
U282,P244,3.0
U282,P297,3.0
U282,P30,30.0
U282,P315,30.5
U282,P34,6.0
U282,P353,0.5
U282,P372,30.0
U282,P378,0.5
U282,P387,33.0
U282,P400,30.0
U282,P42,0.5
U282,P422,5.0
U282,P430,5.0
U282,P432,3.0
U282,P443,3.0
U282,P45,3.0
U282,P49,3.0
U282,P512,5.0
U282,P52,60.0
U282,P540,8.5
U282,P541,5.0
U282,P550,0.5
U282,P565,30.0
U282,P594,3.0
U282,P61,30.0
U282,P621,33.0
U282,P627,40.5
U282,P648,30.0
U282,P79,35.0
U283,P111,0.5
U283,P170,5.0
U283,P173,30.0
U283,P176,60.0
U283,P190,0.5
U283,P216,5.0
U283,P217,30.0
U283,P244,30.0
U283,P259,3.0
U283,P268,0.5
U283,P278,33.0
U283,P28,38.0
U283,P294,3.0
U283,P295,30.0
U283,P297,3.0
U283,P298,5.0
U283,P309,5.0
U283,P315,30.0
U283,P34,30.0
U283,P353,60.0
U283,P360,30.0
U283,P372,30.0
U283,P373,30.0
U283,P378,0.5
U283,P415,3.0
U283,P417,0.5
U283,P422,3.5
U283,P432,3.0
U283,P443,1.0
U283,P446,0.5
U283,P479,0.5
U283,P482,0.5
U283,P49,0.5
U283,P492,3.0
U283,P511,3.0
U283,P52,3.0
U283,P540,30.0
U283,P548,5.0
U283,P550,5.0
U283,P607,0.5
U283,P612,3.0
U283,P621,5.0
U283,P627,3.0
U283,P630,30.0
U283,P648,13.0
U283,P68,3.0
U283,P69,3.0
U283,P81,0.5
U283,P89,0.5
U283,P98,5.0
U284,P107,5.0
U284,P136,3.0
U284,P17,3.0
U284,P173,5.0
U284,P178,3.0
U284,P190,30.5
U284,P198,5.0
U284,P217,30.0
U284,P241,3.0
U284,P243,3.0
U284,P247,0.5
U284,P259,30.0
U284,P26,3.0
U284,P28,5.0
U284,P34,3.0
U284,P362,5.5
U284,P372,33.0
U284,P41,3.0
U284,P415,33.0
U284,P42,30.0
U284,P422,30.0
U284,P432,5.0
U284,P479,3.0
U284,P52,3.0
U284,P55,35.0
U284,P583,3.0
U284,P621,3.0
U284,P64,0.5
U285,P136,0.5
U285,P155,30.0
U285,P165,30.0
U285,P168,3.0
U285,P170,0.5
U285,P185,3.0
U285,P198,6.5
U285,P2,35.0
U285,P230,30.0
U285,P244,30.0
U285,P250,30.0
U285,P268,3.0
U285,P278,0.5
U285,P303,33.0
U285,P315,30.0
U285,P341,0.5
U285,P344,3.0
U285,P348,0.5
U285,P349,30.0
U285,P354,36.0
U285,P360,0.5
U285,P378,30.0
U285,P381,0.5
U285,P387,5.0
U285,P400,0.5
U285,P432,5.0
U285,P443,3.0
U285,P49,0.5
U285,P548,5.0
U285,P550,0.5
U285,P558,30.0
U285,P57,30.0
U285,P584,3.0
U285,P600,30.0
U285,P61,0.5
U285,P625,5.0
U285,P68,30.5
U285,P81,30.0
U285,P98,3.5
U287,P103,3.0
U287,P124,9.0
U287,P13,30.0
U287,P140,5.0
U287,P141,3.5
U287,P17,30.0
U287,P238,3.0
U287,P247,5.0
U287,P280,0.5
U287,P34,5.0
U287,P372,3.0
U287,P396,0.5
U287,P41,5.0
U287,P417,30.0
U287,P42,10.0
U287,P422,5.5
U287,P487,5.0
U287,P541,3.0
U287,P572,3.0
U287,P576,0.5
U287,P583,30.5
U287,P639,3.0
U287,P648,1.0
U287,P68,5.0
U287,P69,5.0
U287,P76,0.5
U29,P103,9.5
U29,P124,3.0
U29,P13,3.0
U29,P141,5.0
U29,P161,5.0
U29,P162,30.0
U29,P17,0.5
U29,P170,5.0
U29,P173,3.0
U29,P180,3.0
U29,P198,0.5
U29,P242,30.0
U29,P244,35.5
U29,P278,0.5
U29,P315,3.0
U29,P316,3.0
U29,P321,30.0
U29,P362,0.5
U29,P372,0.5
U29,P378,0.5
U29,P387,5.0
U29,P422,5.5
U29,P430,0.5
U29,P447,3.0
U29,P482,3.0
U29,P507,30.0
U29,P511,0.5
U29,P550,3.0
U29,P554,30.0
U29,P575,0.5
U29,P576,3.0
U29,P583,5.0
U29,P599,5.0
U29,P61,6.0
U29,P627,0.5
U29,P632,0.5
U29,P639,30.0
U29,P66,5.0
U29,P79,3.0
U290,P10,3.0
U290,P107,3.0
U290,P141,1.0
U290,P163,30.0
U290,P170,33.0
U290,P173,3.5
U290,P198,0.5
U290,P2,35.5
U290,P212,5.0
U290,P217,38.5
U290,P238,33.0
U290,P241,5.0
U290,P244,3.0
U290,P278,3.0
U290,P294,30.0
U290,P303,0.5
U290,P315,3.0
U290,P362,8.0
U290,P378,30.5
U290,P387,3.5
U290,P425,3.0
U290,P47,0.5
U290,P496,30.0
U290,P511,5.0
U290,P519,0.5
U290,P622,5.0
U290,P68,30.0
U290,P81,0.5
U291,P13,3.0
U291,P140,0.5
U291,P141,8.0
U291,P161,5.0
U291,P167,0.5
U291,P174,5.0
U291,P185,5.0
U291,P190,0.5
U291,P198,30.0
U291,P2,0.5
U291,P204,0.5
U291,P206,0.5
U291,P217,3.0
U291,P220,0.5
U291,P240,0.5
U291,P243,0.5
U291,P244,0.5
U291,P255,0.5
U291,P259,5.0
U291,P362,0.5
U291,P387,30.0
U291,P399,0.5
U291,P412,3.0
U291,P42,30.0
U291,P490,3.0
U291,P511,5.0
U291,P52,30.0
U291,P567,3.0
U291,P575,5.0
U291,P583,0.5
U291,P610,5.0
U291,P621,38.0
U291,P648,3.0
U291,P68,3.0
U291,P69,8.5
U291,P79,3.0
U291,P81,0.5
U293,P136,5.0
U293,P17,6.0
U293,P170,5.0
U293,P176,30.0
U293,P180,3.0
U293,P197,0.5
U293,P206,30.0
U293,P232,0.5
U293,P240,5.0
U293,P242,3.0
U293,P244,0.5
U293,P261,3.0
U293,P28,3.0
U293,P297,8.0
U293,P34,30.0
U293,P353,0.5
U293,P362,3.5
U293,P372,35.0
U293,P396,0.5
U293,P416,0.5
U293,P42,3.0
U293,P479,30.0
U293,P487,30.0
U293,P503,30.0
U293,P52,3.5
U293,P621,0.5
U293,P627,60.5
U295,P103,5.0
U295,P107,0.5
U295,P136,30.0
U295,P140,3.0
U295,P141,0.5
U295,P173,0.5
U295,P185,30.0
U295,P198,5.0
U295,P204,30.0
U295,P238,0.5
U295,P296,3.0
U295,P353,5.5
U295,P387,8.0
U295,P42,5.0
U295,P428,5.0
U295,P432,3.0
U295,P471,0.5
U295,P567,3.0
U295,P575,0.5
U295,P58,3.0
U295,P6,0.5
U295,P61,5.5
U295,P621,5.0
U295,P639,35.0
U295,P643,3.0
U295,P68,0.5
U296,P11,5.0
U296,P136,10.0
U296,P141,3.5
U296,P167,0.5
U296,P170,30.0
U296,P176,5.0
U296,P18,30.0
U296,P180,3.5
U296,P185,5.0
U296,P190,5.0
U296,P203,5.0
U296,P238,5.0
U296,P244,6.0
U296,P344,3.0
U296,P378,30.5
U296,P627,30.0
U296,P648,3.0
U296,P69,0.5
U297,P136,3.5
U297,P185,3.0
U297,P190,0.5
U297,P196,5.0
U297,P198,5.0
U297,P209,3.0
U297,P422,30.0
U297,P47,3.0
U297,P488,30.0
U297,P541,0.5
U298,P107,5.0
U298,P140,3.0
U298,P161,30.0
U298,P170,3.0
U298,P176,0.5
U298,P197,0.5
U298,P198,0.5
U298,P217,30.0
U298,P228,0.5
U298,P234,30.0
U298,P241,30.0
U298,P243,5.0
U298,P259,3.0
U298,P278,1.0
U298,P297,3.5
U298,P303,5.0
U298,P309,3.0
U298,P312,33.0
U298,P34,8.0
U298,P354,33.0
U298,P387,8.5
U298,P422,5.0
U298,P446,5.0
U298,P469,3.0
U298,P471,3.0
U298,P479,3.0
U298,P53,5.0
U298,P550,30.5
U298,P567,0.5
U298,P572,30.0
U298,P575,35.0
U298,P600,3.0
U298,P606,30.0
U298,P61,60.0
U298,P621,0.5
U298,P627,8.0
U298,P648,0.5
U298,P68,5.0
U298,P72,5.0
U299,P163,3.0
U299,P173,5.0
U299,P195,3.0
U299,P2,0.5
U299,P241,33.5
U299,P243,0.5
U299,P244,3.0
U299,P259,30.0
U299,P278,1.0
U299,P315,11.0
U299,P322,3.0
U299,P348,0.5
U299,P378,8.0
U299,P387,3.5
U299,P432,6.0
U299,P443,35.0
U299,P511,0.5
U299,P519,5.0
U299,P550,0.5
U299,P61,1.0
U299,P647,0.5
U299,P98,6.0
U3,P1,5.0
U3,P141,0.5
U3,P176,30.0
U3,P185,3.0
U3,P190,30.0
U3,P197,0.5
U3,P210,0.5
U3,P278,30.0
U3,P328,30.0
U3,P353,9.0
U3,P372,33.0
U3,P422,60.0
U3,P49,0.5
U3,P550,3.0
U3,P575,5.0
U3,P648,3.5
U3,P69,3.0
U3,P98,0.5
U30,P107,5.0
U30,P124,0.5
U30,P127,30.0
U30,P136,0.5
U30,P161,30.0
U30,P173,5.0
U30,P174,3.5
U30,P198,3.0
U30,P207,0.5
U30,P219,0.5
U30,P232,3.0
U30,P237,0.5
U30,P241,6.0
U30,P303,3.0
U30,P315,5.5
U30,P320,5.0
U30,P41,5.5
U30,P420,3.0
U30,P432,1.0
U30,P441,0.5
U30,P443,0.5
U30,P447,5.0
U30,P484,3.0
U30,P530,3.0
U30,P55,30.0
U30,P550,3.0
U30,P567,5.0
U30,P572,5.0
U30,P575,3.0
U30,P576,6.0
U30,P577,0.5
U30,P587,30.0
U30,P623,3.0
U30,P632,30.0
U30,P645,60.0
U30,P98,0.5
U301,P10,8.0
U301,P116,0.5
U301,P141,30.0
U301,P17,3.0
U301,P185,33.0
U301,P190,5.5
U301,P2,3.0
U301,P221,0.5
U301,P241,5.0
U301,P242,30.0
U301,P243,0.5
U301,P244,30.0
U301,P296,30.0
U301,P315,5.0
U301,P34,6.0
U301,P353,3.5
U301,P378,5.0
U301,P417,1.0
U301,P42,30.0
U301,P422,8.0
U301,P432,6.0
U301,P443,5.0
U301,P458,5.0
U301,P479,33.0
U301,P49,5.0
U301,P50,3.0
U301,P519,35.0
U301,P540,33.0
U301,P575,3.0
U301,P580,30.0
U301,P627,1.0
U301,P81,3.0
U301,P98,35.0
U302,P176,3.0
U302,P2,0.5
U302,P278,60.0
U302,P312,3.0
U302,P315,60.0
U302,P35,30.0
U302,P354,0.5
U302,P372,0.5
U302,P387,30.5
U302,P411,5.0
U302,P415,0.5
U302,P42,5.0
U302,P422,3.0
U302,P432,5.0
U302,P484,0.5
U302,P511,30.5
U302,P517,30.0
U302,P575,0.5
U302,P577,3.0
U302,P594,30.0
U302,P627,3.5
U302,P630,30.0
U302,P643,0.5
U302,P69,5.5
U302,P94,0.5
U303,P102,0.5
U303,P122,0.5
U303,P141,33.0
U303,P167,0.5
U303,P170,0.5
U303,P172,5.0
U303,P176,33.5
U303,P187,30.0
U303,P195,0.5
U303,P198,0.5
U303,P207,3.0
U303,P208,3.0
U303,P217,6.0
U303,P22,5.0
U303,P230,30.0
U303,P238,5.0
U303,P243,3.0
U303,P25,5.0
U303,P255,5.0
U303,P28,5.0
U303,P303,3.0
U303,P315,3.0
U303,P339,1.0
U303,P34,3.5
U303,P356,0.5
U303,P362,30.0
U303,P379,0.5
U303,P386,3.0
U303,P387,3.0
U303,P42,3.0
U303,P439,3.0
U303,P451,5.0
U303,P471,30.0
U303,P487,5.0
U303,P49,0.5
U303,P503,5.0
U303,P511,30.0
U303,P52,5.0
U303,P540,38.0
U303,P544,0.5
U303,P550,30.0
U303,P557,3.0
U303,P558,30.0
U303,P584,3.0
U303,P595,3.0
U303,P597,3.0
U303,P607,0.5
U303,P615,0.5
U303,P621,6.5
U303,P648,1.0
U303,P79,41.0
U303,P81,3.0
U303,P92,0.5
U303,P98,0.5
U304,P170,3.0
U304,P174,3.0
U304,P219,3.0
U304,P238,5.0
U304,P242,3.0
U304,P245,30.0
U304,P266,0.5
U304,P286,0.5
U304,P353,3.0
U304,P415,3.0
U304,P49,0.5
U304,P495,3.0
U304,P506,30.0
U304,P572,5.0
U304,P576,5.0
U304,P621,0.5
U304,P645,8.0
U304,P68,3.0
U304,P87,3.0
U305,P122,3.0
U305,P124,0.5
U305,P13,3.5
U305,P149,6.0
U305,P166,35.0
U305,P173,3.5
U305,P179,3.0
U305,P2,0.5
U305,P207,3.0
U305,P217,5.0
U305,P240,30.5
U305,P241,0.5
U305,P255,3.0
U305,P261,3.0
U305,P315,0.5
U305,P321,0.5
U305,P35,3.0
U305,P354,0.5
U305,P367,3.0
U305,P370,5.0
U305,P385,0.5
U305,P41,30.0
U305,P447,60.0
U305,P471,1.0
U305,P477,3.0
U305,P480,5.0
U305,P490,3.0
U305,P503,8.5
U305,P511,5.0
U305,P536,0.5
U305,P55,3.0
U305,P555,30.0
U305,P575,3.0
U305,P576,6.0
U305,P588,0.5
U305,P61,0.5
U305,P615,35.5
U305,P623,30.5
U305,P9,30.0
U305,P92,5.0
U306,P107,3.0
U306,P11,5.0
U306,P173,5.0
U306,P176,0.5
U306,P217,0.5
U306,P241,3.0
U306,P278,14.5
U306,P297,3.0
U306,P303,34.0
U306,P315,0.5
U306,P362,3.0
U306,P372,3.0
U306,P387,3.0
U306,P42,8.5
U306,P432,6.0
U306,P443,0.5
U306,P459,3.0
U306,P471,33.0
U306,P479,35.0
U306,P486,0.5
U306,P507,3.5
U306,P550,5.5
U306,P557,3.0
U306,P575,3.5
U306,P577,3.0
U306,P627,5.0
U306,P79,0.5
U306,P81,5.0
U307,P107,5.0
U307,P185,5.0
U307,P213,5.0
U307,P243,3.5
U307,P249,3.0
U307,P263,3.0
U307,P297,30.0
U307,P315,1.0
U307,P354,5.5
U307,P411,0.5
U307,P43,0.5
U307,P443,5.0
U307,P471,5.0
U307,P479,5.0
U307,P511,3.0
U307,P599,30.0
U307,P61,30.0
U307,P611,3.0
U307,P648,3.0
U307,P68,30.0
U307,P98,30.0
U308,P103,30.0
U308,P114,30.0
U308,P121,3.0
U308,P124,30.0
U308,P13,0.5
U308,P140,8.0
U308,P154,30.0
U308,P17,0.5
U308,P170,30.0
U308,P173,5.0
U308,P174,33.0
U308,P185,0.5
U308,P206,3.0
U308,P238,5.0
U308,P240,6.5
U308,P243,0.5
U308,P244,5.0
U308,P321,5.0
U308,P33,5.0
U308,P339,5.5
U308,P362,6.5
U308,P41,5.0
U308,P443,30.0
U308,P447,5.0
U308,P469,30.0
U308,P49,30.0
U308,P503,0.5
U308,P530,0.5
U308,P543,3.0
U308,P567,3.0
U308,P575,3.0
U308,P593,5.0
U308,P631,0.5
U308,P632,6.0
U308,P639,3.0
U308,P92,5.5
U309,P107,30.0
U309,P136,8.0
U309,P141,0.5
U309,P149,5.0
U309,P167,8.0
U309,P17,5.0
U309,P170,5.0
U309,P173,10.0
U309,P180,8.0
U309,P185,30.5
U309,P198,5.0
U309,P232,0.5
U309,P240,3.0
U309,P243,5.0
U309,P244,0.5
U309,P259,3.5
U309,P303,5.5
U309,P315,0.5
U309,P348,30.0
U309,P354,0.5
U309,P362,5.0
U309,P364,5.0
U309,P378,0.5
U309,P379,30.0
U309,P387,5.0
U309,P432,0.5
U309,P443,3.0
U309,P459,3.0
U309,P471,5.0
U309,P49,5.0
U309,P511,0.5
U309,P550,3.0
U309,P575,3.0
U309,P600,0.5
U309,P61,10.0
U309,P7,30.0
U309,P78,0.5
U309,P81,6.0
U309,P98,30.0
U31,P107,0.5
U31,P141,1.0
U31,P167,33.0
U31,P170,3.5
U31,P173,5.0
U31,P174,3.0
U31,P180,30.5
U31,P190,3.0
U31,P195,0.5
U31,P242,5.0
U31,P243,0.5
U31,P244,0.5
U31,P259,0.5
U31,P28,1.0
U31,P297,3.5
U31,P303,3.0
U31,P309,0.5
U31,P340,3.0
U31,P378,30.0
U31,P399,30.0
U31,P479,3.5
U31,P52,0.5
U31,P536,0.5
U31,P540,5.0
U31,P556,3.0
U31,P557,0.5
U31,P575,5.0
U31,P59,3.0
U31,P612,30.0
U31,P621,5.0
U31,P632,0.5
U31,P648,0.5
U31,P69,6.0
U31,P81,30.0
U310,P103,0.5
U310,P107,0.5
U310,P173,3.5
U310,P180,30.0
U310,P2,8.0
U310,P207,30.0
U310,P208,30.0
U310,P223,3.0
U310,P226,30.0
U310,P241,30.0
U310,P247,5.0
U310,P28,8.5
U310,P297,30.0
U310,P311,30.0
U310,P320,0.5
U310,P321,33.0
U310,P339,0.5
U310,P34,5.0
U310,P353,3.0
U310,P354,0.5
U310,P41,0.5
U310,P412,0.5
U310,P42,0.5
U310,P471,0.5
U310,P485,3.0
U310,P49,30.0
U310,P497,30.0
U310,P55,3.0
U310,P567,0.5
U310,P575,1.0
U310,P61,6.0
U310,P615,3.0
U310,P621,5.0
U310,P623,6.0
U310,P639,30.0
U310,P642,0.5
U310,P648,30.0
U310,P79,3.0
U310,P86,0.5
U312,P10,3.0
U312,P103,33.0
U312,P107,5.0
U312,P128,30.0
U312,P129,0.5
U312,P147,5.0
U312,P163,5.0
U312,P167,0.5
U312,P17,3.0
U312,P170,5.0
U312,P173,8.0
U312,P180,30.5
U312,P185,3.0
U312,P198,3.0
U312,P2,3.0
U312,P203,0.5
U312,P209,5.0
U312,P217,60.5
U312,P241,0.5
U312,P243,5.0
U312,P244,35.0
U312,P259,5.0
U312,P348,3.0
U312,P354,5.5
U312,P362,3.0
U312,P378,8.0
U312,P387,5.0
U312,P396,33.0
U312,P400,5.0
U312,P432,5.0
U312,P441,0.5
U312,P443,3.0
U312,P471,3.5
U312,P49,6.0
U312,P502,0.5
U312,P507,3.0
U312,P550,0.5
U312,P61,8.0
U312,P79,30.0
U312,P81,30.5
U312,P98,0.5
U314,P107,3.0
U314,P122,30.0
U314,P180,3.0
U314,P2,30.0
U314,P206,3.0
U314,P217,1.0
U314,P232,30.0
U314,P247,5.0
U314,P285,5.0
U314,P303,3.0
U314,P315,30.0
U314,P336,3.0
U314,P359,0.5
U314,P372,5.0
U314,P395,30.0
U314,P396,0.5
U314,P437,3.0
U314,P47,5.0
U314,P472,0.5
U314,P49,0.5
U314,P511,33.0
U314,P52,3.0
U314,P530,0.5
U314,P573,30.0
U314,P61,6.0
U314,P68,30.0
U314,P69,5.0
U314,P81,3.0
U314,P83,0.5
U314,P98,3.0
U315,P103,3.0
U315,P111,30.0
U315,P114,3.0
U315,P124,30.0
U315,P13,8.0
U315,P140,0.5
U315,P142,3.0
U315,P152,0.5
U315,P155,0.5
U315,P164,0.5
U315,P193,0.5
U315,P238,5.0
U315,P240,5.0
U315,P243,5.0
U315,P244,30.0
U315,P247,33.0
U315,P286,5.5
U315,P31,0.5
U315,P321,38.0
U315,P326,3.0
U315,P34,0.5
U315,P383,3.0
U315,P387,3.0
U315,P415,30.0
U315,P428,30.0
U315,P447,1.0
U315,P49,0.5
U315,P52,0.5
U315,P55,0.5
U315,P567,10.5
U315,P572,36.0
U315,P576,0.5
U315,P583,0.5
U315,P623,30.0
U315,P639,3.0
U315,P643,3.0
U315,P645,0.5
U315,P68,33.0
U315,P79,31.0
U316,P107,40.0
U316,P111,5.0
U316,P141,3.0
U316,P173,3.0
U316,P185,30.5
U316,P198,5.0
U316,P217,5.5
U316,P241,0.5
U316,P259,18.0
U316,P278,8.5
U316,P309,5.0
U316,P312,30.0
U316,P315,3.5
U316,P337,5.0
U316,P354,6.5
U316,P396,30.0
U316,P432,8.0
U316,P443,0.5
U316,P471,30.5
U316,P474,30.0
U316,P511,0.5
U316,P531,3.0
U316,P550,43.0
U316,P552,0.5
U316,P575,8.0
U316,P59,5.0
U316,P61,8.0
U316,P611,0.5
U316,P79,5.0
U316,P98,30.0
U317,P103,5.5
U317,P107,60.0
U317,P141,1.0
U317,P155,0.5
U317,P160,3.0
U317,P161,3.0
U317,P170,5.0
U317,P173,35.5
U317,P174,5.0
U317,P180,30.0
U317,P22,6.0
U317,P238,5.0
U317,P250,3.0
U317,P278,3.0
U317,P315,30.5
U317,P333,30.0
U317,P343,0.5
U317,P362,3.0
U317,P383,0.5
U317,P41,3.0
U317,P412,5.0
U317,P420,3.0
U317,P432,30.0
U317,P443,0.5
U317,P471,6.0
U317,P49,3.0
U317,P507,30.0
U317,P511,0.5
U317,P53,0.5
U317,P548,3.0
U317,P576,3.0
U317,P578,5.0
U317,P584,3.0
U317,P61,3.5
U317,P625,30.0
U317,P632,0.5
U317,P639,0.5
U317,P645,30.0
U317,P66,0.5
U317,P79,3.0
U318,P122,3.0
U318,P124,5.0
U318,P13,0.5
U318,P140,5.5
U318,P149,6.0
U318,P161,30.0
U318,P173,3.5
U318,P174,5.0
U318,P182,5.0
U318,P183,5.0
U318,P207,5.0
U318,P232,0.5
U318,P245,30.0
U318,P247,33.0
U318,P255,5.0
U318,P286,1.5
U318,P3,3.0
U318,P320,0.5
U318,P321,30.5
U318,P339,3.0
U318,P404,3.0
U318,P41,0.5
U318,P435,3.0
U318,P447,1.0
U318,P457,30.0
U318,P469,0.5
U318,P503,3.0
U318,P511,5.0
U318,P55,6.0
U318,P559,0.5
U318,P57,0.5
U318,P572,3.0
U318,P604,0.5
U318,P615,3.0
U318,P623,30.0
U318,P632,8.5
U318,P639,1.5
U318,P645,30.0
U318,P73,0.5
U318,P87,0.5
U318,P93,5.0
U319,P104,30.0
U319,P107,30.0
U319,P108,30.0
U319,P141,3.0
U319,P149,3.0
U319,P170,0.5
U319,P173,3.0
U319,P176,5.0
U319,P190,0.5
U319,P206,5.0
U319,P208,0.5
U319,P219,3.0
U319,P232,3.0
U319,P251,10.0
U319,P261,3.5
U319,P281,5.0
U319,P286,3.0
U319,P315,10.5
U319,P372,30.0
U319,P375,30.0
U319,P379,30.0
U319,P392,5.0
U319,P415,5.0
U319,P417,0.5
U319,P422,5.0
U319,P432,0.5
U319,P447,3.0
U319,P471,5.0
U319,P49,3.0
U319,P496,0.5
U319,P511,5.5
U319,P567,3.0
U319,P61,30.0
U319,P615,0.5
U319,P623,3.5
U319,P79,3.0
U319,P98,0.5
U32,P122,0.5
U32,P124,1.0
U32,P166,5.0
U32,P2,0.5
U32,P207,0.5
U32,P247,30.0
U32,P278,0.5
U32,P28,3.0
U32,P282,3.0
U32,P286,5.0
U32,P291,0.5
U32,P31,30.0
U32,P326,30.0
U32,P339,0.5
U32,P399,5.0
U32,P422,5.0
U32,P446,0.5
U32,P447,30.0
U32,P45,5.0
U32,P450,3.0
U32,P458,5.0
U32,P540,5.0
U32,P550,5.0
U32,P57,0.5
U32,P572,0.5
U32,P583,0.5
U32,P615,3.0
U32,P621,3.0
U32,P627,5.0
U32,P640,3.0
U32,P645,30.0
U32,P648,30.0
U32,P92,30.0
U321,P122,30.0
U321,P140,8.0
U321,P149,63.0
U321,P166,0.5
U321,P168,5.0
U321,P174,5.0
U321,P180,8.0
U321,P190,5.0
U321,P2,30.0
U321,P206,5.0
U321,P207,5.0
U321,P217,0.5
U321,P221,0.5
U321,P240,33.0
U321,P247,5.0
U321,P250,0.5
U321,P261,5.0
U321,P278,3.0
U321,P321,8.5
U321,P374,30.0
U321,P404,5.0
U321,P42,5.0
U321,P420,30.0
U321,P422,3.0
U321,P447,3.0
U321,P451,11.0
U321,P490,3.0
U321,P503,13.5
U321,P511,0.5
U321,P54,3.0
U321,P554,3.0
U321,P572,6.0
U321,P580,0.5
U321,P594,5.0
U321,P613,0.5
U321,P615,3.0
U321,P639,0.5
U321,P640,3.0
U322,P103,3.0
U322,P107,3.0
U322,P167,30.0
U322,P174,0.5
U322,P217,38.0
U322,P238,0.5
U322,P241,3.0
U322,P243,30.0
U322,P259,5.5
U322,P278,33.0
U322,P280,5.0
U322,P296,3.0
U322,P303,3.0
U322,P315,0.5
U322,P328,0.5
U322,P354,30.5
U322,P355,30.0
U322,P362,3.0
U322,P387,30.0
U322,P396,5.0
U322,P432,5.0
U322,P464,3.0
U322,P465,3.0
U322,P470,0.5
U322,P471,3.0
U322,P511,0.5
U322,P540,0.5
U322,P550,0.5
U322,P575,3.0
U322,P576,0.5
U322,P600,3.0
U322,P627,30.5
U322,P66,0.5
U322,P7,0.5
U322,P98,3.0
U323,P13,3.0
U323,P140,5.0
U323,P144,30.0
U323,P149,5.0
U323,P166,30.0
U323,P183,30.0
U323,P208,3.5
U323,P232,5.0
U323,P240,30.0
U323,P303,30.0
U323,P354,30.0
U323,P367,0.5
U323,P373,30.0
U323,P379,3.0
U323,P387,3.0
U323,P396,5.0
U323,P41,0.5
U323,P447,5.0
U323,P485,0.5
U323,P49,1.0
U323,P553,5.0
U323,P575,5.0
U323,P639,3.0
U323,P68,5.0
U324,P109,0.5
U324,P136,3.0
U324,P138,3.0
U324,P167,30.5
U324,P190,33.0
U324,P191,1.0
U324,P198,30.0
U324,P2,3.5
U324,P207,5.0
U324,P215,5.0
U324,P243,3.0
U324,P254,3.0
U324,P259,0.5
U324,P27,0.5
U324,P278,5.0
U324,P297,8.5
U324,P299,3.0
U324,P303,5.0
U324,P330,0.5
U324,P339,0.5
U324,P34,3.0
U324,P353,6.5
U324,P374,3.0
U324,P387,5.0
U324,P415,1.0
U324,P42,5.5
U324,P422,3.5
U324,P443,5.0
U324,P481,5.0
U324,P499,5.0
U324,P52,8.0
U324,P530,6.5
U324,P540,30.0
U324,P544,0.5
U324,P575,3.0
U324,P576,0.5
U324,P595,3.0
U324,P606,30.0
U324,P612,30.0
U324,P621,8.0
U324,P645,3.0
U324,P648,5.0
U324,P69,5.0
U325,P122,5.0
U325,P124,3.5
U325,P13,5.0
U325,P161,5.0
U325,P166,30.0
U325,P206,3.0
U325,P207,8.0
U325,P208,30.5
U325,P232,5.0
U325,P240,33.0
U325,P284,0.5
U325,P286,3.0
U325,P339,30.0
U325,P379,3.0
U325,P395,30.0
U325,P397,0.5
U325,P451,5.5
U325,P521,0.5
U325,P530,0.5
U325,P55,3.5
U325,P572,0.5
U325,P615,5.0
U325,P623,3.5
U325,P632,0.5
U325,P92,30.5
U327,P107,1.0
U327,P111,3.0
U327,P141,10.0
U327,P2,0.5
U327,P212,5.0
U327,P22,30.0
U327,P259,0.5
U327,P263,3.0
U327,P278,3.5
U327,P303,38.0
U327,P315,5.0
U327,P362,3.0
U327,P378,6.0
U327,P396,38.5
U327,P432,7.0
U327,P443,3.0
U327,P471,3.0
U327,P511,3.0
U327,P531,30.0
U327,P565,5.0
U327,P78,5.0
U327,P80,3.0
U327,P83,0.5
U327,P98,3.0
U33,P122,30.0
U33,P141,0.5
U33,P17,0.5
U33,P180,30.0
U33,P185,5.0
U33,P190,30.0
U33,P2,0.5
U33,P206,30.0
U33,P217,5.0
U33,P238,5.0
U33,P243,30.0
U33,P259,60.0
U33,P268,0.5
U33,P28,3.0
U33,P280,3.0
U33,P297,0.5
U33,P34,33.0
U33,P345,5.0
U33,P349,0.5
U33,P35,30.0
U33,P362,30.0
U33,P372,0.5
U33,P387,3.0
U33,P396,0.5
U33,P417,33.0
U33,P422,1.0
U33,P429,0.5
U33,P432,0.5
U33,P471,3.0
U33,P479,1.5
U33,P49,3.5
U33,P50,3.5
U33,P503,0.5
U33,P511,0.5
U33,P52,3.5
U33,P540,3.0
U33,P544,3.0
U33,P575,0.5
U33,P592,3.0
U33,P599,3.0
U33,P621,3.0
U33,P623,3.0
U33,P69,3.0
U33,P76,5.0
U33,P79,5.0
U33,P94,0.5
U330,P122,8.5
U330,P136,3.0
U330,P161,1.0
U330,P174,33.0
U330,P206,3.0
U330,P207,3.0
U330,P224,30.0
U330,P232,0.5
U330,P247,30.0
U330,P255,3.0
U330,P261,5.0
U330,P286,5.0
U330,P299,5.0
U330,P362,30.0
U330,P379,4.0
U330,P399,0.5
U330,P447,30.0
U330,P463,0.5
U330,P474,0.5
U330,P503,3.0
U330,P530,3.0
U330,P55,8.0
U330,P567,5.0
U330,P572,3.5
U330,P583,5.0
U330,P615,0.5
U330,P639,5.5
U330,P645,30.0
U330,P92,0.5
U330,P99,0.5
U331,P122,8.5
U331,P13,0.5
U331,P149,35.0
U331,P161,35.0
U331,P207,30.5
U331,P208,46.0
U331,P245,30.0
U331,P247,6.0
U331,P255,3.0
U331,P261,5.0
U331,P293,3.0
U331,P339,3.5
U331,P370,30.0
U331,P379,0.5
U331,P41,3.0
U331,P477,3.0
U331,P503,30.0
U331,P567,0.5
U331,P583,5.0
U331,P592,3.0
U331,P615,0.5
U331,P623,5.0
U331,P641,30.0
U331,P649,3.0
U331,P92,3.5
U334,P1,0.5
U334,P107,9.0
U334,P124,30.0
U334,P143,0.5
U334,P167,5.0
U334,P173,1.0
U334,P198,5.0
U334,P2,5.5
U334,P217,5.0
U334,P243,33.0
U334,P259,1.0
U334,P28,5.0
U334,P303,3.5
U334,P354,5.5
U334,P362,0.5
U334,P378,0.5
U334,P387,5.0
U334,P41,3.0
U334,P417,3.5
U334,P422,5.0
U334,P443,3.0
U334,P471,0.5
U334,P54,3.0
U334,P550,3.0
U334,P573,5.0
U334,P575,10.0
U334,P61,11.0
U334,P62,0.5
U334,P621,33.0
U334,P627,3.0
U334,P630,0.5
U334,P632,0.5
U334,P645,35.0
U334,P68,3.0
U334,P79,0.5
U334,P81,5.0
U334,P98,33.5
U335,P122,6.0
U335,P136,3.0
U335,P141,5.0
U335,P15,3.0
U335,P150,3.0
U335,P176,10.5
U335,P178,5.0
U335,P206,0.5
U335,P209,3.0
U335,P216,0.5
U335,P217,0.5
U335,P22,30.0
U335,P282,3.0
U335,P353,30.0
U335,P375,3.0
U335,P396,0.5
U335,P417,30.5
U335,P422,6.0
U335,P432,0.5
U335,P471,30.0
U335,P479,30.5
U335,P511,3.0
U335,P52,3.0
U335,P540,3.0
U335,P548,0.5
U335,P575,3.5
U335,P580,3.0
U335,P61,33.0
U335,P615,3.0
U335,P627,0.5
U335,P648,3.0
U335,P69,5.5
U335,P80,5.0
U336,P122,0.5
U336,P124,30.0
U336,P136,0.5
U336,P140,3.0
U336,P149,3.0
U336,P161,30.0
U336,P174,3.0
U336,P198,5.0
U336,P206,6.0
U336,P207,0.5
U336,P208,5.0
U336,P255,3.0
U336,P284,3.0
U336,P305,5.0
U336,P321,3.0
U336,P342,5.0
U336,P369,3.0
U336,P451,30.0
U336,P474,3.0
U336,P505,3.0
U336,P522,3.0
U336,P615,3.0
U336,P623,0.5
U336,P631,3.0
U336,P632,0.5
U336,P639,30.5
U337,P103,3.5
U337,P110,0.5
U337,P124,3.0
U337,P13,3.0
U337,P161,0.5
U337,P180,0.5
U337,P2,5.0
U337,P206,30.0
U337,P207,5.0
U337,P220,3.0
U337,P232,0.5
U337,P240,3.0
U337,P241,30.0
U337,P247,0.5
U337,P250,3.0
U337,P255,10.5
U337,P261,8.0
U337,P271,5.0
U337,P28,30.0
U337,P286,30.0
U337,P297,0.5
U337,P339,0.5
U337,P34,5.0
U337,P343,0.5
U337,P362,8.0
U337,P378,0.5
U337,P382,5.5
U337,P447,3.0
U337,P451,0.5
U337,P480,0.5
U337,P503,8.0
U337,P52,0.5
U337,P523,3.0
U337,P530,30.0
U337,P550,5.0
U337,P583,3.0
U337,P590,3.0
U337,P615,35.0
U337,P621,5.0
U337,P639,3.0
U337,P645,5.0
U337,P79,5.0
U337,P81,6.0
U337,P83,3.0
U337,P86,30.0
U337,P92,30.0
U337,P96,0.5
U338,P103,5.0
U338,P107,13.0
U338,P118,0.5
U338,P136,0.5
U338,P155,5.0
U338,P167,5.0
U338,P17,8.0
U338,P170,30.0
U338,P176,30.5
U338,P180,5.0
U338,P198,5.0
U338,P203,30.0
U338,P238,3.0
U338,P241,30.0
U338,P244,5.0
U338,P259,3.5
U338,P34,5.0
U338,P343,3.0
U338,P354,30.0
U338,P387,5.0
U338,P396,3.0
U338,P4,30.0
U338,P474,5.0
U338,P511,0.5
U338,P540,5.0
U338,P550,3.0
U338,P575,5.0
U338,P61,3.0
U338,P79,30.0
U338,P98,3.5
U339,P103,3.0
U339,P136,4.0
U339,P141,0.5
U339,P145,5.0
U339,P156,5.0
U339,P17,35.0
U339,P170,6.5
U339,P173,3.0
U339,P198,10.5
U339,P2,5.0
U339,P241,5.0
U339,P273,0.5
U339,P278,5.0
U339,P315,10.0
U339,P354,5.0
U339,P362,30.5
U339,P378,1.5
U339,P387,5.5
U339,P396,0.5
U339,P43,5.0
U339,P432,3.0
U339,P443,5.0
U339,P47,0.5
U339,P496,0.5
U339,P503,35.0
U339,P511,0.5
U339,P545,5.0
U339,P62,0.5
U339,P79,3.0
U339,P81,3.5
U339,P83,3.0
U339,P89,30.0
U339,P92,30.0
U339,P94,30.0
U339,P98,6.5
U34,P124,0.5
U34,P13,3.5
U34,P141,8.0
U34,P149,3.0
U34,P167,30.0
U34,P174,30.0
U34,P206,0.5
U34,P207,0.5
U34,P208,30.0
U34,P232,6.0
U34,P240,0.5
U34,P241,30.0
U34,P247,5.0
U34,P309,3.0
U34,P321,3.0
U34,P339,0.5
U34,P354,30.0
U34,P379,35.0
U34,P39,30.0
U34,P420,3.0
U34,P432,5.0
U34,P451,0.5
U34,P523,5.0
U34,P55,3.0
U34,P576,0.5
U34,P583,30.0
U34,P61,5.0
U34,P623,5.0
U34,P7,30.0
U34,P92,0.5
U340,P136,0.5
U340,P190,3.0
U340,P2,30.0
U340,P238,30.0
U340,P244,3.0
U340,P262,5.0
U340,P295,5.0
U340,P312,35.0
U340,P328,0.5
U340,P338,3.0
U340,P372,0.5
U340,P379,30.0
U340,P415,3.0
U340,P417,6.5
U340,P422,5.0
U340,P451,0.5
U340,P533,3.0
U340,P575,0.5
U340,P590,0.5
U340,P61,30.0
U340,P621,30.0
U340,P627,0.5
U340,P69,0.5
U340,P79,30.0
U341,P107,30.5
U341,P149,30.0
U341,P173,30.5
U341,P180,3.0
U341,P2,30.0
U341,P206,0.5
U341,P208,0.5
U341,P259,0.5
U341,P278,30.0
U341,P297,5.0
U341,P298,0.5
U341,P303,30.0
U341,P315,3.5
U341,P387,0.5
U341,P391,3.0
U341,P417,8.0
U341,P42,3.0
U341,P422,3.0
U341,P443,5.5
U341,P50,3.0
U341,P52,30.0
U341,P546,3.0
U341,P600,3.0
U341,P607,3.0
U341,P627,0.5
U341,P648,3.0
U341,P69,30.0
U341,P80,0.5
U341,P81,5.0
U341,P96,3.0
U342,P122,5.0
U342,P135,5.0
U342,P166,35.0
U342,P179,0.5
U342,P232,30.5
U342,P255,30.5
U342,P264,3.5
U342,P286,3.0
U342,P302,3.0
U342,P306,3.0
U342,P321,3.0
U342,P339,3.0
U342,P379,11.0
U342,P382,3.0
U342,P395,0.5
U342,P468,33.0
U342,P490,0.5
U342,P491,5.0
U342,P543,35.0
U342,P55,30.0
U342,P559,3.0
U342,P572,30.0
U342,P576,5.0
U342,P589,30.0
U342,P615,0.5
U342,P623,30.0
U342,P632,3.5
U342,P639,5.0
U342,P645,30.5
U342,P84,0.5
U342,P85,0.5
U342,P92,6.0
U344,P159,5.0
U344,P167,5.0
U344,P198,0.5
U344,P244,0.5
U344,P259,3.0
U344,P278,30.0
U344,P341,0.5
U344,P348,3.0
U344,P349,0.5
U344,P387,5.0
U344,P392,3.0
U344,P432,30.5
U344,P48,0.5
U344,P483,0.5
U344,P511,8.0
U344,P575,30.0
U344,P61,0.5
U345,P107,0.5
U345,P198,3.0
U345,P2,0.5
U345,P217,0.5
U345,P221,5.0
U345,P231,5.0
U345,P242,5.0
U345,P259,8.5
U345,P303,0.5
U345,P387,3.0
U345,P432,30.0
U345,P443,30.0
U345,P471,0.5
U345,P50,3.0
U345,P59,5.0
U345,P78,3.0
U345,P81,0.5
U346,P103,30.5
U346,P107,30.5
U346,P110,0.5
U346,P129,3.0
U346,P136,30.0
U346,P149,3.0
U346,P159,3.0
U346,P166,13.0
U346,P167,3.0
U346,P170,3.0
U346,P173,0.5
U346,P178,5.0
U346,P206,0.5
U346,P207,30.0
U346,P208,5.0
U346,P217,30.0
U346,P22,6.0
U346,P232,5.0
U346,P241,5.0
U346,P261,3.0
U346,P315,0.5
U346,P322,3.0
U346,P34,3.0
U346,P354,3.0
U346,P378,3.0
U346,P379,9.0
U346,P387,5.0
U346,P395,0.5
U346,P402,0.5
U346,P417,0.5
U346,P451,5.0
U346,P468,0.5
U346,P49,10.0
U346,P503,30.0
U346,P511,0.5
U346,P517,0.5
U346,P530,0.5
U346,P550,6.5
U346,P553,0.5
U346,P615,3.0
U346,P621,3.0
U346,P623,10.0
U346,P625,30.0
U346,P69,3.0
U346,P71,0.5
U346,P79,30.0
U346,P81,30.0
U346,P92,0.5
U346,P98,3.5
U347,P124,30.0
U347,P13,0.5
U347,P146,5.0
U347,P149,3.0
U347,P161,3.0
U347,P174,30.0
U347,P206,30.0
U347,P207,3.0
U347,P208,0.5
U347,P255,5.0
U347,P261,5.0
U347,P262,0.5
U347,P285,3.0
U347,P311,3.0
U347,P372,3.0
U347,P379,5.5
U347,P394,5.0
U347,P412,30.0
U347,P423,3.0
U347,P424,5.0
U347,P447,38.5
U347,P451,0.5
U347,P490,30.0
U347,P530,30.0
U347,P540,30.0
U347,P55,8.5
U347,P583,30.0
U347,P615,30.0
U347,P639,0.5
U347,P74,3.0
U347,P93,0.5
U348,P103,8.0
U348,P111,0.5
U348,P128,3.0
U348,P136,0.5
U348,P141,1.0
U348,P15,3.0
U348,P167,30.5
U348,P169,3.0
U348,P173,0.5
U348,P180,0.5
U348,P185,38.0
U348,P198,30.0
U348,P2,30.0
U348,P217,3.0
U348,P221,0.5
U348,P243,3.5
U348,P259,30.5
U348,P263,0.5
U348,P268,0.5
U348,P278,3.0
U348,P303,30.0
U348,P315,0.5
U348,P344,0.5
U348,P378,8.0
U348,P387,30.5
U348,P396,30.5
U348,P425,5.0
U348,P432,70.0
U348,P437,3.0
U348,P471,3.0
U348,P519,0.5
U348,P550,0.5
U348,P565,0.5
U348,P584,1.0
U348,P61,30.0
U348,P630,0.5
U348,P79,0.5
U349,P118,0.5
U349,P173,60.0
U349,P180,3.5
U349,P196,30.0
U349,P198,3.0
U349,P2,3.5
U349,P217,5.5
U349,P238,3.0
U349,P241,5.0
U349,P242,3.0
U349,P259,35.0
U349,P268,5.0
U349,P272,30.0
U349,P278,3.0
U349,P303,5.0
U349,P315,30.0
U349,P354,3.0
U349,P378,5.5
U349,P482,5.0
U349,P49,3.0
U349,P511,33.5
U349,P52,0.5
U349,P548,0.5
U349,P550,3.0
U349,P575,0.5
U349,P61,30.0
U349,P62,10.0
U349,P621,5.0
U349,P627,30.0
U349,P66,30.0
U349,P76,0.5
U35,P122,1.0
U35,P124,3.0
U35,P13,5.0
U35,P141,1.0
U35,P149,5.0
U35,P158,30.0
U35,P166,6.5
U35,P167,4.5
U35,P170,3.0
U35,P179,5.0
U35,P203,3.0
U35,P206,0.5
U35,P207,30.0
U35,P208,3.0
U35,P232,60.0
U35,P240,5.0
U35,P244,30.0
U35,P255,3.0
U35,P261,14.0
U35,P306,30.0
U35,P311,3.0
U35,P32,30.0
U35,P321,4.0
U35,P339,10.0
U35,P355,3.0
U35,P370,3.0
U35,P378,3.0
U35,P379,35.5
U35,P397,3.0
U35,P434,3.0
U35,P447,0.5
U35,P451,30.5
U35,P503,3.0
U35,P537,0.5
U35,P55,3.0
U35,P567,0.5
U35,P583,0.5
U35,P590,1.0
U35,P615,8.0
U35,P620,5.0
U35,P623,3.0
U35,P639,10.5
U35,P68,0.5
U35,P81,0.5
U35,P84,0.5
U35,P93,3.0
U353,P107,3.0
U353,P115,5.0
U353,P118,5.0
U353,P130,5.0
U353,P138,3.0
U353,P141,30.0
U353,P163,0.5
U353,P173,3.0
U353,P185,0.5
U353,P190,0.5
U353,P204,0.5
U353,P216,0.5
U353,P241,5.0
U353,P243,30.0
U353,P259,30.5
U353,P28,6.0
U353,P282,30.0
U353,P297,5.0
U353,P30,5.0
U353,P309,3.0
U353,P372,3.5
U353,P378,30.0
U353,P387,61.0
U353,P400,30.0
U353,P417,33.0
U353,P432,3.0
U353,P439,0.5
U353,P459,30.0
U353,P479,30.0
U353,P492,3.0
U353,P497,5.0
U353,P52,5.0
U353,P540,6.0
U353,P575,30.0
U353,P578,3.0
U353,P621,3.0
U353,P627,0.5
U353,P648,3.0
U353,P68,5.0
U353,P69,13.5
U354,P121,5.0
U354,P122,30.0
U354,P13,5.0
U354,P140,30.5
U354,P141,30.0
U354,P149,0.5
U354,P17,5.0
U354,P170,30.0
U354,P174,3.0
U354,P180,6.0
U354,P185,30.5
U354,P208,5.0
U354,P232,1.0
U354,P238,30.0
U354,P241,30.0
U354,P244,30.0
U354,P247,0.5
U354,P254,0.5
U354,P255,0.5
U354,P258,3.0
U354,P26,30.0
U354,P261,5.0
U354,P271,0.5
U354,P286,8.0
U354,P311,30.0
U354,P321,0.5
U354,P339,3.0
U354,P361,30.0
U354,P362,8.0
U354,P378,3.0
U354,P379,60.0
U354,P391,0.5
U354,P435,3.0
U354,P442,3.0
U354,P443,3.0
U354,P447,30.0
U354,P451,5.0
U354,P490,30.0
U354,P496,0.5
U354,P503,3.5
U354,P51,30.0
U354,P530,30.0
U354,P55,0.5
U354,P567,9.5
U354,P572,5.0
U354,P581,0.5
U354,P583,5.0
U354,P590,5.0
U354,P623,3.5
U354,P631,0.5
U354,P637,3.5
U354,P639,5.0
U354,P645,43.0
U354,P73,3.0
U354,P81,0.5
U354,P92,0.5
U355,P103,30.0
U355,P107,5.0
U355,P136,3.5
U355,P167,5.0
U355,P170,3.0
U355,P173,0.5
U355,P180,3.0
U355,P185,10.0
U355,P204,0.5
U355,P217,3.0
U355,P241,30.0
U355,P243,35.0
U355,P244,0.5
U355,P297,3.0
U355,P315,3.5
U355,P338,3.0
U355,P354,3.0
U355,P363,0.5
U355,P443,5.0
U355,P471,5.0
U355,P479,0.5
U355,P49,8.0
U355,P511,0.5
U355,P575,5.0
U355,P584,30.0
U355,P61,36.0
U355,P621,8.5
U355,P69,3.0
U355,P77,3.0
U355,P79,0.5
U358,P124,5.0
U358,P140,10.0
U358,P161,35.0
U358,P172,5.0
U358,P174,6.0
U358,P176,3.5
U358,P190,0.5
U358,P206,30.0
U358,P208,3.5
U358,P220,30.0
U358,P247,5.5
U358,P255,5.0
U358,P262,3.0
U358,P286,35.0
U358,P321,8.0
U358,P351,3.0
U358,P372,30.0
U358,P415,5.0
U358,P42,3.0
U358,P422,3.0
U358,P449,30.0
U358,P451,0.5
U358,P469,0.5
U358,P479,30.0
U358,P503,0.5
U358,P530,0.5
U358,P55,6.0
U358,P567,30.0
U358,P572,11.0
U358,P576,30.0
U358,P599,5.0
U358,P621,3.0
U358,P627,5.0
U358,P632,60.0
U358,P639,3.0
U358,P645,0.5
U359,P129,5.0
U359,P136,3.0
U359,P155,5.0
U359,P167,30.0
U359,P17,0.5
U359,P170,33.5
U359,P185,8.0
U359,P2,1.0
U359,P210,0.5
U359,P217,7.0
U359,P221,0.5
U359,P238,3.0
U359,P241,30.0
U359,P243,30.0
U359,P244,30.0
U359,P249,5.0
U359,P303,4.0
U359,P315,8.0
U359,P318,3.0
U359,P337,3.0
U359,P353,3.0
U359,P354,33.0
U359,P362,35.0
U359,P364,3.0
U359,P372,5.0
U359,P374,30.0
U359,P375,30.0
U359,P381,30.0
U359,P387,0.5
U359,P396,1.0
U359,P432,0.5
U359,P483,3.0
U359,P484,30.0
U359,P488,0.5
U359,P492,3.0
U359,P502,0.5
U359,P511,30.5
U359,P557,0.5
U359,P565,3.0
U359,P575,0.5
U359,P613,0.5
U359,P68,5.0
U359,P79,33.0
U359,P81,10.0
U36,P103,5.0
U36,P141,35.5
U36,P17,6.5
U36,P170,30.0
U36,P176,0.5
U36,P185,3.0
U36,P190,3.5
U36,P191,0.5
U36,P198,5.5
U36,P244,8.0
U36,P262,5.0
U36,P272,0.5
U36,P28,3.0
U36,P297,36.0
U36,P305,0.5
U36,P342,3.0
U36,P353,8.0
U36,P372,5.5
U36,P42,3.0
U36,P422,30.0
U36,P446,3.0
U36,P479,3.5
U36,P540,12.5
U36,P546,3.0
U36,P593,0.5
U36,P600,30.0
U36,P627,30.0
U36,P648,30.0
U36,P68,35.5
U36,P69,30.0
U36,P79,3.5
U36,P81,3.0
U360,P103,30.0
U360,P107,10.0
U360,P11,0.5
U360,P159,5.0
U360,P172,3.0
U360,P173,0.5
U360,P176,30.0
U360,P180,0.5
U360,P2,30.5
U360,P217,6.0
U360,P238,0.5
U360,P241,10.0
U360,P259,5.0
U360,P273,0.5
U360,P28,0.5
U360,P315,30.0
U360,P316,3.0
U360,P322,30.0
U360,P34,30.5
U360,P354,1.0
U360,P378,0.5
U360,P385,30.0
U360,P415,30.5
U360,P422,30.0
U360,P425,3.0
U360,P443,3.0
U360,P471,5.5
U360,P481,5.0
U360,P483,30.0
U360,P519,0.5
U360,P550,0.5
U360,P61,3.0
U360,P621,5.0
U360,P79,0.5
U361,P107,30.0
U361,P122,0.5
U361,P13,63.0
U361,P161,30.0
U361,P166,3.0
U361,P182,5.0
U361,P206,5.0
U361,P207,0.5
U361,P208,3.0
U361,P247,30.0
U361,P283,30.0
U361,P286,60.5
U361,P31,3.0
U361,P315,0.5
U361,P339,3.0
U361,P340,5.0
U361,P387,0.5
U361,P41,60.0
U361,P447,30.0
U361,P55,3.0
U361,P564,30.0
U361,P567,0.5
U361,P572,4.0
U361,P583,8.0
U361,P632,0.5
U361,P639,3.0
U361,P645,5.0
U361,P647,5.0
U366,P135,5.0
U366,P136,3.0
U366,P140,0.5
U366,P149,0.5
U366,P204,3.0
U366,P207,0.5
U366,P238,0.5
U366,P243,0.5
U366,P244,0.5
U366,P247,0.5
U366,P261,3.0
U366,P28,1.0
U366,P312,5.0
U366,P379,66.0
U366,P387,3.0
U366,P400,30.0
U366,P415,5.0
U366,P422,0.5
U366,P471,3.0
U366,P52,0.5
U366,P530,0.5
U366,P540,5.0
U366,P550,0.5
U366,P575,30.0
U366,P615,3.0
U366,P645,6.0
U366,P648,30.0
U366,P81,3.0
U366,P83,30.0
U366,P89,0.5
U367,P111,30.0
U367,P124,30.0
U367,P173,30.0
U367,P185,0.5
U367,P2,0.5
U367,P204,5.0
U367,P209,5.0
U367,P217,0.5
U367,P241,0.5
U367,P243,10.0
U367,P245,3.0
U367,P278,5.0
U367,P321,0.5
U367,P497,0.5
U367,P511,3.5
U367,P575,5.0
U367,P583,30.0
U367,P59,5.0
U367,P81,3.0
U367,P99,0.5
U368,P114,3.0
U368,P124,5.0
U368,P140,0.5
U368,P141,3.0
U368,P166,0.5
U368,P207,36.0
U368,P208,35.5
U368,P247,30.5
U368,P261,30.0
U368,P321,30.0
U368,P379,3.0
U368,P396,5.0
U368,P41,0.5
U368,P503,30.0
U368,P522,3.0
U368,P567,1.0
U368,P572,30.0
U368,P576,0.5
U368,P583,30.0
U368,P600,3.0
U368,P631,3.0
U368,P632,33.0
U368,P639,5.0
U368,P645,3.0
U368,P76,5.0
U368,P84,0.5
U368,P92,0.5
U369,P173,5.0
U369,P190,8.0
U369,P198,0.5
U369,P2,5.0
U369,P240,0.5
U369,P241,3.0
U369,P247,0.5
U369,P261,5.0
U369,P28,3.0
U369,P286,30.0
U369,P30,3.0
U369,P339,33.0
U369,P34,0.5
U369,P342,30.0
U369,P352,3.0
U369,P362,5.0
U369,P372,10.0
U369,P387,0.5
U369,P41,6.0
U369,P415,3.5
U369,P417,3.5
U369,P42,35.0
U369,P422,5.0
U369,P432,6.0
U369,P479,3.0
U369,P5,0.5
U369,P519,0.5
U369,P52,6.0
U369,P522,3.0
U369,P540,3.0
U369,P55,3.0
U369,P572,3.0
U369,P575,5.0
U369,P583,5.0
U369,P595,5.0
U369,P604,0.5
U369,P621,60.0
U369,P623,3.0
U369,P627,3.5
U369,P645,3.5
U369,P69,30.5
U369,P72,0.5
U369,P95,3.0
U370,P124,0.5
U370,P136,3.0
U370,P138,3.0
U370,P140,5.0
U370,P141,30.0
U370,P150,3.0
U370,P190,5.0
U370,P198,0.5
U370,P2,3.0
U370,P206,30.0
U370,P207,5.0
U370,P208,0.5
U370,P214,30.0
U370,P217,0.5
U370,P232,5.0
U370,P240,30.0
U370,P245,3.0
U370,P247,3.0
U370,P255,3.0
U370,P276,30.0
U370,P278,0.5
U370,P291,5.0
U370,P297,3.0
U370,P303,30.0
U370,P353,3.0
U370,P354,5.0
U370,P363,30.0
U370,P367,0.5
U370,P370,0.5
U370,P372,3.0
U370,P378,3.0
U370,P379,0.5
U370,P381,5.0
U370,P387,3.0
U370,P403,3.0
U370,P443,30.0
U370,P447,3.0
U370,P451,0.5
U370,P471,30.0
U370,P51,3.0
U370,P52,30.0
U370,P530,3.0
U370,P556,0.5
U370,P576,30.0
U370,P583,0.5
U370,P591,30.0
U370,P61,0.5
U370,P621,30.5
U370,P623,33.0
U370,P627,4.0
U370,P632,0.5
U370,P639,0.5
U370,P68,5.0
U370,P69,3.0
U370,P79,3.0
U370,P81,3.0
U371,P116,0.5
U371,P124,3.0
U371,P140,0.5
U371,P149,5.0
U371,P15,5.0
U371,P161,5.0
U371,P17,0.5
U371,P198,35.0
U371,P261,0.5
U371,P28,5.0
U371,P286,5.0
U371,P315,3.0
U371,P321,3.0
U371,P339,3.0
U371,P353,5.0
U371,P378,35.0
U371,P387,3.5
U371,P404,3.0
U371,P41,6.0
U371,P415,3.0
U371,P417,8.0
U371,P42,0.5
U371,P422,30.5
U371,P447,0.5
U371,P451,35.0
U371,P455,5.0
U371,P471,5.0
U371,P474,3.0
U371,P479,30.0
U371,P482,3.0
U371,P50,0.5
U371,P503,3.0
U371,P52,0.5
U371,P530,3.0
U371,P544,3.5
U371,P55,0.5
U371,P578,30.0
U371,P623,3.0
U371,P627,30.0
U371,P648,5.0
U371,P69,5.5
U371,P81,0.5
U371,P92,3.0
U371,P98,3.5
U372,P107,8.5
U372,P141,3.0
U372,P167,0.5
U372,P170,0.5
U372,P178,0.5
U372,P195,3.0
U372,P217,68.0
U372,P238,63.0
U372,P243,3.5
U372,P259,0.5
U372,P278,3.0
U372,P280,5.0
U372,P312,8.0
U372,P315,0.5
U372,P387,0.5
U372,P432,0.5
U372,P471,3.0
U372,P488,3.0
U372,P49,30.0
U372,P511,3.5
U372,P525,3.0
U372,P54,5.0
U372,P541,3.0
U372,P550,5.0
U372,P575,8.0
U372,P61,8.0
U372,P66,0.5
U372,P79,3.0
U372,P81,5.0
U373,P101,30.0
U373,P122,30.0
U373,P136,3.0
U373,P140,3.0
U373,P141,0.5
U373,P149,0.5
U373,P166,0.5
U373,P168,0.5
U373,P170,0.5
U373,P176,0.5
U373,P2,0.5
U373,P208,33.0
U373,P241,5.0
U373,P243,35.0
U373,P263,3.0
U373,P278,5.0
U373,P28,10.5
U373,P286,0.5
U373,P303,0.5
U373,P309,3.0
U373,P315,5.0
U373,P353,5.0
U373,P354,0.5
U373,P387,3.5
U373,P415,0.5
U373,P422,5.0
U373,P441,0.5
U373,P442,3.0
U373,P45,30.0
U373,P451,30.0
U373,P455,0.5
U373,P468,3.0
U373,P479,3.0
U373,P503,3.0
U373,P511,5.5
U373,P54,0.5
U373,P547,5.0
U373,P575,8.0
U373,P615,33.0
U373,P619,30.0
U373,P631,0.5
U373,P645,0.5
U373,P74,3.0
U373,P85,3.0
U374,P103,5.0
U374,P124,3.0
U374,P136,6.5
U374,P140,3.0
U374,P141,30.0
U374,P144,3.0
U374,P167,0.5
U374,P170,3.0
U374,P173,3.0
U374,P174,0.5
U374,P176,3.5
U374,P190,5.0
U374,P198,3.0
U374,P2,30.5
U374,P238,30.0
U374,P241,30.0
U374,P243,3.0
U374,P244,5.5
U374,P254,0.5
U374,P259,5.0
U374,P28,3.0
U374,P286,33.5
U374,P298,30.0
U374,P303,5.0
U374,P321,30.0
U374,P353,0.5
U374,P378,30.0
U374,P396,33.0
U374,P41,5.0
U374,P417,5.0
U374,P432,11.5
U374,P470,5.0
U374,P482,30.0
U374,P49,3.0
U374,P505,0.5
U374,P511,30.0
U374,P54,5.0
U374,P540,0.5
U374,P550,30.0
U374,P567,5.0
U374,P572,35.0
U374,P575,3.5
U374,P580,5.0
U374,P583,0.5
U374,P594,3.0
U374,P61,6.0
U374,P621,1.0
U374,P627,3.0
U374,P639,35.0
U374,P645,5.0
U374,P648,0.5
U374,P78,0.5
U374,P79,0.5
U375,P111,3.0
U375,P122,38.0
U375,P13,0.5
U375,P140,3.0
U375,P149,30.0
U375,P166,3.0
U375,P167,3.0
U375,P176,5.0
U375,P185,33.0
U375,P206,33.0
U375,P207,30.5
U375,P208,1.5
U375,P232,3.0
U375,P240,0.5
U375,P244,30.0
U375,P26,3.5
U375,P28,30.0
U375,P339,30.0
U375,P354,5.0
U375,P372,0.5
U375,P379,3.5
U375,P41,3.0
U375,P422,3.0
U375,P434,5.0
U375,P451,3.0
U375,P52,5.0
U375,P545,5.0
U375,P550,30.0
U375,P567,8.5
U375,P572,5.0
U375,P575,30.0
U375,P583,5.0
U375,P590,33.0
U375,P591,5.0
U375,P623,65.0
U375,P92,3.0
U376,P107,8.0
U376,P140,30.0
U376,P206,3.0
U376,P208,5.0
U376,P230,30.0
U376,P240,3.5
U376,P345,5.0
U376,P348,5.0
U376,P354,30.0
U376,P356,30.0
U376,P387,5.0
U376,P399,0.5
U376,P572,3.0
U376,P583,1.0
U376,P611,0.5
U377,P110,30.0
U377,P111,30.0
U377,P150,0.5
U377,P159,0.5
U377,P173,3.0
U377,P2,3.0
U377,P206,8.0
U377,P217,5.0
U377,P241,9.0
U377,P243,30.5
U377,P259,30.0
U377,P297,3.0
U377,P303,3.0
U377,P315,33.0
U377,P323,30.0
U377,P33,3.0
U377,P353,3.0
U377,P354,3.0
U377,P387,6.0
U377,P415,0.5
U377,P432,0.5
U377,P462,5.0
U377,P471,0.5
U377,P53,30.0
U377,P54,35.0
U377,P550,0.5
U377,P575,5.0
U377,P634,0.5
U377,P643,30.0
U377,P89,0.5
U377,P94,35.0
U378,P17,0.5
U378,P176,30.0
U378,P185,3.0
U378,P238,0.5
U378,P243,0.5
U378,P273,0.5
U378,P28,33.0
U378,P297,40.5
U378,P303,3.0
U378,P333,0.5
U378,P335,5.0
U378,P417,5.0
U378,P42,5.0
U378,P422,3.0
U378,P430,5.0
U378,P432,8.0
U378,P461,0.5
U378,P479,0.5
U378,P52,5.0
U378,P606,0.5
U378,P610,0.5
U378,P621,5.5
U378,P627,16.0
U378,P64,63.0
U378,P648,3.0
U378,P69,0.5
U379,P122,3.0
U379,P124,5.0
U379,P134,5.0
U379,P140,0.5
U379,P144,3.0
U379,P149,3.5
U379,P161,3.0
U379,P166,15.0
U379,P174,5.0
U379,P206,5.0
U379,P207,3.0
U379,P228,3.0
U379,P232,1.0
U379,P240,3.5
U379,P247,8.0
U379,P261,35.0
U379,P283,0.5
U379,P286,0.5
U379,P306,5.0
U379,P31,0.5
U379,P321,10.0
U379,P367,0.5
U379,P379,0.5
U379,P399,3.0
U379,P403,0.5
U379,P41,13.0
U379,P447,3.0
U379,P451,30.5
U379,P463,3.0
U379,P530,0.5
U379,P555,3.0
U379,P559,5.0
U379,P564,5.0
U379,P567,3.5
U379,P583,3.0
U379,P604,5.0
U379,P615,5.5
U379,P623,3.0
U379,P637,0.5
U379,P639,3.5
U379,P92,5.0
U38,P103,3.0
U38,P107,5.0
U38,P136,3.0
U38,P141,30.0
U38,P17,0.5
U38,P173,5.5
U38,P176,30.0
U38,P180,8.0
U38,P185,0.5
U38,P190,40.0
U38,P191,5.0
U38,P197,30.0
U38,P198,3.0
U38,P238,0.5
U38,P242,30.0
U38,P243,0.5
U38,P244,5.0
U38,P262,3.0
U38,P267,0.5
U38,P27,30.0
U38,P297,9.0
U38,P303,0.5
U38,P34,33.0
U38,P353,5.5
U38,P42,30.0
U38,P422,3.0
U38,P432,3.0
U38,P439,3.5
U38,P441,5.0
U38,P443,5.0
U38,P52,43.0
U38,P606,3.0
U38,P621,0.5
U38,P627,3.0
U38,P644,5.0
U38,P648,0.5
U38,P68,5.0
U38,P69,6.5
U38,P81,3.0
U381,P107,3.0
U381,P116,30.0
U381,P136,5.0
U381,P141,0.5
U381,P167,5.0
U381,P190,35.0
U381,P212,5.0
U381,P217,3.0
U381,P22,5.0
U381,P244,3.0
U381,P278,3.0
U381,P28,0.5
U381,P297,0.5
U381,P303,30.0
U381,P34,30.0
U381,P353,3.0
U381,P378,30.0
U381,P396,3.0
U381,P417,0.5
U381,P422,0.5
U381,P443,6.0
U381,P479,3.0
U381,P48,0.5
U381,P52,3.0
U381,P593,3.0
U381,P61,30.5
U381,P621,0.5
U381,P68,3.0
U381,P72,0.5
U381,P98,30.0
U382,P13,30.0
U382,P140,0.5
U382,P149,30.0
U382,P154,0.5
U382,P166,30.0
U382,P170,3.0
U382,P207,30.5
U382,P208,60.0
U382,P214,3.0
U382,P217,30.0
U382,P223,0.5
U382,P232,30.5
U382,P261,3.0
U382,P303,0.5
U382,P354,3.0
U382,P378,0.5
U382,P491,3.0
U382,P51,0.5
U382,P530,5.0
U382,P55,3.5
U382,P550,3.0
U382,P590,30.0
U382,P615,3.0
U382,P632,30.0
U382,P68,3.0
U382,P78,0.5
U382,P86,5.0
U383,P124,3.0
U383,P13,0.5
U383,P149,30.0
U383,P15,0.5
U383,P166,30.0
U383,P207,3.0
U383,P208,5.5
U383,P240,6.5
U383,P247,30.0
U383,P255,33.0
U383,P259,0.5
U383,P261,5.5
U383,P315,3.0
U383,P339,3.0
U383,P379,14.0
U383,P394,3.0
U383,P405,3.0
U383,P434,5.0
U383,P451,3.0
U383,P471,30.5
U383,P472,3.0
U383,P503,5.0
U383,P511,3.0
U383,P574,3.0
U383,P588,3.0
U383,P615,30.0
U383,P620,30.0
U383,P645,30.0
U383,P92,3.0
U384,P103,5.0
U384,P122,3.0
U384,P140,35.0
U384,P161,5.0
U384,P17,3.0
U384,P174,3.0
U384,P182,30.0
U384,P206,3.0
U384,P208,0.5
U384,P232,0.5
U384,P237,0.5
U384,P238,3.0
U384,P274,3.0
U384,P321,3.0
U384,P339,3.0
U384,P342,5.0
U384,P379,5.0
U384,P41,0.5
U384,P423,0.5
U384,P43,30.0
U384,P469,30.0
U384,P474,3.0
U384,P491,3.0
U384,P55,3.0
U384,P567,5.0
U384,P572,5.0
U384,P576,5.0
U384,P615,3.0
U384,P639,0.5
U384,P645,6.0
U384,P68,35.0
U384,P81,0.5
U385,P107,0.5
U385,P150,3.0
U385,P166,30.0
U385,P17,36.5
U385,P176,5.0
U385,P179,30.0
U385,P2,5.0
U385,P297,0.5
U385,P303,30.0
U385,P315,3.0
U385,P325,0.5
U385,P372,10.5
U385,P396,3.5
U385,P417,4.0
U385,P42,5.0
U385,P479,0.5
U385,P553,0.5
U385,P615,0.5
U385,P621,3.0
U385,P623,0.5
U385,P69,3.0
U385,P92,5.5
U386,P122,0.5
U386,P174,35.0
U386,P226,3.0
U386,P240,3.0
U386,P25,0.5
U386,P255,30.0
U386,P258,3.0
U386,P259,3.5
U386,P261,30.0
U386,P278,5.0
U386,P303,0.5
U386,P352,5.0
U386,P354,0.5
U386,P379,33.0
U386,P482,0.5
U386,P498,0.5
U386,P564,3.0
U386,P567,30.0
U386,P572,3.5
U386,P574,5.0
U386,P576,5.0
U386,P615,5.0
U386,P623,30.5
U386,P641,3.0
U386,P645,0.5
U386,P79,5.0
U386,P81,30.0
U386,P98,0.5
U387,P103,1.0
U387,P165,5.0
U387,P173,3.0
U387,P180,0.5
U387,P2,0.5
U387,P217,3.5
U387,P234,3.0
U387,P238,33.0
U387,P241,30.0
U387,P243,3.5
U387,P259,3.0
U387,P278,0.5
U387,P28,3.0
U387,P315,3.0
U387,P354,3.5
U387,P387,16.0
U387,P422,0.5
U387,P432,13.5
U387,P443,10.0
U387,P49,0.5
U387,P499,3.0
U387,P519,0.5
U387,P577,30.0
U387,P61,5.0
U387,P66,5.0
U387,P81,3.0
U387,P98,3.0
U389,P103,5.0
U389,P107,10.0
U389,P147,30.0
U389,P149,0.5
U389,P166,5.0
U389,P167,3.0
U389,P17,3.0
U389,P170,30.0
U389,P178,30.0
U389,P185,60.0
U389,P204,30.0
U389,P208,1.0
U389,P234,0.5
U389,P238,5.0
U389,P240,0.5
U389,P241,30.0
U389,P243,30.0
U389,P244,5.0
U389,P250,30.0
U389,P259,3.5
U389,P261,3.0
U389,P274,5.0
U389,P278,30.0
U389,P303,0.5
U389,P315,0.5
U389,P339,0.5
U389,P387,3.0
U389,P396,3.0
U389,P432,5.0
U389,P482,3.0
U389,P511,3.0
U389,P518,5.0
U389,P550,0.5
U389,P552,3.0
U389,P575,0.5
U389,P590,30.0
U389,P61,38.0
U389,P96,3.0
U39,P103,3.0
U39,P107,10.0
U39,P136,5.0
U39,P167,5.0
U39,P17,3.0
U39,P182,30.0
U39,P195,30.0
U39,P198,33.0
U39,P2,0.5
U39,P210,3.0
U39,P217,43.0
U39,P238,8.5
U39,P247,3.0
U39,P259,3.0
U39,P272,3.0
U39,P278,0.5
U39,P315,5.0
U39,P32,30.0
U39,P322,33.0
U39,P338,3.0
U39,P349,5.0
U39,P362,8.0
U39,P381,3.0
U39,P387,6.5
U39,P396,10.0
U39,P41,0.5
U39,P42,5.0
U39,P432,30.5
U39,P443,0.5
U39,P479,3.0
U39,P49,3.5
U39,P52,0.5
U39,P526,5.0
U39,P550,1.0
U39,P575,3.0
U39,P61,30.0
U39,P611,3.0
U39,P77,30.0
U39,P78,0.5
U39,P79,8.0
U39,P80,5.0
U39,P89,3.0
U39,P94,5.0
U390,P107,8.0
U390,P13,3.0
U390,P140,3.0
U390,P170,3.0
U390,P185,3.0
U390,P198,5.5
U390,P2,0.5
U390,P204,3.0
U390,P241,0.5
U390,P243,0.5
U390,P265,0.5
U390,P316,0.5
U390,P35,30.0
U390,P396,3.0
U390,P422,3.0
U390,P447,3.0
U390,P509,3.0
U390,P511,5.0
U390,P550,5.0
U390,P575,3.0
U390,P576,30.0
U390,P584,30.0
U390,P621,30.0
U390,P630,0.5
U390,P648,8.0
U390,P68,1.0
U390,P79,0.5
U390,P81,30.0
U390,P98,3.5
U391,P107,0.5
U391,P136,3.0
U391,P166,3.0
U391,P167,3.0
U391,P190,30.0
U391,P210,0.5
U391,P296,3.0
U391,P297,5.0
U391,P305,30.0
U391,P330,3.0
U391,P354,30.0
U391,P362,6.0
U391,P378,3.0
U391,P396,3.5
U391,P415,3.0
U391,P479,0.5
U391,P50,5.0
U391,P541,3.0
U391,P546,3.0
U391,P623,5.0
U391,P68,38.0
U391,P81,30.0
U391,P92,3.0
U392,P136,0.5
U392,P17,5.0
U392,P180,33.0
U392,P2,3.0
U392,P278,3.5
U392,P315,0.5
U392,P354,30.0
U392,P372,0.5
U392,P378,0.5
U392,P459,5.0
U392,P471,1.0
U392,P488,0.5
U392,P49,5.0
U392,P575,1.0
U392,P609,3.0
U392,P621,30.5
U392,P627,0.5
U393,P103,30.0
U393,P107,0.5
U393,P128,5.0
U393,P149,30.5
U393,P162,0.5
U393,P190,5.0
U393,P193,5.0
U393,P2,30.0
U393,P214,0.5
U393,P217,3.0
U393,P221,0.5
U393,P28,0.5
U393,P286,0.5
U393,P353,5.0
U393,P354,30.0
U393,P422,3.0
U393,P424,0.5
U393,P447,5.0
U393,P451,0.5
U393,P52,3.0
U393,P550,5.0
U393,P573,5.0
U393,P576,0.5
U393,P61,5.0
U393,P620,5.0
U393,P623,0.5
U393,P78,3.0
U393,P79,3.0
U393,P98,30.5
U394,P103,30.5
U394,P136,0.5
U394,P166,5.0
U394,P169,30.0
U394,P170,3.0
U394,P185,5.0
U394,P195,3.0
U394,P198,30.0
U394,P2,3.0
U394,P221,3.0
U394,P238,33.0
U394,P240,30.0
U394,P244,0.5
U394,P278,3.0
U394,P315,3.0
U394,P378,0.5
U394,P390,35.0
U394,P443,0.5
U394,P451,0.5
U394,P49,30.0
U394,P511,30.5
U394,P530,3.0
U394,P548,3.0
U394,P558,5.0
U394,P613,30.0
U394,P68,5.0
U394,P80,0.5
U394,P81,0.5
U394,P98,8.0
U396,P107,0.5
U396,P124,3.0
U396,P13,5.5
U396,P144,33.0
U396,P149,0.5
U396,P152,5.0
U396,P161,4.0
U396,P166,3.0
U396,P170,0.5
U396,P183,0.5
U396,P185,0.5
U396,P206,30.0
U396,P207,3.0
U396,P214,0.5
U396,P223,0.5
U396,P244,35.0
U396,P255,0.5
U396,P261,3.0
U396,P286,3.0
U396,P321,35.0
U396,P339,0.5
U396,P340,5.0
U396,P370,5.0
U396,P379,0.5
U396,P38,3.0
U396,P442,5.0
U396,P447,70.0
U396,P450,3.0
U396,P457,3.0
U396,P503,30.0
U396,P530,6.0
U396,P55,8.0
U396,P559,5.0
U396,P567,3.5
U396,P583,30.0
U396,P584,0.5
U396,P587,1.0
U396,P615,30.0
U396,P632,3.5
U396,P639,5.0
U396,P641,0.5
U396,P645,8.0
U396,P87,3.0
U396,P9,30.0
U396,P92,3.0
U398,P110,0.5
U398,P116,30.0
U398,P121,0.5
U398,P122,3.0
U398,P124,3.0
U398,P136,5.0
U398,P141,5.0
U398,P161,0.5
U398,P170,5.0
U398,P173,3.5
U398,P176,30.5
U398,P185,3.0
U398,P190,10.0
U398,P2,3.0
U398,P232,30.0
U398,P238,3.0
U398,P243,5.0
U398,P278,3.0
U398,P297,0.5
U398,P318,5.0
U398,P33,3.0
U398,P335,3.0
U398,P339,5.0
U398,P345,3.0
U398,P353,5.0
U398,P354,30.0
U398,P364,30.0
U398,P378,30.0
U398,P417,30.0
U398,P42,8.0
U398,P446,0.5
U398,P455,0.5
U398,P458,0.5
U398,P479,0.5
U398,P503,0.5
U398,P540,3.0
U398,P558,5.0
U398,P567,0.5
U398,P61,3.0
U398,P619,0.5
U398,P68,5.0
U398,P69,5.5
U398,P80,30.0
U399,P124,3.0
U399,P13,3.5
U399,P144,5.0
U399,P149,63.0
U399,P158,3.0
U399,P166,0.5
U399,P174,5.5
U399,P206,3.0
U399,P207,5.5
U399,P240,1.0
U399,P261,0.5
U399,P286,0.5
U399,P306,3.0
U399,P336,10.0
U399,P339,33.0
U399,P379,3.0
U399,P38,3.0
U399,P39,5.5
U399,P449,0.5
U399,P463,0.5
U399,P494,0.5
U399,P503,30.0
U399,P55,10.0
U399,P567,3.0
U399,P572,0.5
U399,P576,5.0
U399,P583,70.0
U399,P632,3.0
U399,P639,3.0
U399,P641,0.5
U399,P645,0.5
U40,P104,0.5
U40,P115,3.0
U40,P141,8.0
U40,P167,5.0
U40,P170,0.5
U40,P173,30.0
U40,P176,0.5
U40,P185,0.5
U40,P217,0.5
U40,P241,30.0
U40,P278,3.0
U40,P280,0.5
U40,P297,3.0
U40,P354,0.5
U40,P362,30.0
U40,P390,0.5
U40,P396,0.5
U40,P422,0.5
U40,P432,3.0
U40,P47,0.5
U40,P479,6.0
U40,P483,5.0
U40,P558,0.5
U40,P575,3.0
U40,P68,3.0
U40,P77,3.0
U40,P81,30.0
U40,P98,30.0
U403,P124,3.0
U403,P161,5.0
U403,P166,30.0
U403,P174,30.0
U403,P207,5.0
U403,P247,0.5
U403,P261,0.5
U403,P286,3.0
U403,P321,3.5
U403,P394,3.0
U403,P435,3.0
U403,P444,3.0
U403,P451,5.5
U403,P503,35.0
U403,P530,30.0
U403,P567,5.0
U403,P572,30.0
U403,P583,35.0
U403,P615,30.5
U403,P620,0.5
U403,P632,5.5
U403,P641,3.0
U405,P122,0.5
U405,P124,3.0
U405,P149,0.5
U405,P166,5.5
U405,P206,30.0
U405,P223,30.0
U405,P232,3.0
U405,P240,3.0
U405,P245,5.0
U405,P339,30.0
U405,P386,30.0
U405,P417,0.5
U405,P422,5.0
U405,P427,3.0
U405,P491,30.0
U405,P530,30.0
U405,P55,0.5
U405,P583,30.0
U405,P627,5.0
U405,P645,13.0
U405,P87,0.5
U405,P95,30.0
U406,P103,60.5
U406,P111,5.0
U406,P136,0.5
U406,P170,5.0
U406,P185,3.5
U406,P190,0.5
U406,P198,3.0
U406,P204,3.0
U406,P217,4.0
U406,P241,0.5
U406,P251,5.0
U406,P259,5.5
U406,P303,3.0
U406,P310,30.0
U406,P341,3.0
U406,P354,60.0
U406,P360,0.5
U406,P362,30.0
U406,P374,0.5
U406,P378,3.5
U406,P387,38.5
U406,P396,60.0
U406,P400,3.5
U406,P411,3.0
U406,P443,3.0
U406,P471,10.0
U406,P479,5.0
U406,P482,3.0
U406,P49,5.0
U406,P526,0.5
U406,P575,30.0
U406,P593,30.0
U406,P61,30.0
U406,P630,0.5
U406,P643,0.5
U406,P79,0.5
U406,P81,30.0
U406,P98,0.5
U408,P103,3.0
U408,P118,3.0
U408,P141,8.0
U408,P17,5.0
U408,P173,0.5
U408,P180,0.5
U408,P198,30.5
U408,P223,3.0
U408,P240,0.5
U408,P241,30.0
U408,P244,3.0
U408,P255,33.0
U408,P261,5.0
U408,P278,5.0
U408,P303,0.5
U408,P315,3.0
U408,P360,3.0
U408,P379,0.5
U408,P432,3.0
U408,P450,0.5
U408,P471,0.5
U408,P533,3.0
U408,P565,0.5
U408,P588,0.5
U408,P590,0.5
U408,P6,0.5
U408,P98,30.0
U409,P103,35.0
U409,P17,10.0
U409,P170,0.5
U409,P18,5.0
U409,P198,5.5
U409,P238,3.0
U409,P244,0.5
U409,P259,3.0
U409,P315,3.0
U409,P316,0.5
U409,P362,3.0
U409,P378,35.0
U409,P396,5.0
U409,P425,5.0
U409,P471,5.0
U409,P68,6.0
U409,P77,5.0
U409,P79,6.5
U409,P81,0.5
U41,P10,5.0
U41,P107,30.0
U41,P111,3.0
U41,P115,3.0
U41,P117,30.0
U41,P136,5.0
U41,P141,5.0
U41,P161,0.5
U41,P167,3.5
U41,P173,41.5
U41,P176,0.5
U41,P180,0.5
U41,P190,30.0
U41,P203,3.0
U41,P217,3.0
U41,P241,35.0
U41,P243,3.0
U41,P255,30.0
U41,P259,0.5
U41,P261,3.0
U41,P266,3.0
U41,P295,0.5
U41,P303,5.5
U41,P315,6.5
U41,P34,3.0
U41,P349,0.5
U41,P35,5.0
U41,P354,38.5
U41,P362,0.5
U41,P363,0.5
U41,P396,30.0
U41,P415,3.0
U41,P42,0.5
U41,P422,6.0
U41,P425,3.0
U41,P429,0.5
U41,P432,0.5
U41,P443,5.0
U41,P484,30.0
U41,P499,0.5
U41,P511,0.5
U41,P52,3.0
U41,P53,5.0
U41,P54,0.5
U41,P543,3.0
U41,P550,0.5
U41,P621,3.5
U41,P623,0.5
U41,P639,0.5
U41,P640,3.0
U41,P645,3.0
U41,P65,5.0
U41,P68,35.0
U41,P69,3.5
U41,P71,3.0
U41,P98,5.0
U410,P109,30.0
U410,P122,30.0
U410,P149,0.5
U410,P167,0.5
U410,P170,3.0
U410,P190,8.0
U410,P238,0.5
U410,P244,30.0
U410,P251,3.0
U410,P255,0.5
U410,P259,0.5
U410,P28,8.5
U410,P282,6.0
U410,P34,38.0
U410,P353,30.5
U410,P354,3.5
U410,P378,3.0
U410,P415,30.5
U410,P417,3.0
U410,P422,5.5
U410,P425,5.0
U410,P442,0.5
U410,P474,0.5
U410,P479,3.5
U410,P49,3.0
U410,P502,3.0
U410,P52,3.5
U410,P546,0.5
U410,P550,5.0
U410,P556,3.0
U410,P597,30.0
U410,P621,3.0
U410,P627,30.0
U410,P648,8.5
U410,P68,0.5
U410,P79,3.0
U410,P98,8.0
U411,P1,3.0
U411,P107,3.0
U411,P111,5.0
U411,P127,5.0
U411,P128,0.5
U411,P170,3.0
U411,P173,36.5
U411,P176,40.0
U411,P190,5.0
U411,P197,30.0
U411,P217,8.0
U411,P234,30.0
U411,P238,5.0
U411,P241,3.0
U411,P259,3.5
U411,P278,0.5
U411,P28,3.0
U411,P315,33.5
U411,P323,30.0
U411,P33,3.0
U411,P354,6.5
U411,P392,3.0
U411,P401,0.5
U411,P415,30.0
U411,P417,3.5
U411,P42,8.5
U411,P422,33.5
U411,P432,60.5
U411,P44,3.0
U411,P443,5.0
U411,P464,5.0
U411,P465,5.0
U411,P471,3.0
U411,P479,33.0
U411,P487,3.0
U411,P511,0.5
U411,P517,3.0
U411,P52,3.0
U411,P525,30.0
U411,P550,0.5
U411,P573,5.0
U411,P575,5.0
U411,P59,0.5
U411,P606,3.0
U411,P621,3.5
U411,P627,3.0
U411,P644,0.5
U411,P648,6.0
U411,P81,3.0
U411,P94,30.0
U412,P107,0.5
U412,P141,5.0
U412,P170,0.5
U412,P185,31.5
U412,P217,30.5
U412,P232,3.0
U412,P238,6.0
U412,P244,30.5
U412,P259,5.0
U412,P362,0.5
U412,P387,3.0
U412,P396,0.5
U412,P4,30.0
U412,P429,0.5
U412,P443,30.0
U412,P471,5.0
U412,P49,3.0
U412,P503,5.0
U412,P530,30.0
U412,P58,0.5
U412,P61,3.0
U412,P622,3.0
U412,P68,0.5
U412,P79,5.5
U412,P81,3.0
U412,P92,0.5
U412,P98,6.0
U414,P124,5.0
U414,P140,0.5
U414,P174,10.0
U414,P190,5.0
U414,P217,30.0
U414,P297,0.5
U414,P30,0.5
U414,P321,3.0
U414,P34,0.5
U414,P41,0.5
U414,P422,60.0
U414,P479,1.0
U414,P52,3.0
U414,P540,30.0
U414,P550,5.0
U414,P575,6.0
U414,P632,8.0
U414,P648,5.0
U414,P94,30.0
U415,P103,0.5
U415,P139,3.0
U415,P140,8.0
U415,P147,0.5
U415,P167,6.0
U415,P180,0.5
U415,P2,0.5
U415,P217,3.0
U415,P243,3.0
U415,P244,5.0
U415,P278,30.0
U415,P28,0.5
U415,P303,5.0
U415,P315,35.0
U415,P32,0.5
U415,P322,3.0
U415,P362,5.0
U415,P364,5.0
U415,P383,3.0
U415,P387,3.0
U415,P396,3.0
U415,P401,0.5
U415,P412,0.5
U415,P430,0.5
U415,P432,3.0
U415,P443,0.5
U415,P49,0.5
U415,P511,0.5
U415,P52,0.5
U415,P550,6.0
U415,P61,10.0
U415,P625,0.5
U415,P627,5.0
U415,P632,5.0
U415,P68,5.0
U415,P79,0.5
U416,P13,3.0
U416,P140,0.5
U416,P141,5.0
U416,P173,3.0
U416,P2,3.0
U416,P230,3.0
U416,P241,8.0
U416,P243,5.0
U416,P251,5.0
U416,P278,30.0
U416,P432,5.0
U416,P437,3.0
U416,P443,30.0
U416,P49,0.5
U416,P511,5.0
U416,P545,0.5
U416,P550,3.5
U416,P575,1.0
U416,P576,30.0
U417,P103,3.5
U417,P127,3.0
U417,P130,30.0
U417,P140,3.0
U417,P166,30.0
U417,P17,3.5
U417,P170,3.0
U417,P179,0.5
U417,P185,30.0
U417,P207,30.0
U417,P208,30.0
U417,P247,3.5
U417,P259,3.0
U417,P261,0.5
U417,P315,30.0
U417,P34,5.0
U417,P354,0.5
U417,P378,0.5
U417,P396,30.0
U417,P415,30.5
U417,P420,5.0
U417,P432,3.5
U417,P447,5.0
U417,P461,3.0
U417,P471,5.0
U417,P49,0.5
U417,P503,0.5
U417,P511,3.0
U417,P548,3.0
U417,P576,0.5
U417,P621,3.0
U417,P65,3.0
U417,P81,0.5
U418,P103,0.5
U418,P107,63.0
U418,P127,30.0
U418,P136,33.0
U418,P141,3.5
U418,P163,30.0
U418,P167,36.0
U418,P17,33.0
U418,P173,10.0
U418,P185,3.0
U418,P196,30.0
U418,P2,60.0
U418,P203,3.0
U418,P217,34.0
U418,P236,3.0
U418,P238,3.0
U418,P241,33.0
U418,P243,3.5
U418,P244,0.5
U418,P250,30.0
U418,P259,11.5
U418,P263,30.0
U418,P278,33.0
U418,P315,3.5
U418,P316,30.0
U418,P327,30.0
U418,P330,30.0
U418,P360,0.5
U418,P362,0.5
U418,P378,0.5
U418,P381,0.5
U418,P387,3.5
U418,P416,0.5
U418,P432,5.0
U418,P459,5.0
U418,P474,3.0
U418,P49,6.0
U418,P511,1.0
U418,P53,30.0
U418,P54,30.0
U418,P575,5.0
U418,P577,0.5
U418,P61,34.5
U418,P613,3.0
U418,P68,3.0
U418,P81,5.0
U419,P124,3.0
U419,P161,5.0
U419,P255,0.5
U419,P3,3.0
U419,P361,3.0
U419,P362,5.0
U419,P397,3.0
U419,P47,0.5
U419,P550,30.0
U419,P575,3.0
U419,P642,3.0
U419,P645,5.0
U419,P73,0.5
U419,P81,30.0
U420,P122,8.0
U420,P124,33.0
U420,P13,33.0
U420,P149,3.0
U420,P161,30.0
U420,P174,30.0
U420,P206,3.0
U420,P207,5.0
U420,P232,3.0
U420,P240,30.0
U420,P284,3.0
U420,P286,5.0
U420,P291,3.0
U420,P300,5.0
U420,P306,0.5
U420,P321,3.0
U420,P339,3.0
U420,P359,3.0
U420,P379,3.0
U420,P38,30.0
U420,P383,0.5
U420,P391,0.5
U420,P41,33.0
U420,P444,5.0
U420,P450,5.0
U420,P451,3.0
U420,P5,30.0
U420,P55,30.0
U420,P567,6.5
U420,P605,0.5
U420,P632,5.0
U420,P639,3.0
U420,P645,30.0
U420,P87,3.0
U420,P95,30.0
U420,P96,30.0
U421,P103,5.0
U421,P107,0.5
U421,P124,6.0
U421,P13,5.0
U421,P146,3.0
U421,P167,3.0
U421,P169,0.5
U421,P193,3.0
U421,P232,30.5
U421,P247,0.5
U421,P273,0.5
U421,P282,5.0
U421,P286,3.0
U421,P320,3.0
U421,P37,3.0
U421,P372,0.5
U421,P383,3.0
U421,P387,0.5
U421,P41,5.0
U421,P423,5.0
U421,P432,30.0
U421,P447,33.5
U421,P47,0.5
U421,P49,5.0
U421,P503,3.0
U421,P530,3.0
U421,P540,0.5
U421,P576,6.0
U421,P583,1.0
U421,P632,3.5
U421,P639,3.0
U421,P645,0.5
U421,P648,0.5
U421,P79,3.0
U421,P92,0.5
U422,P102,0.5
U422,P122,4.0
U422,P124,3.5
U422,P13,70.0
U422,P140,1.0
U422,P144,3.0
U422,P149,5.0
U422,P161,0.5
U422,P174,3.0
U422,P183,30.0
U422,P185,30.0
U422,P206,5.0
U422,P232,3.0
U422,P240,36.0
U422,P242,0.5
U422,P247,0.5
U422,P255,35.0
U422,P261,3.0
U422,P321,33.0
U422,P339,3.5
U422,P354,30.0
U422,P362,0.5
U422,P379,42.0
U422,P398,5.0
U422,P416,0.5
U422,P443,5.0
U422,P447,33.0
U422,P555,30.0
U422,P567,30.0
U422,P605,3.0
U422,P61,0.5
U422,P632,0.5
U422,P637,30.0
U422,P645,0.5
U423,P122,4.0
U423,P146,0.5
U423,P152,3.0
U423,P154,6.0
U423,P166,5.0
U423,P206,30.0
U423,P208,30.0
U423,P240,3.0
U423,P255,0.5
U423,P291,0.5
U423,P34,5.0
U423,P379,30.0
U423,P380,0.5
U423,P42,3.0
U423,P428,5.0
U423,P451,30.0
U423,P503,30.0
U423,P591,5.0
U423,P621,0.5
U423,P623,3.0
U423,P639,6.0
U424,P103,60.0
U424,P129,30.0
U424,P141,3.0
U424,P147,5.0
U424,P167,0.5
U424,P17,30.0
U424,P180,0.5
U424,P250,5.0
U424,P259,33.0
U424,P315,30.5
U424,P354,0.5
U424,P362,6.0
U424,P387,10.0
U424,P422,5.0
U424,P511,5.0
U424,P526,0.5
U424,P540,5.0
U424,P557,3.0
U424,P565,0.5
U424,P575,3.0
U424,P69,30.0
U424,P81,8.5
U424,P98,5.0
U425,P107,5.0
U425,P11,0.5
U425,P124,0.5
U425,P13,3.5
U425,P141,30.0
U425,P149,3.0
U425,P161,30.0
U425,P167,30.0
U425,P172,30.0
U425,P173,6.0
U425,P176,5.0
U425,P180,60.0
U425,P185,8.0
U425,P198,5.5
U425,P217,8.0
U425,P238,30.0
U425,P240,3.0
U425,P244,6.0
U425,P259,1.0
U425,P27,30.0
U425,P276,5.0
U425,P278,3.0
U425,P28,0.5
U425,P286,0.5
U425,P296,3.0
U425,P297,3.5
U425,P30,5.0
U425,P303,30.0
U425,P322,3.0
U425,P34,4.5
U425,P353,5.0
U425,P354,3.0
U425,P372,3.0
U425,P378,0.5
U425,P415,3.0
U425,P42,5.5
U425,P443,6.0
U425,P446,0.5
U425,P447,30.0
U425,P45,5.0
U425,P468,3.0
U425,P471,5.0
U425,P49,8.0
U425,P511,30.5
U425,P52,0.5
U425,P530,3.0
U425,P540,3.0
U425,P583,5.0
U425,P597,0.5
U425,P639,1.0
U425,P64,3.0
U425,P643,0.5
U425,P648,0.5
U425,P68,5.0
U425,P69,8.0
U425,P76,5.0
U425,P98,5.0
U426,P103,3.0
U426,P107,3.0
U426,P130,5.0
U426,P141,3.5
U426,P167,3.0
U426,P17,30.0
U426,P170,3.0
U426,P173,5.0
U426,P217,30.0
U426,P238,5.0
U426,P241,0.5
U426,P243,5.5
U426,P244,5.5
U426,P254,1.0
U426,P259,3.0
U426,P278,33.0
U426,P303,0.5
U426,P310,30.0
U426,P315,41.0
U426,P327,30.0
U426,P345,3.0
U426,P387,33.0
U426,P432,35.0
U426,P437,3.0
U426,P459,3.0
U426,P471,3.5
U426,P49,33.0
U426,P497,1.0
U426,P54,5.0
U426,P541,30.0
U426,P545,3.0
U426,P558,5.0
U426,P575,3.0
U426,P79,33.5
U426,P98,5.0
U427,P107,3.0
U427,P136,0.5
U427,P190,8.5
U427,P195,30.0
U427,P196,5.0
U427,P241,0.5
U427,P265,30.0
U427,P273,3.5
U427,P28,36.0
U427,P297,30.0
U427,P303,0.5
U427,P313,3.5
U427,P34,0.5
U427,P353,35.0
U427,P354,3.0
U427,P374,3.0
U427,P380,0.5
U427,P415,65.0
U427,P422,30.5
U427,P479,5.0
U427,P518,3.0
U427,P575,8.0
U427,P61,0.5
U427,P627,30.0
U427,P643,0.5
U427,P648,5.0
U427,P69,30.0
U43,P107,5.5
U43,P11,0.5
U43,P118,0.5
U43,P122,3.0
U43,P136,3.0
U43,P167,33.0
U43,P169,3.0
U43,P170,5.0
U43,P176,5.0
U43,P18,30.0
U43,P180,0.5
U43,P185,6.0
U43,P198,30.0
U43,P2,35.0
U43,P232,3.0
U43,P238,0.5
U43,P255,30.0
U43,P259,30.0
U43,P278,0.5
U43,P297,0.5
U43,P315,5.0
U43,P353,5.0
U43,P362,0.5
U43,P372,3.0
U43,P379,3.0
U43,P396,30.0
U43,P417,5.0
U43,P432,3.0
U43,P471,3.5
U43,P49,5.0
U43,P511,35.0
U43,P52,30.0
U43,P540,0.5
U43,P550,3.0
U43,P557,0.5
U43,P575,3.0
U43,P61,33.5
U43,P623,0.5
U43,P68,60.0
U43,P79,0.5
U43,P81,3.0
U43,P89,5.0
U43,P92,5.0
U43,P98,0.5
U430,P127,5.0
U430,P128,5.0
U430,P129,0.5
U430,P136,30.5
U430,P141,11.0
U430,P17,3.0
U430,P170,30.0
U430,P18,3.0
U430,P185,0.5
U430,P198,30.0
U430,P212,3.0
U430,P234,30.0
U430,P238,8.5
U430,P259,30.5
U430,P303,5.0
U430,P305,3.0
U430,P316,3.0
U430,P333,0.5
U430,P378,3.5
U430,P390,3.0
U430,P396,30.0
U430,P432,30.5
U430,P471,30.0
U430,P483,0.5
U430,P496,3.0
U430,P511,0.5
U430,P550,0.5
U430,P565,3.0
U430,P61,5.0
U430,P7,3.0
U430,P98,5.5
U431,P103,3.0
U431,P124,30.0
U431,P13,3.0
U431,P140,0.5
U431,P149,3.0
U431,P174,5.5
U431,P190,3.0
U431,P226,5.0
U431,P232,0.5
U431,P247,0.5
U431,P286,3.0
U431,P297,30.0
U431,P316,5.0
U431,P34,5.0
U431,P362,5.0
U431,P382,5.0
U431,P422,5.0
U431,P477,3.0
U431,P482,3.0
U431,P512,5.0
U431,P55,30.0
U431,P567,5.0
U431,P592,30.0
U431,P600,5.0
U431,P74,30.0
U431,P77,0.5
U433,P129,3.0
U433,P136,3.0
U433,P141,0.5
U433,P167,35.0
U433,P17,6.0
U433,P170,0.5
U433,P173,3.0
U433,P185,0.5
U433,P190,5.0
U433,P198,3.0
U433,P238,0.5
U433,P259,3.0
U433,P303,3.5
U433,P322,3.0
U433,P353,5.0
U433,P372,0.5
U433,P378,33.0
U433,P387,30.0
U433,P42,30.0
U433,P422,1.0
U433,P502,30.0
U433,P52,0.5
U433,P550,5.0
U433,P61,30.5
U433,P636,0.5
U433,P68,0.5
U433,P69,0.5
U434,P103,8.0
U434,P104,3.0
U434,P107,33.0
U434,P124,3.0
U434,P140,30.0
U434,P167,12.0
U434,P174,0.5
U434,P18,0.5
U434,P180,8.0
U434,P185,5.0
U434,P193,0.5
U434,P204,0.5
U434,P219,0.5
U434,P228,3.0
U434,P238,5.0
U434,P243,33.0
U434,P244,30.5
U434,P259,30.0
U434,P278,8.0
U434,P315,14.0
U434,P321,30.0
U434,P326,0.5
U434,P330,3.0
U434,P373,30.0
U434,P387,3.5
U434,P396,33.0
U434,P41,0.5
U434,P432,5.0
U434,P443,6.0
U434,P471,3.0
U434,P49,8.0
U434,P511,35.0
U434,P545,0.5
U434,P550,3.0
U434,P567,3.0
U434,P61,8.0
U434,P637,30.0
U434,P66,30.0
U434,P68,6.0
U434,P7,0.5
U434,P79,30.0
U434,P94,5.0
U434,P98,3.5
U435,P121,0.5
U435,P122,6.0
U435,P140,5.0
U435,P142,0.5
U435,P158,30.0
U435,P166,39.5
U435,P174,3.0
U435,P190,30.0
U435,P232,3.0
U435,P237,3.0
U435,P240,5.5
U435,P261,5.0
U435,P282,5.0
U435,P339,0.5
U435,P379,3.0
U435,P41,8.5
U435,P42,30.5
U435,P451,3.5
U435,P468,0.5
U435,P479,5.5
U435,P503,30.0
U435,P51,3.0
U435,P517,30.0
U435,P52,0.5
U435,P521,3.0
U435,P530,0.5
U435,P55,0.5
U435,P583,30.5
U435,P589,0.5
U435,P639,1.0
U435,P641,3.0
U435,P645,5.0
U435,P69,3.0
U436,P150,0.5
U436,P169,3.0
U436,P176,30.0
U436,P185,3.0
U436,P190,5.0
U436,P229,5.0
U436,P240,3.0
U436,P244,5.0
U436,P255,3.0
U436,P267,0.5
U436,P28,5.0
U436,P342,30.0
U436,P353,5.0
U436,P372,3.5
U436,P415,33.5
U436,P422,3.0
U436,P479,3.0
U436,P49,0.5
U436,P612,0.5
U436,P648,0.5
U437,P116,5.0
U437,P165,30.0
U437,P17,5.0
U437,P173,3.0
U437,P197,0.5
U437,P2,5.5
U437,P204,5.0
U437,P217,5.0
U437,P230,30.0
U437,P241,30.0
U437,P297,6.0
U437,P315,3.0
U437,P325,30.0
U437,P353,0.5
U437,P354,0.5
U437,P372,30.5
U437,P387,3.0
U437,P417,0.5
U437,P42,30.0
U437,P422,0.5
U437,P432,3.0
U437,P439,3.0
U437,P464,0.5
U437,P465,30.0
U437,P479,0.5
U437,P540,5.0
U437,P575,5.0
U437,P621,0.5
U437,P627,8.5
U437,P640,0.5
U437,P68,35.0
U437,P80,30.0
U439,P124,5.0
U439,P140,0.5
U439,P161,60.0
U439,P162,5.0
U439,P17,30.0
U439,P176,5.0
U439,P185,3.0
U439,P203,30.0
U439,P241,30.0
U439,P244,3.0
U439,P254,0.5
U439,P259,5.0
U439,P278,0.5
U439,P286,30.5
U439,P315,3.0
U439,P34,3.0
U439,P353,0.5
U439,P38,3.0
U439,P41,0.5
U439,P447,3.0
U439,P554,0.5
U439,P583,5.0
U439,P61,0.5
U439,P632,3.0
U439,P639,3.5
U439,P69,3.0
U439,P95,30.0
U440,P13,0.5
U440,P141,30.0
U440,P161,3.0
U440,P166,1.0
U440,P170,33.0
U440,P182,30.0
U440,P185,3.0
U440,P238,3.0
U440,P240,3.0
U440,P244,30.0
U440,P247,0.5
U440,P255,6.0
U440,P286,3.0
U440,P379,0.5
U440,P402,0.5
U440,P451,3.0
U440,P49,30.0
U440,P494,3.0
U440,P567,5.0
U440,P572,6.0
U440,P576,5.0
U440,P615,9.0
U440,P639,3.0
U440,P98,5.0
U441,P107,0.5
U441,P128,5.0
U441,P141,5.0
U441,P149,0.5
U441,P166,5.0
U441,P167,8.0
U441,P17,30.5
U441,P170,3.0
U441,P173,0.5
U441,P180,5.0
U441,P185,30.0
U441,P198,1.0
U441,P2,8.0
U441,P217,10.0
U441,P221,3.0
U441,P241,3.5
U441,P243,14.0
U441,P250,30.0
U441,P259,5.0
U441,P278,0.5
U441,P303,41.5
U441,P315,0.5
U441,P322,30.0
U441,P354,0.5
U441,P361,30.0
U441,P362,3.0
U441,P364,5.0
U441,P381,0.5
U441,P396,3.0
U441,P443,38.0
U441,P49,11.5
U441,P515,0.5
U441,P518,0.5
U441,P526,3.0
U441,P550,33.0
U441,P594,5.0
U441,P609,3.0
U441,P61,1.0
U441,P615,3.0
U441,P62,30.0
U441,P623,5.0
U441,P647,3.0
U441,P68,3.0
U441,P98,3.5
U444,P122,5.0
U444,P154,3.0
U444,P2,5.0
U444,P208,30.0
U444,P217,36.0
U444,P243,8.0
U444,P255,5.0
U444,P259,3.0
U444,P278,0.5
U444,P303,0.5
U444,P353,5.0
U444,P372,0.5
U444,P387,3.5
U444,P392,3.0
U444,P42,3.0
U444,P432,1.0
U444,P443,8.0
U444,P471,60.0
U444,P511,5.0
U444,P547,30.0
U444,P575,0.5
U444,P61,68.0
U444,P612,0.5
U444,P647,3.0
U444,P69,30.0
U445,P103,3.0
U445,P107,30.0
U445,P141,0.5
U445,P17,3.0
U445,P173,0.5
U445,P176,30.0
U445,P180,0.5
U445,P185,30.0
U445,P2,3.0
U445,P204,30.0
U445,P238,3.0
U445,P241,3.0
U445,P243,60.0
U445,P244,5.0
U445,P255,1.0
U445,P272,3.0
U445,P278,0.5
U445,P28,4.0
U445,P297,3.0
U445,P315,30.0
U445,P34,3.0
U445,P361,0.5
U445,P372,30.0
U445,P378,3.0
U445,P390,3.0
U445,P396,3.0
U445,P416,30.0
U445,P422,0.5
U445,P44,0.5
U445,P443,3.0
U445,P458,30.0
U445,P479,5.5
U445,P486,5.0
U445,P515,3.0
U445,P530,5.0
U445,P54,30.0
U445,P540,30.0
U445,P545,3.0
U445,P61,30.0
U445,P628,30.0
U445,P648,0.5
U445,P68,5.5
U445,P69,5.0
U445,P79,5.0
U445,P81,3.0
U446,P13,5.0
U446,P136,3.0
U446,P140,3.0
U446,P141,3.0
U446,P149,30.0
U446,P154,5.0
U446,P161,5.0
U446,P166,3.0
U446,P170,30.0
U446,P206,1.0
U446,P208,3.0
U446,P232,30.0
U446,P237,0.5
U446,P240,3.0
U446,P247,3.0
U446,P264,0.5
U446,P300,30.0
U446,P320,5.0
U446,P321,0.5
U446,P339,5.5
U446,P373,0.5
U446,P396,5.0
U446,P41,4.0
U446,P447,5.0
U446,P451,3.5
U446,P50,0.5
U446,P503,30.0
U446,P567,5.0
U446,P576,30.0
U446,P615,11.0
U446,P639,3.0
U446,P645,0.5
U447,P115,3.0
U447,P143,30.0
U447,P161,0.5
U447,P167,0.5
U447,P173,6.0
U447,P2,5.0
U447,P244,3.0
U447,P27,0.5
U447,P315,0.5
U447,P354,0.5
U447,P372,30.0
U447,P42,3.0
U447,P440,30.0
U447,P443,0.5
U447,P471,5.0
U447,P492,0.5
U447,P497,5.0
U447,P557,3.0
U447,P61,8.0
U447,P645,5.0
U447,P68,30.0
U448,P1,5.0
U448,P13,30.0
U448,P149,3.0
U448,P166,3.0
U448,P190,30.0
U448,P232,3.5
U448,P240,0.5
U448,P255,0.5
U448,P286,5.0
U448,P297,0.5
U448,P339,3.0
U448,P34,3.0
U448,P379,0.5
U448,P415,6.0
U448,P447,3.0
U448,P462,3.0
U448,P479,0.5
U448,P52,0.5
U448,P92,3.0
U449,P167,5.0
U449,P241,0.5
U449,P243,30.0
U449,P265,0.5
U449,P27,5.0
U449,P303,3.0
U449,P315,5.0
U449,P387,0.5
U449,P459,3.0
U449,P471,3.0
U449,P600,30.0
U449,P61,5.0
U449,P611,30.0
U449,P625,0.5
U449,P79,30.0
U449,P80,30.0
U45,P178,0.5
U45,P180,5.0
U45,P185,5.0
U45,P190,5.0
U45,P213,1.0
U45,P241,5.0
U45,P259,30.0
U45,P303,8.0
U45,P354,3.0
U45,P387,33.0
U45,P417,0.5
U45,P497,3.0
U45,P50,0.5
U45,P52,30.0
U45,P53,30.0
U45,P550,0.5
U45,P65,0.5
U45,P68,0.5
U45,P7,5.0
U45,P79,6.0
U45,P81,0.5
U45,P94,30.0
U45,P98,3.0
U450,P108,0.5
U450,P124,5.0
U450,P138,0.5
U450,P141,0.5
U450,P176,3.0
U450,P180,5.0
U450,P198,6.0
U450,P206,0.5
U450,P232,0.5
U450,P240,3.0
U450,P261,5.0
U450,P286,0.5
U450,P297,3.0
U450,P30,3.0
U450,P311,5.0
U450,P321,5.5
U450,P353,3.0
U450,P372,5.0
U450,P415,5.0
U450,P417,3.0
U450,P447,3.0
U450,P465,0.5
U450,P470,0.5
U450,P52,5.5
U450,P540,30.0
U450,P55,30.0
U450,P621,5.0
U450,P627,30.0
U450,P632,0.5
U450,P639,5.0
U450,P645,33.0
U450,P648,0.5
U450,P79,3.0
U451,P103,3.0
U451,P107,3.0
U451,P167,0.5
U451,P195,30.0
U451,P243,0.5
U451,P244,0.5
U451,P247,3.0
U451,P255,3.0
U451,P259,31.0
U451,P276,0.5
U451,P278,38.0
U451,P303,0.5
U451,P330,5.0
U451,P337,3.0
U451,P345,0.5
U451,P378,3.0
U451,P387,0.5
U451,P443,3.0
U451,P451,0.5
U451,P471,11.0
U451,P479,30.0
U451,P49,5.0
U451,P50,3.0
U451,P511,3.5
U451,P53,0.5
U451,P550,36.0
U451,P572,0.5
U451,P575,3.0
U451,P595,3.0
U451,P645,0.5
U451,P79,3.0
U451,P81,3.0
U453,P103,5.0
U453,P116,5.0
U453,P136,5.5
U453,P141,5.0
U453,P143,5.0
U453,P176,3.5
U453,P190,11.0
U453,P195,30.0
U453,P2,5.0
U453,P217,0.5
U453,P241,0.5
U453,P243,3.0
U453,P259,5.0
U453,P278,30.0
U453,P28,6.5
U453,P297,0.5
U453,P330,30.0
U453,P34,13.0
U453,P354,3.0
U453,P372,0.5
U453,P417,3.5
U453,P42,30.5
U453,P422,16.0
U453,P432,5.0
U453,P45,3.0
U453,P470,0.5
U453,P471,3.5
U453,P479,0.5
U453,P487,0.5
U453,P509,5.0
U453,P515,0.5
U453,P52,30.0
U453,P540,33.0
U453,P546,30.0
U453,P550,0.5
U453,P606,3.0
U453,P612,3.0
U453,P621,38.0
U453,P64,3.0
U453,P648,5.0
U453,P69,39.0
U453,P79,0.5
U454,P13,3.0
U454,P138,0.5
U454,P162,3.0
U454,P176,5.0
U454,P190,0.5
U454,P285,5.0
U454,P297,0.5
U454,P371,30.0
U454,P372,60.5
U454,P41,5.0
U454,P415,10.0
U454,P417,30.0
U454,P422,5.5
U454,P45,5.0
U454,P479,3.0
U454,P540,5.0
U454,P572,30.0
U454,P580,3.0
U454,P621,11.0
U454,P627,60.0
U454,P632,5.0
U454,P64,0.5
U454,P644,3.0
U454,P648,35.5
U454,P69,6.5
U455,P1,0.5
U455,P107,5.0
U455,P167,30.0
U455,P17,0.5
U455,P185,3.5
U455,P217,30.0
U455,P267,5.0
U455,P276,3.0
U455,P296,5.0
U455,P297,0.5
U455,P32,0.5
U455,P34,30.0
U455,P353,3.0
U455,P362,1.0
U455,P364,5.0
U455,P415,38.0
U455,P417,0.5
U455,P42,5.0
U455,P422,3.0
U455,P483,0.5
U455,P553,5.0
U455,P600,3.0
U455,P61,5.0
U455,P612,0.5
U455,P621,3.0
U455,P627,0.5
U455,P636,0.5
U455,P648,3.0
U455,P68,3.5
U455,P79,30.0
U457,P122,1.0
U457,P124,65.5
U457,P140,5.0
U457,P149,3.0
U457,P161,6.5
U457,P232,4.0
U457,P261,0.5
U457,P28,30.0
U457,P339,5.0
U457,P340,3.0
U457,P359,3.0
U457,P376,5.0
U457,P41,3.0
U457,P417,0.5
U457,P422,0.5
U457,P435,0.5
U457,P447,3.5
U457,P55,3.0
U457,P567,35.0
U457,P57,5.0
U457,P574,0.5
U457,P576,30.0
U457,P583,5.0
U457,P610,3.0
U457,P631,5.0
U457,P632,6.0
U457,P637,3.0
U457,P645,0.5
U457,P92,0.5
U457,P95,0.5
U458,P107,0.5
U458,P124,0.5
U458,P136,8.5
U458,P167,0.5
U458,P169,3.0
U458,P17,3.0
U458,P180,8.0
U458,P198,5.5
U458,P2,0.5
U458,P204,3.0
U458,P217,8.0
U458,P238,30.0
U458,P241,35.0
U458,P244,3.0
U458,P305,0.5
U458,P315,5.5
U458,P34,5.0
U458,P354,36.0
U458,P362,30.0
U458,P37,0.5
U458,P387,10.5
U458,P420,0.5
U458,P425,30.0
U458,P443,0.5
U458,P49,31.0
U458,P490,5.0
U458,P497,30.0
U458,P511,7.0
U458,P531,3.0
U458,P550,36.0
U458,P575,0.5
U458,P595,30.0
U458,P61,5.0
U458,P641,5.0
U458,P647,30.0
U458,P69,0.5
U458,P76,30.0
U458,P79,3.0
U458,P81,30.5
U458,P98,3.5
U459,P107,5.0
U459,P136,0.5
U459,P149,30.0
U459,P163,3.0
U459,P185,30.5
U459,P198,35.0
U459,P217,60.0
U459,P240,3.0
U459,P241,5.0
U459,P243,0.5
U459,P259,0.5
U459,P298,3.0
U459,P303,0.5
U459,P315,8.5
U459,P327,5.0
U459,P354,13.0
U459,P362,4.0
U459,P376,3.0
U459,P379,5.0
U459,P387,30.0
U459,P416,5.0
U459,P437,5.0
U459,P451,0.5
U459,P471,5.5
U459,P483,0.5
U459,P488,0.5
U459,P511,3.0
U459,P531,0.5
U459,P575,5.0
U459,P577,0.5
U459,P61,1.0
U459,P620,3.0
U459,P68,33.5
U459,P81,3.0
U459,P96,0.5
U459,P98,5.5
U46,P108,3.0
U46,P122,3.0
U46,P124,6.0
U46,P136,30.0
U46,P140,30.0
U46,P141,33.0
U46,P150,3.0
U46,P161,30.0
U46,P166,30.0
U46,P173,3.0
U46,P185,5.0
U46,P240,0.5
U46,P247,33.0
U46,P255,3.0
U46,P265,3.0
U46,P315,3.0
U46,P339,5.0
U46,P370,5.0
U46,P387,30.0
U46,P391,30.0
U46,P396,30.0
U46,P399,3.0
U46,P417,0.5
U46,P449,5.0
U46,P451,30.5
U46,P455,5.0
U46,P471,3.0
U46,P477,0.5
U46,P485,30.0
U46,P511,30.0
U46,P525,0.5
U46,P55,0.5
U46,P555,30.0
U46,P567,0.5
U46,P576,0.5
U46,P583,5.0
U46,P623,30.0
U46,P638,3.0
U46,P79,5.0
U46,P81,3.0
U46,P92,6.0
U460,P107,1.0
U460,P111,3.0
U460,P117,0.5
U460,P136,30.0
U460,P15,30.0
U460,P17,8.0
U460,P170,5.5
U460,P173,30.0
U460,P180,3.0
U460,P185,30.0
U460,P198,0.5
U460,P217,3.0
U460,P238,5.0
U460,P241,1.0
U460,P303,13.0
U460,P315,5.0
U460,P32,5.0
U460,P361,0.5
U460,P387,5.0
U460,P425,5.0
U460,P432,3.0
U460,P471,3.0
U460,P502,3.0
U460,P519,3.0
U460,P575,3.0
U460,P577,30.0
U460,P600,30.0
U460,P61,5.5
U460,P68,5.0
U460,P79,3.0
U460,P81,0.5
U460,P98,30.5
U461,P117,3.0
U461,P136,60.0
U461,P141,3.0
U461,P17,3.0
U461,P173,35.5
U461,P198,30.0
U461,P2,0.5
U461,P204,3.5
U461,P221,30.0
U461,P230,5.0
U461,P242,3.0
U461,P278,0.5
U461,P315,30.0
U461,P333,3.0
U461,P337,0.5
U461,P349,33.0
U461,P354,0.5
U461,P362,3.0
U461,P387,0.5
U461,P396,33.0
U461,P471,38.0
U461,P483,0.5
U461,P49,33.0
U461,P497,5.0
U461,P511,5.0
U461,P550,30.0
U461,P600,0.5
U461,P630,5.0
U461,P79,3.0
U461,P81,3.0
U461,P89,3.0
U461,P98,3.0
U462,P103,4.0
U462,P136,3.0
U462,P147,5.0
U462,P170,3.0
U462,P198,3.5
U462,P2,5.5
U462,P217,3.0
U462,P258,5.0
U462,P273,0.5
U462,P274,0.5
U462,P278,3.0
U462,P303,3.5
U462,P315,5.0
U462,P354,5.0
U462,P432,0.5
U462,P49,5.0
U462,P503,5.0
U462,P54,0.5
U462,P550,3.0
U462,P565,5.0
U462,P61,5.0
U462,P81,0.5
U463,P103,30.0
U463,P130,30.0
U463,P136,5.0
U463,P141,3.5
U463,P159,30.0
U463,P170,5.0
U463,P18,0.5
U463,P180,5.0
U463,P217,35.0
U463,P244,6.0
U463,P251,0.5
U463,P259,0.5
U463,P303,0.5
U463,P315,5.0
U463,P327,5.0
U463,P344,5.0
U463,P354,0.5
U463,P362,1.0
U463,P374,33.0
U463,P396,38.5
U463,P432,5.0
U463,P443,3.0
U463,P471,5.0
U463,P550,0.5
U463,P575,60.0
U463,P61,3.5
U463,P79,0.5
U463,P81,5.0
U463,P83,5.0
U463,P98,0.5
U465,P103,30.0
U465,P136,30.0
U465,P140,0.5
U465,P167,1.0
U465,P170,30.0
U465,P185,3.0
U465,P217,5.0
U465,P22,30.0
U465,P221,0.5
U465,P243,30.0
U465,P254,3.0
U465,P259,0.5
U465,P278,0.5
U465,P28,3.0
U465,P353,5.0
U465,P363,30.0
U465,P378,30.0
U465,P387,3.0
U465,P479,0.5
U465,P519,3.0
U465,P522,30.0
U465,P525,0.5
U465,P595,30.0
U465,P632,5.0
U465,P645,0.5
U466,P141,3.0
U466,P143,3.0
U466,P161,30.5
U466,P166,0.5
U466,P206,5.0
U466,P207,33.0
U466,P240,0.5
U466,P242,30.0
U466,P258,30.0
U466,P363,0.5
U466,P378,3.0
U466,P396,30.0
U466,P42,3.0
U466,P422,0.5
U466,P451,0.5
U466,P49,3.0
U466,P57,30.0
U466,P576,0.5
U466,P632,0.5
U466,P645,3.0
U467,P103,6.0
U467,P124,0.5
U467,P136,3.0
U467,P150,0.5
U467,P163,30.0
U467,P166,3.0
U467,P187,3.0
U467,P208,3.0
U467,P210,5.0
U467,P238,10.0
U467,P241,3.0
U467,P247,0.5
U467,P286,3.0
U467,P312,5.0
U467,P316,3.0
U467,P344,0.5
U467,P376,30.0
U467,P422,3.0
U467,P423,3.0
U467,P439,30.0
U467,P443,30.0
U467,P451,30.0
U467,P457,5.0
U467,P471,3.5
U467,P497,30.0
U467,P523,3.0
U467,P615,3.0
U467,P623,3.0
U467,P627,3.0
U467,P68,8.0
U467,P69,3.5
U467,P78,30.0
U467,P79,0.5
U468,P103,3.5
U468,P124,30.0
U468,P136,5.5
U468,P140,0.5
U468,P141,3.0
U468,P159,5.0
U468,P17,35.0
U468,P180,3.5
U468,P198,3.0
U468,P2,3.0
U468,P217,33.5
U468,P241,5.0
U468,P244,5.0
U468,P247,0.5
U468,P26,3.0
U468,P303,4.0
U468,P315,5.0
U468,P321,5.0
U468,P330,30.0
U468,P343,0.5
U468,P362,33.0
U468,P387,30.0
U468,P432,5.0
U468,P443,30.0
U468,P447,3.5
U468,P464,30.0
U468,P471,0.5
U468,P502,3.0
U468,P558,30.0
U468,P572,30.0
U468,P576,3.0
U468,P61,3.0
U468,P632,3.0
U468,P68,2.0
U468,P98,34.0
U469,P108,0.5
U469,P17,3.0
U469,P2,0.5
U469,P229,3.0
U469,P241,0.5
U469,P297,0.5
U469,P303,5.5
U469,P34,31.0
U469,P353,0.5
U469,P354,0.5
U469,P362,0.5
U469,P371,30.0
U469,P372,1.0
U469,P379,3.0
U469,P417,3.0
U469,P494,0.5
U469,P52,30.0
U469,P540,33.0
U469,P545,30.0
U469,P56,3.0
U469,P576,0.5
U469,P627,30.0
U469,P632,0.5
U469,P648,0.5
U469,P72,0.5
U469,P81,33.5
U469,P87,5.0
U47,P103,36.0
U47,P141,5.0
U47,P149,5.0
U47,P167,6.0
U47,P169,30.0
U47,P170,3.0
U47,P185,0.5
U47,P208,3.0
U47,P238,11.0
U47,P241,30.0
U47,P244,30.0
U47,P255,30.0
U47,P259,0.5
U47,P278,30.0
U47,P303,0.5
U47,P361,3.0
U47,P387,5.0
U47,P396,30.5
U47,P432,0.5
U47,P441,0.5
U47,P451,30.0
U47,P49,3.0
U47,P502,3.0
U47,P550,5.5
U47,P575,6.0
U47,P6,5.0
U47,P611,3.0
U47,P68,11.0
U47,P79,5.0
U47,P81,5.5
U47,P98,3.0
U471,P124,3.0
U471,P161,3.0
U471,P217,3.5
U471,P241,0.5
U471,P243,0.5
U471,P278,8.0
U471,P286,0.5
U471,P303,10.5
U471,P321,0.5
U471,P387,5.5
U471,P432,3.5
U471,P511,3.0
U471,P550,33.0
U471,P575,5.0
U471,P632,30.0
U472,P107,30.0
U472,P122,30.0
U472,P13,33.0
U472,P140,5.5
U472,P161,1.5
U472,P193,5.0
U472,P206,0.5
U472,P234,0.5
U472,P247,30.0
U472,P259,3.0
U472,P286,3.0
U472,P321,3.0
U472,P34,0.5
U472,P353,5.0
U472,P372,3.0
U472,P380,3.0
U472,P443,3.0
U472,P447,60.0
U472,P451,0.5
U472,P480,0.5
U472,P487,5.0
U472,P530,0.5
U472,P54,0.5
U472,P540,3.0
U472,P547,0.5
U472,P572,33.0
U472,P576,6.0
U472,P583,3.0
U472,P610,0.5
U472,P623,0.5
U472,P627,3.0
U472,P634,3.0
U472,P639,5.0
U472,P645,5.0
U472,P69,3.0
U472,P92,30.0
U472,P99,5.0
U473,P13,0.5
U473,P302,30.0
U473,P399,0.5
U473,P447,0.5
U473,P587,5.0
U473,P649,30.0
U474,P141,33.0
U474,P173,6.5
U474,P174,10.0
U474,P176,30.0
U474,P180,3.0
U474,P190,30.0
U474,P2,3.0
U474,P217,3.0
U474,P238,33.0
U474,P241,38.0
U474,P244,30.0
U474,P247,30.0
U474,P278,3.0
U474,P297,36.5
U474,P315,33.0
U474,P321,30.0
U474,P35,0.5
U474,P362,30.0
U474,P378,5.0
U474,P415,0.5
U474,P422,30.0
U474,P432,5.5
U474,P443,0.5
U474,P446,30.0
U474,P459,5.0
U474,P471,5.5
U474,P492,30.0
U474,P497,3.0
U474,P502,30.0
U474,P511,3.0
U474,P540,5.0
U474,P61,3.0
U474,P648,5.0
U474,P69,5.0
U475,P103,30.0
U475,P107,3.0
U475,P170,3.0
U475,P173,30.0
U475,P176,3.0
U475,P180,5.0
U475,P185,3.0
U475,P221,30.0
U475,P243,30.0
U475,P259,3.0
U475,P28,35.0
U475,P401,0.5
U475,P417,30.0
U475,P443,3.5
U475,P479,0.5
U475,P509,5.0
U475,P511,1.0
U475,P52,3.0
U475,P53,5.0
U475,P540,3.0
U475,P61,0.5
U475,P612,30.0
U476,P107,5.5
U476,P176,5.0
U476,P190,35.0
U476,P206,3.0
U476,P207,0.5
U476,P241,8.0
U476,P255,30.0
U476,P278,6.0
U476,P315,0.5
U476,P354,3.5
U476,P363,3.0
U476,P372,8.5
U476,P374,0.5
U476,P400,5.0
U476,P417,43.0
U476,P443,3.0
U476,P471,30.0
U476,P479,0.5
U476,P503,0.5
U476,P52,3.0
U476,P530,0.5
U476,P648,5.5
U477,P103,3.0
U477,P107,3.0
U477,P136,3.5
U477,P167,3.0
U477,P17,33.5
U477,P170,34.5
U477,P173,30.0
U477,P178,3.0
U477,P180,18.0
U477,P185,6.5
U477,P198,30.0
U477,P2,3.0
U477,P217,30.0
U477,P224,0.5
U477,P238,3.0
U477,P354,3.0
U477,P375,0.5
U477,P378,0.5
U477,P432,0.5
U477,P50,30.0
U477,P502,3.0
U477,P550,0.5
U477,P558,1.0
U477,P59,30.0
U477,P61,3.0
U477,P611,5.0
U477,P66,5.0
U477,P94,0.5
U477,P98,5.5
U478,P122,33.0
U478,P135,5.0
U478,P140,38.0
U478,P149,30.0
U478,P162,0.5
U478,P174,30.5
U478,P176,5.0
U478,P190,0.5
U478,P206,3.0
U478,P208,5.0
U478,P232,38.0
U478,P255,30.0
U478,P26,5.5
U478,P261,0.5
U478,P321,5.0
U478,P339,35.0
U478,P359,3.0
U478,P363,0.5
U478,P379,9.0
U478,P391,0.5
U478,P397,0.5
U478,P451,8.0
U478,P530,5.0
U478,P543,30.0
U478,P547,3.0
U478,P55,0.5
U478,P556,0.5
U478,P572,3.0
U478,P592,0.5
U478,P607,5.0
U478,P623,5.0
U478,P627,0.5
U478,P632,30.0
U478,P638,3.0
U478,P639,6.0
U478,P649,3.0
U480,P11,0.5
U480,P136,60.0
U480,P141,5.0
U480,P180,30.0
U480,P198,5.0
U480,P217,5.0
U480,P238,5.0
U480,P243,5.0
U480,P272,5.0
U480,P278,33.0
U480,P28,3.0
U480,P294,5.0
U480,P297,3.0
U480,P303,5.0
U480,P353,5.0
U480,P354,3.0
U480,P378,0.5
U480,P387,3.0
U480,P411,30.0
U480,P417,3.5
U480,P459,3.0
U480,P479,35.0
U480,P511,5.0
U480,P575,5.0
U480,P627,3.0
U480,P648,5.0
U480,P68,0.5
U481,P117,3.0
U481,P173,3.0
U481,P176,8.0
U481,P190,3.0
U481,P197,3.0
U481,P2,30.0
U481,P208,3.0
U481,P226,0.5
U481,P231,5.0
U481,P259,5.0
U481,P28,5.0
U481,P32,3.0
U481,P330,0.5
U481,P353,5.0
U481,P354,33.0
U481,P361,3.0
U481,P362,0.5
U481,P372,0.5
U481,P396,3.5
U481,P4,30.0
U481,P417,30.5
U481,P42,3.0
U481,P422,5.0
U481,P432,3.0
U481,P437,0.5
U481,P479,3.0
U481,P503,30.0
U481,P51,0.5
U481,P52,5.0
U481,P544,3.0
U481,P550,30.0
U481,P594,30.0
U481,P61,5.0
U481,P615,30.0
U481,P62,30.0
U481,P621,30.0
U481,P628,3.0
U481,P648,0.5
U481,P68,30.0
U481,P69,5.0
U481,P79,5.0
U481,P81,0.5
U482,P107,0.5
U482,P124,33.0
U482,P143,0.5
U482,P173,30.0
U482,P176,35.5
U482,P241,8.5
U482,P243,3.0
U482,P247,3.0
U482,P278,0.5
U482,P28,3.0
U482,P286,5.0
U482,P297,5.0
U482,P303,5.0
U482,P312,5.0
U482,P315,30.0
U482,P353,33.5
U482,P354,0.5
U482,P372,0.5
U482,P387,30.5
U482,P41,30.0
U482,P415,0.5
U482,P422,30.0
U482,P432,0.5
U482,P443,3.0
U482,P447,0.5
U482,P471,5.0
U482,P479,0.5
U482,P492,5.0
U482,P511,3.0
U482,P536,0.5
U482,P550,0.5
U482,P572,0.5
U482,P576,0.5
U482,P604,5.0
U482,P606,5.5
U482,P611,30.0
U482,P639,3.0
U482,P648,3.0
U482,P66,30.0
U482,P95,0.5
U483,P115,3.0
U483,P122,0.5
U483,P145,3.0
U483,P168,30.0
U483,P179,5.0
U483,P206,63.0
U483,P207,6.0
U483,P208,30.0
U483,P229,30.0
U483,P232,6.0
U483,P241,1.0
U483,P259,0.5
U483,P278,3.5
U483,P297,30.0
U483,P315,0.5
U483,P321,5.0
U483,P335,3.0
U483,P339,6.0
U483,P354,5.0
U483,P379,0.5
U483,P386,30.0
U483,P387,1.0
U483,P432,0.5
U483,P443,0.5
U483,P451,30.0
U483,P459,0.5
U483,P48,5.0
U483,P51,30.0
U483,P530,3.0
U483,P55,6.0
U483,P575,30.5
U483,P588,0.5
U483,P592,3.0
U483,P627,6.0
U483,P69,0.5
U483,P71,3.0
U483,P85,30.0
U483,P92,3.0
U484,P103,3.5
U484,P107,30.0
U484,P167,3.5
U484,P173,1.0
U484,P180,5.0
U484,P198,3.5
U484,P2,3.0
U484,P217,3.0
U484,P224,3.0
U484,P241,3.0
U484,P242,5.0
U484,P243,5.0
U484,P244,30.5
U484,P259,0.5
U484,P315,3.5
U484,P348,3.0
U484,P362,30.0
U484,P396,0.5
U484,P48,0.5
U484,P49,10.0
U484,P550,3.0
U484,P6,0.5
U484,P61,30.0
U484,P613,5.0
U484,P622,0.5
U484,P647,3.0
U484,P79,3.0
U484,P81,3.0
U485,P103,5.0
U485,P124,0.5
U485,P13,60.0
U485,P141,30.0
U485,P160,0.5
U485,P161,30.0
U485,P166,30.0
U485,P206,30.0
U485,P207,1.0
U485,P208,30.5
U485,P240,15.0
U485,P247,3.0
U485,P249,0.5
U485,P255,0.5
U485,P261,3.5
U485,P321,5.0
U485,P339,60.0
U485,P362,0.5
U485,P376,30.0
U485,P444,5.0
U485,P449,3.0
U485,P451,3.0
U485,P49,13.0
U485,P494,30.0
U485,P530,30.0
U485,P555,5.0
U485,P572,3.0
U485,P583,30.0
U485,P591,3.0
U485,P615,0.5
U485,P639,5.0
U485,P641,5.0
U485,P81,0.5
U485,P84,0.5
U485,P92,3.0
U487,P141,33.0
U487,P198,3.0
U487,P238,33.0
U487,P244,0.5
U487,P297,30.0
U487,P34,5.0
U487,P378,3.0
U487,P381,5.0
U487,P417,3.0
U487,P479,6.0
U487,P81,5.0
U488,P124,0.5
U488,P13,0.5
U488,P140,3.0
U488,P149,30.0
U488,P166,5.0
U488,P174,36.0
U488,P207,0.5
U488,P208,0.5
U488,P232,0.5
U488,P247,5.0
U488,P261,3.0
U488,P321,33.5
U488,P352,3.0
U488,P405,5.0
U488,P41,30.5
U488,P567,30.0
U488,P572,5.5
U488,P576,0.5
U488,P590,3.0
U488,P615,5.0
U488,P623,0.5
U488,P632,5.0
U488,P639,30.0
U489,P107,0.5
U489,P117,3.0
U489,P127,30.0
U489,P128,3.0
U489,P167,5.0
U489,P217,30.0
U489,P241,3.5
U489,P244,0.5
U489,P259,65.0
U489,P315,5.0
U489,P354,0.5
U489,P378,0.5
U489,P387,5.0
U489,P471,0.5
U489,P53,0.5
U489,P61,30.0
U491,P122,33.0
U491,P13,0.5
U491,P140,3.0
U491,P142,30.0
U491,P161,35.5
U491,P166,30.0
U491,P174,30.5
U491,P232,3.0
U491,P240,5.0
U491,P261,0.5
U491,P286,5.0
U491,P351,30.0
U491,P403,30.0
U491,P41,30.0
U491,P428,3.0
U491,P447,30.0
U491,P503,0.5
U491,P51,0.5
U491,P530,0.5
U491,P537,5.0
U491,P55,5.0
U491,P56,5.0
U491,P576,5.0
U491,P615,30.0
U491,P623,5.0
U491,P632,30.5
U491,P639,5.0
U491,P645,0.5
U493,P136,5.0
U493,P140,5.0
U493,P144,0.5
U493,P149,33.0
U493,P161,3.0
U493,P166,0.5
U493,P17,0.5
U493,P170,0.5
U493,P174,3.0
U493,P198,3.0
U493,P207,3.5
U493,P208,33.0
U493,P223,0.5
U493,P232,3.0
U493,P247,3.0
U493,P255,60.0
U493,P261,0.5
U493,P339,0.5
U493,P352,0.5
U493,P379,3.0
U493,P396,30.0
U493,P41,3.5
U493,P447,0.5
U493,P503,33.0
U493,P505,0.5
U493,P55,8.0
U493,P576,36.0
U493,P583,30.0
U493,P589,5.0
U493,P615,30.0
U493,P623,3.0
U493,P639,5.5
U493,P645,1.0
U493,P81,0.5
U493,P87,5.0
U493,P96,0.5
U495,P134,3.0
U495,P149,30.0
U495,P174,5.0
U495,P206,3.0
U495,P207,60.0
U495,P226,5.0
U495,P243,3.0
U495,P247,5.5
U495,P261,5.0
U495,P286,30.5
U495,P34,3.5
U495,P354,0.5
U495,P38,3.0
U495,P395,5.0
U495,P415,0.5
U495,P42,0.5
U495,P422,3.0
U495,P432,5.0
U495,P447,30.0
U495,P471,3.0
U495,P5,0.5
U495,P564,3.0
U495,P567,30.0
U495,P572,30.5
U495,P576,30.0
U495,P583,3.5
U495,P615,30.0
U495,P632,0.5
U495,P645,0.5
U495,P74,0.5
U495,P86,0.5
U497,P107,5.0
U497,P111,3.0
U497,P114,0.5
U497,P117,3.0
U497,P13,30.0
U497,P140,0.5
U497,P141,0.5
U497,P17,3.0
U497,P185,30.0
U497,P2,3.0
U497,P244,3.0
U497,P250,0.5
U497,P251,3.0
U497,P254,0.5
U497,P278,3.0
U497,P315,5.0
U497,P337,3.0
U497,P354,3.0
U497,P362,3.0
U497,P387,0.5
U497,P443,30.0
U497,P495,5.0
U497,P576,0.5
U497,P59,30.0
U497,P61,5.0
U498,P136,30.0
U498,P141,6.0
U498,P176,5.0
U498,P180,3.0
U498,P2,30.0
U498,P303,3.5
U498,P387,0.5
U498,P400,0.5
U498,P42,3.5
U498,P422,5.0
U498,P432,33.0
U498,P443,5.0
U498,P49,5.0
U498,P499,5.0
U498,P507,5.0
U498,P511,3.0
U498,P550,6.0
U498,P560,3.0
U498,P61,6.0
U498,P62,3.0
U498,P64,5.0
U498,P68,30.0
U499,P173,5.0
U499,P176,0.5
U499,P180,0.5
U499,P190,0.5
U499,P206,60.0
U499,P217,30.0
U499,P238,30.0
U499,P243,5.0
U499,P259,30.0
U499,P27,3.0
U499,P278,5.0
U499,P315,30.0
U499,P32,0.5
U499,P356,30.0
U499,P372,3.0
U499,P374,0.5
U499,P387,30.0
U499,P422,5.0
U499,P432,0.5
U499,P511,30.0
U499,P540,3.0
U499,P575,0.5
U499,P578,3.0
U499,P61,60.0
U499,P640,3.0
U499,P68,5.0
U499,P69,33.5
U499,P83,30.0
U500,P10,3.0
U500,P117,30.0
U500,P136,10.0
U500,P172,30.0
U500,P190,0.5
U500,P224,30.0
U500,P238,3.0
U500,P244,1.0
U500,P354,0.5
U500,P355,3.0
U500,P362,0.5
U500,P372,3.0
U500,P417,0.5
U500,P432,0.5
U500,P479,35.0
U500,P550,0.5
U500,P560,30.0
U500,P587,5.0
U500,P599,3.0
U500,P621,30.5
U500,P81,3.0
U501,P115,0.5
U501,P136,0.5
U501,P140,5.0
U501,P143,0.5
U501,P159,5.0
U501,P165,0.5
U501,P170,0.5
U501,P173,3.0
U501,P176,0.5
U501,P190,30.5
U501,P191,3.0
U501,P2,13.0
U501,P203,0.5
U501,P206,3.0
U501,P238,30.0
U501,P241,5.0
U501,P243,30.0
U501,P244,0.5
U501,P259,35.5
U501,P26,3.0
U501,P267,0.5
U501,P278,35.5
U501,P282,3.0
U501,P335,0.5
U501,P339,3.0
U501,P340,0.5
U501,P412,3.0
U501,P415,5.0
U501,P417,0.5
U501,P42,3.0
U501,P420,3.0
U501,P429,5.0
U501,P434,3.0
U501,P45,0.5
U501,P458,3.0
U501,P471,0.5
U501,P474,3.0
U501,P479,35.0
U501,P48,33.0
U501,P511,30.5
U501,P544,30.0
U501,P548,3.0
U501,P557,3.0
U501,P567,33.0
U501,P575,5.0
U501,P576,0.5
U501,P577,3.5
U501,P61,5.0
U501,P62,0.5
U501,P621,3.0
U501,P639,3.0
U501,P77,30.0
U502,P116,0.5
U502,P122,5.0
U502,P127,0.5
U502,P136,30.0
U502,P140,3.0
U502,P2,3.0
U502,P206,6.0
U502,P208,5.0
U502,P259,3.0
U502,P315,5.0
U502,P321,5.0
U502,P34,0.5
U502,P372,3.0
U502,P403,3.0
U502,P41,30.0
U502,P443,3.0
U502,P447,5.0
U502,P482,3.0
U502,P484,30.0
U502,P52,0.5
U502,P550,30.0
U502,P567,30.0
U502,P599,0.5
U502,P61,3.0
U502,P639,33.0
U502,P648,0.5
U502,P79,0.5
U502,P98,3.0
U503,P103,0.5
U503,P107,8.5
U503,P122,3.0
U503,P136,3.5
U503,P141,35.0
U503,P166,30.0
U503,P167,3.0
U503,P17,3.0
U503,P170,3.0
U503,P173,0.5
U503,P185,5.5
U503,P198,0.5
U503,P2,3.5
U503,P216,3.0
U503,P22,3.0
U503,P236,30.0
U503,P244,10.0
U503,P303,5.5
U503,P318,5.0
U503,P34,0.5
U503,P354,30.0
U503,P362,5.5
U503,P369,0.5
U503,P378,3.0
U503,P386,30.0
U503,P392,5.0
U503,P415,33.0
U503,P432,0.5
U503,P443,3.0
U503,P471,8.5
U503,P49,3.0
U503,P496,3.0
U503,P550,31.0
U503,P575,60.0
U503,P61,5.0
U503,P615,3.0
U503,P62,35.0
U503,P621,5.0
U503,P68,3.5
U503,P69,5.0
U503,P78,5.0
U503,P81,1.0
U504,P149,5.0
U504,P251,0.5
U504,P339,5.0
U504,P41,0.5
U504,P447,3.5
U504,P471,1.0
U504,P480,0.5
U504,P583,0.5
U504,P61,0.5
U504,P639,3.0
U504,P80,5.0
U504,P84,30.0
U507,P103,36.0
U507,P136,0.5
U507,P17,3.5
U507,P173,30.0
U507,P185,30.0
U507,P2,5.0
U507,P217,3.5
U507,P236,5.0
U507,P244,9.0
U507,P254,0.5
U507,P278,30.0
U507,P280,30.0
U507,P286,0.5
U507,P297,0.5
U507,P303,3.0
U507,P315,0.5
U507,P32,5.0
U507,P348,0.5
U507,P351,3.0
U507,P353,5.0
U507,P372,3.0
U507,P378,8.0
U507,P387,5.0
U507,P390,3.0
U507,P396,5.5
U507,P415,3.0
U507,P417,5.0
U507,P447,0.5
U507,P471,30.0
U507,P474,30.0
U507,P49,0.5
U507,P50,0.5
U507,P558,5.0
U507,P576,3.0
U507,P600,0.5
U507,P61,11.0
U507,P628,5.0
U507,P649,0.5
U507,P79,0.5
U508,P122,3.0
U508,P158,0.5
U508,P164,5.0
U508,P174,0.5
U508,P232,1.0
U508,P286,63.0
U508,P297,0.5
U508,P321,30.0
U508,P372,0.5
U508,P41,3.5
U508,P503,3.0
U508,P51,3.0
U508,P523,0.5
U508,P540,30.0
U508,P55,3.0
U508,P639,5.0
U508,P64,30.0
U508,P73,3.0
U51,P101,5.0
U51,P124,0.5
U51,P141,5.0
U51,P170,5.0
U51,P176,3.0
U51,P190,3.0
U51,P238,0.5
U51,P297,3.0
U51,P373,0.5
U51,P378,0.5
U51,P380,0.5
U51,P41,3.5
U51,P447,0.5
U51,P461,3.0
U51,P486,30.0
U51,P52,6.5
U51,P541,0.5
U51,P583,6.0
U51,P621,30.0
U51,P627,0.5
U51,P81,8.0
U510,P124,11.5
U510,P140,3.0
U510,P149,3.0
U510,P161,3.0
U510,P167,6.0
U510,P174,65.0
U510,P182,3.0
U510,P185,3.0
U510,P206,30.0
U510,P223,0.5
U510,P244,5.0
U510,P247,0.5
U510,P249,0.5
U510,P311,30.0
U510,P321,3.0
U510,P343,0.5
U510,P396,30.0
U510,P399,0.5
U510,P41,9.5
U510,P430,0.5
U510,P55,33.0
U510,P567,40.0
U510,P572,3.0
U510,P576,0.5
U510,P578,5.0
U510,P613,3.0
U510,P637,0.5
U510,P645,31.0
U510,P79,0.5
U510,P92,3.0
U510,P95,6.0
U511,P141,30.0
U511,P149,0.5
U511,P167,0.5
U511,P17,1.0
U511,P170,3.0
U511,P172,30.0
U511,P176,0.5
U511,P197,0.5
U511,P198,3.0
U511,P2,33.5
U511,P207,1.5
U511,P223,3.0
U511,P232,3.0
U511,P238,11.0
U511,P244,0.5
U511,P255,0.5
U511,P259,0.5
U511,P297,8.0
U511,P30,0.5
U511,P339,3.0
U511,P34,4.0
U511,P353,0.5
U511,P362,30.0
U511,P372,3.0
U511,P376,0.5
U511,P395,3.0
U511,P422,0.5
U511,P44,3.0
U511,P451,3.0
U511,P468,0.5
U511,P471,30.0
U511,P479,30.0
U511,P483,3.0
U511,P49,0.5
U511,P503,0.5
U511,P511,0.5
U511,P540,15.0
U511,P550,3.0
U511,P574,5.0
U511,P589,30.0
U511,P61,30.0
U511,P615,5.0
U511,P621,0.5
U511,P623,10.0
U511,P627,33.0
U511,P631,5.0
U511,P65,0.5
U511,P81,35.0
U511,P92,0.5
U511,P98,11.0
U512,P124,5.5
U512,P140,30.0
U512,P149,0.5
U512,P160,3.0
U512,P161,1.0
U512,P166,3.0
U512,P187,0.5
U512,P206,0.5
U512,P207,3.0
U512,P232,3.0
U512,P247,3.0
U512,P286,30.5
U512,P291,3.0
U512,P299,0.5
U512,P424,30.0
U512,P447,0.5
U512,P451,30.0
U512,P480,30.0
U512,P490,3.0
U512,P530,30.0
U512,P583,5.0
U512,P592,5.0
U512,P615,3.0
U512,P620,5.0
U512,P632,0.5
U512,P639,0.5
U512,P92,33.5
U513,P122,0.5
U513,P13,35.0
U513,P149,30.0
U513,P156,3.0
U513,P17,5.0
U513,P170,30.0
U513,P173,0.5
U513,P185,30.0
U513,P198,0.5
U513,P206,3.0
U513,P208,5.5
U513,P217,3.0
U513,P240,3.5
U513,P255,30.0
U513,P283,0.5
U513,P284,1.0
U513,P306,5.0
U513,P315,0.5
U513,P333,3.0
U513,P34,30.0
U513,P353,5.0
U513,P390,0.5
U513,P396,0.5
U513,P42,0.5
U513,P451,63.0
U513,P457,3.0
U513,P485,30.0
U513,P49,0.5
U513,P503,30.0
U513,P530,30.0
U513,P545,5.0
U513,P572,3.0
U513,P583,6.0
U513,P621,3.0
U513,P645,0.5
U513,P69,3.0
U513,P79,3.0
U513,P92,3.0
U513,P98,60.0
U515,P101,0.5
U515,P138,3.0
U515,P28,3.5
U515,P479,33.0
U515,P52,10.0
U515,P599,30.0
U515,P648,30.0
U515,P69,0.5
U517,P107,3.0
U517,P136,3.0
U517,P17,5.0
U517,P173,0.5
U517,P180,0.5
U517,P190,5.0
U517,P243,9.0
U517,P296,0.5
U517,P30,5.0
U517,P353,3.0
U517,P415,0.5
U517,P459,5.5
U517,P486,5.0
U517,P525,3.0
U517,P575,0.5
U517,P61,30.0
U517,P627,0.5
U517,P69,30.0
U517,P98,30.0
U518,P124,0.5
U518,P13,8.0
U518,P176,3.0
U518,P190,0.5
U518,P217,30.0
U518,P278,0.5
U518,P34,0.5
U518,P353,3.0
U518,P378,5.5
U518,P417,5.0
U518,P42,0.5
U518,P422,0.5
U518,P465,0.5
U518,P470,3.0
U518,P479,6.5
U518,P509,30.0
U518,P540,30.5
U518,P55,0.5
U518,P556,5.0
U518,P61,5.0
U518,P648,0.5
U518,P69,0.5
U518,P79,0.5
U52,P118,0.5
U52,P141,60.0
U52,P159,0.5
U52,P173,3.0
U52,P2,0.5
U52,P259,5.0
U52,P273,30.0
U52,P278,13.5
U52,P303,1.0
U52,P330,0.5
U52,P349,3.0
U52,P354,13.0
U52,P387,10.5
U52,P4,30.0
U52,P471,10.0
U52,P511,5.0
U52,P550,30.0
U52,P71,5.0
U52,P78,0.5
U52,P94,0.5
U520,P103,8.5
U520,P109,0.5
U520,P127,3.0
U520,P141,3.0
U520,P17,5.0
U520,P170,9.0
U520,P174,33.0
U520,P185,3.0
U520,P191,5.0
U520,P204,5.0
U520,P206,0.5
U520,P208,3.0
U520,P217,0.5
U520,P232,1.0
U520,P238,5.0
U520,P241,5.0
U520,P28,5.5
U520,P303,5.0
U520,P305,30.0
U520,P311,30.0
U520,P34,5.0
U520,P378,3.0
U520,P415,5.0
U520,P42,0.5
U520,P443,30.0
U520,P49,3.0
U520,P497,0.5
U520,P511,35.0
U520,P530,5.0
U520,P575,5.0
U520,P627,30.0
U520,P637,0.5
U520,P69,3.0
U520,P92,5.0
U521,P107,6.5
U521,P129,3.0
U521,P141,3.0
U521,P176,3.0
U521,P180,30.0
U521,P2,3.0
U521,P209,30.0
U521,P213,0.5
U521,P217,0.5
U521,P238,33.0
U521,P241,0.5
U521,P243,5.0
U521,P272,5.0
U521,P278,5.5
U521,P303,3.0
U521,P305,30.0
U521,P315,33.0
U521,P344,3.0
U521,P348,3.0
U521,P378,8.0
U521,P387,3.5
U521,P458,3.0
U521,P471,3.0
U521,P49,3.0
U521,P511,14.0
U521,P541,3.0
U521,P573,3.0
U521,P575,0.5
U521,P611,3.0
U521,P627,3.5
U521,P630,0.5
U521,P81,0.5
U521,P89,3.0
U521,P98,3.0
U522,P104,3.0
U522,P109,3.0
U522,P111,5.0
U522,P128,5.0
U522,P163,5.0
U522,P17,6.0
U522,P173,0.5
U522,P243,0.5
U522,P278,3.0
U522,P303,33.0
U522,P315,5.0
U522,P362,30.0
U522,P378,3.5
U522,P383,30.0
U522,P385,30.0
U522,P390,8.0
U522,P400,0.5
U522,P415,3.0
U522,P42,5.0
U522,P422,5.0
U522,P432,5.0
U522,P440,3.0
U522,P441,3.0
U522,P447,30.0
U522,P455,30.0
U522,P465,0.5
U522,P471,5.0
U522,P479,5.0
U522,P483,3.0
U522,P511,35.0
U522,P519,30.0
U522,P55,5.5
U522,P550,5.5
U522,P567,3.5
U522,P575,3.0
U522,P595,5.0
U522,P61,5.0
U522,P62,5.0
U522,P621,0.5
U522,P632,33.0
U522,P643,0.5
U522,P69,30.0
U526,P10,5.0
U526,P110,3.0
U526,P127,5.0
U526,P138,5.0
U526,P166,3.0
U526,P170,35.0
U526,P176,65.0
U526,P178,5.0
U526,P185,33.0
U526,P190,3.0
U526,P2,3.0
U526,P217,3.0
U526,P241,0.5
U526,P243,3.0
U526,P255,0.5
U526,P264,3.0
U526,P267,0.5
U526,P28,6.0
U526,P297,1.0
U526,P303,30.0
U526,P315,6.0
U526,P35,3.0
U526,P354,0.5
U526,P356,3.0
U526,P362,3.0
U526,P387,5.0
U526,P392,30.0
U526,P417,0.5
U526,P42,0.5
U526,P422,0.5
U526,P432,5.0
U526,P443,30.0
U526,P511,6.0
U526,P52,30.0
U526,P540,5.0
U526,P556,0.5
U526,P621,33.0
U526,P69,30.0
U526,P79,30.0
U527,P111,5.0
U527,P136,3.0
U527,P141,3.0
U527,P176,30.0
U527,P180,0.5
U527,P207,0.5
U527,P240,30.5
U527,P243,0.5
U527,P244,0.5
U527,P310,0.5
U527,P315,3.0
U527,P325,6.0
U527,P34,30.0
U527,P354,3.0
U527,P362,33.0
U527,P372,0.5
U527,P394,0.5
U527,P415,30.0
U527,P455,0.5
U527,P511,1.0
U527,P540,1.0
U527,P560,0.5
U527,P575,0.5
U527,P613,5.0
U527,P648,30.0
U527,P69,3.0
U527,P79,5.0
U527,P98,3.0
U528,P103,5.5
U528,P107,3.5
U528,P124,5.0
U528,P13,5.0
U528,P141,30.0
U528,P170,3.0
U528,P176,35.0
U528,P180,33.0
U528,P185,3.0
U528,P207,3.5
U528,P232,30.0
U528,P244,36.0
U528,P28,30.0
U528,P295,30.0
U528,P297,33.0
U528,P315,0.5
U528,P34,33.0
U528,P35,0.5
U528,P353,5.0
U528,P387,3.0
U528,P396,3.5
U528,P417,3.0
U528,P42,3.0
U528,P449,5.0
U528,P464,3.0
U528,P503,30.0
U528,P52,3.0
U528,P540,33.0
U528,P543,3.0
U528,P55,30.0
U528,P550,0.5
U528,P57,30.0
U528,P61,5.0
U528,P612,30.0
U528,P621,30.0
U528,P632,30.0
U528,P636,30.0
U528,P64,5.0
U528,P68,11.0
U528,P98,5.5
U53,P103,3.0
U53,P124,0.5
U53,P161,5.0
U53,P166,3.0
U53,P17,5.5
U53,P170,5.0
U53,P176,3.0
U53,P190,4.5
U53,P198,3.5
U53,P204,5.0
U53,P217,0.5
U53,P22,0.5
U53,P243,3.5
U53,P244,30.0
U53,P255,0.5
U53,P286,5.0
U53,P297,31.0
U53,P315,0.5
U53,P321,30.0
U53,P339,5.0
U53,P34,0.5
U53,P343,5.0
U53,P353,5.0
U53,P362,0.5
U53,P378,8.0
U53,P415,30.0
U53,P417,3.0
U53,P422,30.0
U53,P429,5.0
U53,P443,5.0
U53,P471,3.0
U53,P51,3.0
U53,P511,30.0
U53,P572,30.0
U53,P595,0.5
U53,P606,30.0
U53,P621,0.5
U53,P68,0.5
U53,P79,0.5
U53,P83,30.0
U53,P98,0.5
U532,P110,0.5
U532,P122,1.0
U532,P141,5.0
U532,P161,0.5
U532,P164,3.0
U532,P17,5.0
U532,P174,3.0
U532,P180,3.0
U532,P185,5.0
U532,P206,3.5
U532,P207,5.0
U532,P208,1.0
U532,P223,30.0
U532,P232,0.5
U532,P240,35.0
U532,P244,0.5
U532,P255,3.0
U532,P261,0.5
U532,P264,30.0
U532,P293,60.0
U532,P344,0.5
U532,P362,3.0
U532,P394,5.0
U532,P396,30.0
U532,P451,30.0
U532,P485,3.0
U532,P530,35.0
U532,P55,0.5
U532,P555,0.5
U532,P564,0.5
U532,P572,3.0
U532,P576,3.0
U532,P583,33.5
U532,P591,0.5
U532,P620,3.0
U532,P623,30.0
U532,P639,5.0
U532,P92,8.5
U533,P10,0.5
U533,P103,3.5
U533,P107,0.5
U533,P124,3.5
U533,P141,3.0
U533,P190,3.0
U533,P2,3.0
U533,P243,35.5
U533,P244,0.5
U533,P247,3.0
U533,P278,33.0
U533,P296,3.0
U533,P297,5.0
U533,P34,30.0
U533,P353,30.0
U533,P354,5.0
U533,P372,0.5
U533,P459,3.0
U533,P471,8.0
U533,P479,0.5
U533,P48,5.0
U533,P511,0.5
U533,P519,30.0
U533,P576,30.0
U533,P583,30.0
U533,P597,5.0
U533,P61,5.0
U533,P627,30.5
U533,P644,30.0
U533,P81,5.0
U533,P98,3.5
U537,P118,0.5
U537,P13,3.0
U537,P161,33.0
U537,P170,30.5
U537,P190,6.0
U537,P203,30.0
U537,P212,3.0
U537,P217,3.0
U537,P234,3.0
U537,P243,0.5
U537,P259,0.5
U537,P272,30.0
U537,P278,0.5
U537,P292,0.5
U537,P297,3.0
U537,P303,0.5
U537,P335,3.0
U537,P34,0.5
U537,P354,3.0
U537,P363,5.0
U537,P371,33.0
U537,P372,0.5
U537,P378,0.5
U537,P387,3.0
U537,P41,0.5
U537,P415,5.0
U537,P42,3.0
U537,P432,0.5
U537,P479,33.0
U537,P486,0.5
U537,P540,5.0
U537,P572,3.0
U537,P593,5.0
U537,P621,3.5
U537,P627,30.0
U537,P79,30.0
U537,P89,5.0
U537,P98,60.5
U539,P143,30.0
U539,P170,5.0
U539,P173,33.0
U539,P190,3.5
U539,P243,5.0
U539,P259,5.0
U539,P268,0.5
U539,P28,1.0
U539,P282,3.0
U539,P292,30.0
U539,P312,3.0
U539,P315,0.5
U539,P34,3.5
U539,P353,0.5
U539,P362,0.5
U539,P372,0.5
U539,P41,5.0
U539,P415,5.0
U539,P417,30.0
U539,P42,33.0
U539,P422,5.0
U539,P48,30.0
U539,P517,3.0
U539,P52,3.5
U539,P540,35.0
U539,P550,0.5
U539,P567,0.5
U539,P573,3.0
U539,P580,30.0
U539,P587,0.5
U539,P61,3.0
U539,P621,35.0
U539,P638,30.0
U539,P69,0.5
U539,P72,3.0
U539,P79,3.0
U539,P98,3.0
U54,P173,0.5
U54,P207,5.0
U54,P217,5.5
U54,P303,0.5
U54,P315,3.0
U54,P322,3.0
U54,P333,3.0
U54,P339,30.0
U54,P379,30.0
U54,P472,3.0
U54,P484,3.0
U54,P550,3.0
U54,P61,3.0
U540,P122,3.0
U540,P140,30.0
U540,P154,30.0
U540,P166,0.5
U540,P180,5.0
U540,P187,30.0
U540,P207,3.0
U540,P208,3.0
U540,P217,5.0
U540,P232,3.0
U540,P261,33.0
U540,P284,3.0
U540,P315,5.0
U540,P321,0.5
U540,P337,3.0
U540,P339,0.5
U540,P340,30.0
U540,P354,5.0
U540,P379,6.0
U540,P447,5.0
U540,P471,3.0
U540,P55,30.0
U540,P61,5.0
U540,P615,5.5
U540,P623,5.0
U540,P68,0.5
U540,P81,30.0
U540,P86,30.0
U541,P122,8.0
U541,P140,8.0
U541,P149,5.0
U541,P156,0.5
U541,P160,30.0
U541,P166,3.0
U541,P167,3.0
U541,P180,3.0
U541,P206,8.5
U541,P208,0.5
U541,P232,0.5
U541,P247,3.0
U541,P255,5.0
U541,P261,3.0
U541,P286,0.5
U541,P291,30.0
U541,P305,3.0
U541,P355,30.0
U541,P379,3.5
U541,P397,0.5
U541,P41,0.5
U541,P503,3.5
U541,P530,45.0
U541,P55,0.5
U541,P615,6.0
U541,P623,0.5
U541,P632,3.0
U541,P68,3.0
U541,P92,0.5
U541,P98,0.5
U542,P103,30.0
U542,P109,5.0
U542,P170,3.0
U542,P176,3.0
U542,P190,1.0
U542,P196,30.0
U542,P234,3.0
U542,P236,33.0
U542,P241,3.0
U542,P244,35.5
U542,P259,0.5
U542,P271,30.0
U542,P278,0.5
U542,P28,3.0
U542,P318,0.5
U542,P34,5.0
U542,P353,0.5
U542,P362,3.5
U542,P372,35.0
U542,P396,3.0
U542,P417,30.0
U542,P479,6.0
U542,P540,1.0
U542,P59,0.5
U542,P621,5.0
U542,P627,3.0
U542,P648,35.5
U542,P98,5.0
U544,P115,5.0
U544,P140,30.0
U544,P185,3.0
U544,P206,0.5
U544,P207,5.5
U544,P228,30.0
U544,P240,3.0
U544,P259,3.0
U544,P261,30.0
U544,P320,0.5
U544,P321,30.5
U544,P396,5.0
U544,P471,5.0
U544,P472,3.0
U544,P49,5.0
U544,P530,5.0
U544,P533,30.5
U544,P55,30.0
U544,P575,3.0
U544,P620,6.0
U544,P632,3.0
U544,P645,3.5
U546,P102,0.5
U546,P122,0.5
U546,P124,0.5
U546,P140,5.0
U546,P141,3.0
U546,P145,0.5
U546,P149,0.5
U546,P161,0.5
U546,P170,30.0
U546,P190,3.0
U546,P206,3.0
U546,P207,61.0
U546,P213,5.0
U546,P232,30.5
U546,P240,30.0
U546,P255,5.0
U546,P261,3.5
U546,P281,3.0
U546,P283,0.5
U546,P284,3.0
U546,P311,0.5
U546,P339,30.5
U546,P355,0.5
U546,P411,0.5
U546,P415,30.0
U546,P435,5.0
U546,P451,33.0
U546,P481,5.0
U546,P523,3.0
U546,P55,0.5
U546,P564,3.0
U546,P567,3.0
U546,P576,3.0
U546,P581,3.0
U546,P583,3.0
U546,P604,5.0
U546,P627,30.0
U546,P645,35.0
U546,P649,3.0
U546,P68,0.5
U546,P92,8.0
U547,P122,31.0
U547,P136,0.5
U547,P167,3.0
U547,P169,3.0
U547,P17,30.0
U547,P178,0.5
U547,P198,3.0
U547,P210,0.5
U547,P219,5.0
U547,P221,5.0
U547,P232,0.5
U547,P247,30.0
U547,P254,3.0
U547,P258,3.0
U547,P261,6.0
U547,P271,30.0
U547,P274,5.0
U547,P278,0.5
U547,P303,1.0
U547,P336,30.0
U547,P354,3.0
U547,P361,30.0
U547,P362,30.0
U547,P378,60.5
U547,P379,3.0
U547,P387,5.0
U547,P396,35.0
U547,P43,0.5
U547,P432,5.0
U547,P443,0.5
U547,P447,3.0
U547,P463,3.0
U547,P471,0.5
U547,P511,8.0
U547,P530,1.0
U547,P550,0.5
U547,P572,3.0
U547,P605,3.0
U547,P61,3.0
U547,P622,0.5
U547,P632,33.0
U547,P637,0.5
U547,P645,0.5
U547,P68,0.5
U547,P79,5.0
U547,P94,5.0
U549,P107,60.0
U549,P136,8.5
U549,P17,3.0
U549,P173,5.0
U549,P217,3.0
U549,P230,5.0
U549,P236,0.5
U549,P241,3.0
U549,P259,8.5
U549,P278,3.0
U549,P354,0.5
U549,P378,0.5
U549,P392,5.0
U549,P511,0.5
U549,P519,30.0
U549,P541,3.0
U549,P548,0.5
U549,P577,5.0
U549,P68,3.0
U549,P79,30.0
U55,P103,0.5
U55,P107,30.0
U55,P118,5.0
U55,P165,30.0
U55,P170,30.0
U55,P2,0.5
U55,P204,0.5
U55,P217,3.0
U55,P238,3.5
U55,P259,5.0
U55,P297,0.5
U55,P354,3.0
U55,P362,6.0
U55,P378,3.0
U55,P415,30.0
U55,P432,30.0
U55,P443,8.0
U55,P461,5.0
U55,P619,30.0
U55,P625,30.0
U55,P81,30.0
U550,P114,5.0
U550,P124,3.0
U550,P161,0.5
U550,P207,30.0
U550,P208,33.0
U550,P255,30.0
U550,P261,30.0
U550,P286,5.5
U550,P447,5.0
U550,P572,3.0
U550,P583,3.0
U550,P632,3.0
U550,P645,30.0
U550,P649,3.0
U551,P101,3.0
U551,P103,0.5
U551,P107,0.5
U551,P139,0.5
U551,P167,3.5
U551,P170,33.0
U551,P173,33.0
U551,P174,3.0
U551,P190,3.0
U551,P198,60.0
U551,P2,35.0
U551,P263,30.0
U551,P297,5.5
U551,P305,3.0
U551,P313,5.0
U551,P315,3.0
U551,P34,33.5
U551,P353,35.0
U551,P375,30.0
U551,P385,30.0
U551,P400,0.5
U551,P411,5.0
U551,P415,30.5
U551,P417,30.0
U551,P422,3.5
U551,P461,3.0
U551,P471,5.0
U551,P479,30.0
U551,P49,0.5
U551,P52,30.0
U551,P540,3.0
U551,P567,3.0
U551,P576,30.0
U551,P600,3.0
U551,P607,0.5
U551,P61,5.5
U551,P621,35.5
U551,P627,0.5
U551,P648,40.5
U551,P65,30.0
U552,P124,30.0
U552,P159,0.5
U552,P166,30.0
U552,P173,30.0
U552,P208,3.0
U552,P215,30.0
U552,P216,5.0
U552,P217,35.0
U552,P255,3.5
U552,P278,3.0
U552,P315,30.0
U552,P321,3.0
U552,P34,30.0
U552,P471,3.0
U552,P479,0.5
U552,P52,3.0
U552,P55,3.5
U552,P559,3.0
U552,P567,5.0
U552,P575,0.5
U552,P583,30.0
U552,P61,30.0
U553,P103,33.0
U553,P107,0.5
U553,P136,5.0
U553,P167,5.0
U553,P169,30.0
U553,P170,3.0
U553,P173,0.5
U553,P176,0.5
U553,P198,0.5
U553,P209,5.0
U553,P259,0.5
U553,P278,3.0
U553,P315,5.0
U553,P322,5.0
U553,P335,0.5
U553,P354,30.0
U553,P362,5.0
U553,P372,30.0
U553,P378,5.0
U553,P401,3.0
U553,P415,35.0
U553,P425,0.5
U553,P432,8.0
U553,P47,3.0
U553,P479,0.5
U553,P496,30.0
U553,P526,30.0
U553,P540,3.5
U553,P575,0.5
U553,P597,5.0
U553,P61,35.0
U553,P621,0.5
U553,P69,8.0
U553,P77,0.5
U554,P103,0.5
U554,P122,8.0
U554,P13,0.5
U554,P140,30.0
U554,P149,13.0
U554,P174,3.5
U554,P185,5.0
U554,P207,0.5
U554,P209,5.0
U554,P232,0.5
U554,P240,3.0
U554,P245,30.0
U554,P247,5.0
U554,P261,3.0
U554,P264,0.5
U554,P339,30.5
U554,P391,0.5
U554,P41,30.0
U554,P427,5.0
U554,P447,30.5
U554,P451,5.0
U554,P457,0.5
U554,P480,3.0
U554,P485,30.0
U554,P503,3.0
U554,P515,30.0
U554,P572,0.5
U554,P576,3.0
U554,P583,1.0
U554,P589,0.5
U554,P600,0.5
U554,P615,0.5
U554,P623,3.0
U554,P639,30.0
U554,P68,30.0
U555,P103,5.0
U555,P117,30.0
U555,P124,30.0
U555,P273,0.5
U555,P28,3.5
U555,P321,3.0
U555,P336,0.5
U555,P343,3.0
U555,P353,3.0
U555,P362,30.5
U555,P378,3.0
U555,P379,30.0
U555,P415,3.5
U555,P417,0.5
U555,P42,3.0
U555,P420,3.0
U555,P422,5.0
U555,P439,3.0
U555,P443,5.0
U555,P451,3.0
U555,P457,5.0
U555,P511,5.0
U555,P530,3.0
U555,P576,30.0
U555,P621,0.5
U555,P627,0.5
U555,P645,3.0
U555,P648,5.0
U555,P68,5.5
U555,P69,5.0
U555,P98,0.5
U557,P103,0.5
U557,P129,30.0
U557,P141,33.0
U557,P154,5.0
U557,P17,35.5
U557,P170,5.5
U557,P173,0.5
U557,P185,3.0
U557,P2,60.5
U557,P204,30.0
U557,P207,5.0
U557,P208,3.0
U557,P217,30.0
U557,P241,30.0
U557,P243,33.0
U557,P244,0.5
U557,P259,60.0
U557,P345,30.0
U557,P349,30.0
U557,P354,3.0
U557,P378,0.5
U557,P432,0.5
U557,P443,6.0
U557,P471,3.5
U557,P49,30.5
U557,P51,3.0
U557,P511,3.0
U557,P523,30.0
U557,P531,30.0
U557,P548,0.5
U557,P550,3.0
U557,P575,3.0
U557,P593,5.0
U557,P61,10.0
U557,P79,3.5
U557,P81,0.5
U557,P94,0.5
U557,P98,0.5
U559,P104,0.5
U559,P124,30.0
U559,P13,0.5
U559,P134,5.0
U559,P136,5.0
U559,P141,0.5
U559,P154,3.0
U559,P161,5.0
U559,P174,1.0
U559,P185,5.0
U559,P208,3.0
U559,P232,0.5
U559,P238,0.5
U559,P240,5.0
U559,P247,5.0
U559,P255,0.5
U559,P266,30.0
U559,P286,3.5
U559,P321,30.0
U559,P336,3.0
U559,P351,3.0
U559,P362,30.0
U559,P379,0.5
U559,P427,0.5
U559,P49,3.0
U559,P503,5.0
U559,P55,8.0
U559,P567,5.5
U559,P583,30.0
U559,P632,8.5
U559,P639,8.0
U559,P73,0.5
U559,P79,0.5
U560,P114,5.0
U560,P155,5.0
U560,P173,5.0
U560,P2,30.0
U560,P206,0.5
U560,P207,0.5
U560,P208,8.0
U560,P229,3.0
U560,P238,3.0
U560,P247,3.0
U560,P261,30.0
U560,P348,30.0
U560,P379,0.5
U560,P405,0.5
U560,P440,30.0
U560,P451,0.5
U560,P490,30.0
U560,P511,3.0
U560,P515,0.5
U560,P530,3.0
U560,P567,0.5
U560,P572,0.5
U560,P576,3.0
U560,P632,5.0
U560,P68,0.5
U560,P92,30.0
U560,P94,5.0
U560,P98,30.0
U562,P13,5.0
U562,P140,6.0
U562,P161,3.0
U562,P162,5.0
U562,P207,3.0
U562,P217,0.5
U562,P261,3.0
U562,P297,0.5
U562,P321,3.5
U562,P34,0.5
U562,P353,5.0
U562,P379,3.5
U562,P432,0.5
U562,P434,0.5
U562,P443,0.5
U562,P503,3.0
U562,P52,5.0
U562,P555,3.0
U562,P615,3.0
U562,P623,3.0
U562,P632,0.5
U562,P639,5.0
U562,P645,30.0
U562,P648,3.0
U564,P141,3.5
U564,P173,5.0
U564,P176,5.0
U564,P180,33.0
U564,P2,3.0
U564,P238,0.5
U564,P242,3.0
U564,P243,3.0
U564,P244,3.5
U564,P265,30.0
U564,P274,5.0
U564,P28,9.0
U564,P303,1.5
U564,P315,5.0
U564,P34,3.0
U564,P378,3.0
U564,P387,5.0
U564,P42,3.0
U564,P471,30.0
U564,P479,0.5
U564,P484,3.0
U564,P49,0.5
U564,P507,5.0
U564,P518,30.0
U564,P52,3.0
U564,P609,30.0
U564,P61,5.0
U564,P621,0.5
U564,P648,0.5
U564,P71,5.0
U565,P122,5.0
U565,P124,0.5
U565,P13,30.0
U565,P135,5.0
U565,P147,3.0
U565,P149,3.5
U565,P166,33.5
U565,P167,1.0
U565,P174,30.0
U565,P185,5.5
U565,P2,0.5
U565,P208,0.5
U565,P232,3.0
U565,P247,3.0
U565,P255,0.5
U565,P259,5.0
U565,P261,3.0
U565,P284,5.0
U565,P306,30.0
U565,P315,3.0
U565,P359,0.5
U565,P391,0.5
U565,P402,0.5
U565,P41,8.5
U565,P463,0.5
U565,P49,1.0
U565,P503,10.5
U565,P530,6.0
U565,P547,5.0
U565,P55,5.0
U565,P576,5.0
U565,P588,3.0
U565,P638,30.0
U565,P639,5.5
U565,P645,30.5
U565,P66,3.0
U565,P68,3.0
U565,P81,5.5
U566,P107,8.0
U566,P13,0.5
U566,P140,30.0
U566,P161,3.0
U566,P173,5.0
U566,P217,0.5
U566,P243,5.0
U566,P244,0.5
U566,P259,0.5
U566,P261,0.5
U566,P263,30.0
U566,P267,5.0
U566,P278,30.0
U566,P28,3.0
U566,P295,0.5
U566,P323,0.5
U566,P338,0.5
U566,P404,0.5
U566,P41,3.5
U566,P432,30.0
U566,P451,5.0
U566,P455,0.5
U566,P471,0.5
U566,P479,3.0
U566,P488,10.0
U566,P503,33.5
U566,P511,30.0
U566,P530,3.0
U566,P560,30.0
U566,P61,3.5
U567,P122,0.5
U567,P13,0.5
U567,P149,30.0
U567,P161,3.0
U567,P162,0.5
U567,P207,10.0
U567,P232,0.5
U567,P247,0.5
U567,P286,30.0
U567,P293,0.5
U567,P370,3.0
U567,P395,3.0
U567,P424,5.0
U567,P477,30.0
U567,P530,0.5
U567,P574,30.0
U567,P576,33.0
U567,P623,5.0
U567,P632,3.0
U567,P92,30.5
U568,P103,3.0
U568,P107,3.5
U568,P141,30.5
U568,P147,30.0
U568,P167,3.0
U568,P172,30.0
U568,P173,3.0
U568,P176,0.5
U568,P185,6.0
U568,P195,60.0
U568,P2,3.0
U568,P234,0.5
U568,P241,5.0
U568,P243,30.5
U568,P244,0.5
U568,P254,0.5
U568,P259,8.0
U568,P278,3.0
U568,P303,38.5
U568,P309,3.0
U568,P315,66.0
U568,P316,5.0
U568,P327,3.0
U568,P353,30.0
U568,P354,5.0
U568,P362,3.0
U568,P378,3.0
U568,P392,0.5
U568,P396,0.5
U568,P42,0.5
U568,P432,30.5
U568,P439,3.0
U568,P443,3.0
U568,P45,5.0
U568,P471,5.0
U568,P49,0.5
U568,P511,30.0
U568,P52,0.5
U568,P550,30.0
U568,P554,0.5
U568,P560,5.0
U568,P575,38.0
U568,P61,1.0
U568,P647,0.5
U568,P648,30.5
U568,P68,36.5
U568,P69,3.5
U568,P7,3.0
U568,P81,1.0
U569,P103,3.0
U569,P139,5.0
U569,P17,5.5
U569,P180,5.0
U569,P217,3.0
U569,P229,5.0
U569,P238,3.0
U569,P255,30.0
U569,P315,3.0
U569,P4,0.5
U569,P427,30.0
U569,P432,0.5
U569,P49,1.0
U569,P503,3.0
U569,P59,0.5
U569,P68,5.0
U569,P79,3.5
U570,P104,0.5
U570,P118,30.0
U570,P161,0.5
U570,P173,0.5
U570,P180,8.0
U570,P183,3.0
U570,P198,30.5
U570,P2,3.0
U570,P234,3.0
U570,P238,5.0
U570,P241,30.5
U570,P247,3.0
U570,P273,0.5
U570,P303,6.0
U570,P387,3.0
U570,P396,10.0
U570,P447,5.0
U570,P471,30.0
U570,P484,30.0
U570,P55,3.0
U570,P567,6.0
U570,P575,5.5
U570,P613,5.0
U570,P638,0.5
U570,P639,5.0
U570,P645,3.0
U570,P68,30.0
U570,P7,0.5
U570,P80,0.5
U571,P124,0.5
U571,P13,30.0
U571,P149,10.0
U571,P161,3.0
U571,P168,5.0
U571,P206,0.5
U571,P207,3.0
U571,P232,30.0
U571,P243,0.5
U571,P286,3.0
U571,P3,5.0
U571,P333,30.0
U571,P345,5.0
U571,P379,30.0
U571,P382,3.0
U571,P402,3.0
U571,P41,0.5
U571,P505,3.0
U571,P511,0.5
U571,P530,3.0
U571,P550,0.5
U571,P576,0.5
U571,P615,30.0
U571,P637,0.5
U572,P122,0.5
U572,P124,30.5
U572,P140,3.0
U572,P149,3.0
U572,P166,0.5
U572,P206,3.0
U572,P207,5.0
U572,P208,1.0
U572,P240,0.5
U572,P247,3.0
U572,P266,30.0
U572,P321,60.0
U572,P336,3.0
U572,P339,30.5
U572,P351,30.0
U572,P352,3.0
U572,P355,30.0
U572,P369,0.5
U572,P379,30.0
U572,P402,0.5
U572,P41,3.0
U572,P447,6.0
U572,P451,3.0
U572,P5,0.5
U572,P55,5.0
U572,P559,3.0
U572,P567,33.0
U572,P572,5.0
U572,P576,0.5
U572,P588,5.0
U572,P615,5.0
U572,P623,13.0
U572,P645,0.5
U572,P85,30.0
U572,P87,3.0
U572,P92,30.0
U574,P103,0.5
U574,P129,0.5
U574,P136,0.5
U574,P139,0.5
U574,P152,30.0
U574,P159,5.0
U574,P176,33.0
U574,P180,8.0
U574,P190,16.0
U574,P2,30.0
U574,P216,3.0
U574,P232,3.0
U574,P238,10.0
U574,P247,3.0
U574,P278,3.0
U574,P28,3.5
U574,P303,3.0
U574,P310,0.5
U574,P34,5.0
U574,P353,3.0
U574,P361,30.0
U574,P372,38.5
U574,P396,5.0
U574,P401,30.0
U574,P41,3.0
U574,P415,3.0
U574,P417,17.0
U574,P42,6.0
U574,P437,0.5
U574,P44,3.0
U574,P465,0.5
U574,P479,63.0
U574,P530,3.0
U574,P540,5.0
U574,P547,8.0
U574,P550,5.0
U574,P567,3.0
U574,P576,3.0
U574,P580,3.0
U574,P583,0.5
U574,P597,30.0
U574,P599,5.0
U574,P61,0.5
U574,P621,5.0
U574,P623,3.0
U574,P627,0.5
U574,P632,5.0
U574,P64,3.0
U574,P640,3.0
U574,P68,0.5
U574,P79,0.5
U574,P81,30.0
U575,P136,0.5
U575,P141,5.0
U575,P143,3.0
U575,P17,0.5
U575,P170,3.0
U575,P174,5.0
U575,P180,5.0
U575,P210,0.5
U575,P232,3.0
U575,P238,30.0
U575,P240,0.5
U575,P244,5.0
U575,P254,5.0
U575,P255,30.0
U575,P259,0.5
U575,P276,3.0
U575,P28,5.0
U575,P297,3.0
U575,P35,0.5
U575,P362,30.0
U575,P412,3.0
U575,P417,0.5
U575,P422,0.5
U575,P439,30.0
U575,P443,5.0
U575,P450,5.0
U575,P470,3.0
U575,P471,5.0
U575,P479,0.5
U575,P502,5.0
U575,P503,30.0
U575,P530,3.0
U575,P531,0.5
U575,P540,6.0
U575,P575,3.0
U575,P583,0.5
U575,P607,3.0
U575,P627,3.5
U575,P632,33.0
U575,P636,0.5
U575,P639,5.0
U575,P81,5.0
U575,P98,0.5
U576,P104,3.0
U576,P108,0.5
U576,P109,3.0
U576,P124,3.0
U576,P136,30.0
U576,P140,3.0
U576,P161,0.5
U576,P167,30.0
U576,P170,3.0
U576,P173,30.0
U576,P180,5.0
U576,P190,0.5
U576,P198,5.0
U576,P2,3.0
U576,P212,30.0
U576,P238,1.0
U576,P28,1.0
U576,P297,33.5
U576,P315,0.5
U576,P34,3.0
U576,P35,30.0
U576,P353,3.0
U576,P362,3.0
U576,P372,35.0
U576,P392,3.0
U576,P396,31.0
U576,P415,5.0
U576,P417,60.0
U576,P422,3.0
U576,P479,0.5
U576,P481,3.0
U576,P517,0.5
U576,P540,0.5
U576,P580,5.0
U576,P583,30.0
U576,P597,5.0
U576,P599,0.5
U576,P621,1.0
U576,P627,8.0
U576,P632,30.0
U576,P64,0.5
U577,P1,5.0
U577,P107,3.0
U577,P108,0.5
U577,P116,0.5
U577,P176,0.5
U577,P185,0.5
U577,P217,0.5
U577,P241,5.0
U577,P243,30.0
U577,P247,0.5
U577,P26,30.0
U577,P265,0.5
U577,P28,3.5
U577,P295,3.0
U577,P330,3.0
U577,P372,5.0
U577,P387,3.0
U577,P398,3.0
U577,P415,8.0
U577,P42,0.5
U577,P471,3.0
U577,P479,0.5
U577,P540,8.0
U577,P55,0.5
U577,P627,8.0
U577,P64,0.5
U577,P81,3.0
U578,P103,0.5
U578,P107,0.5
U578,P140,30.0
U578,P15,5.0
U578,P17,0.5
U578,P2,3.0
U578,P217,33.0
U578,P238,0.5
U578,P243,0.5
U578,P247,5.0
U578,P254,3.0
U578,P294,5.0
U578,P303,3.0
U578,P315,5.0
U578,P354,0.5
U578,P360,3.0
U578,P362,8.0
U578,P387,36.0
U578,P417,33.0
U578,P425,3.0
U578,P432,5.5
U578,P443,8.0
U578,P471,0.5
U578,P49,0.5
U578,P511,30.0
U578,P540,3.5
U578,P550,3.0
U578,P559,5.0
U578,P572,0.5
U578,P575,5.5
U578,P576,3.0
U578,P600,0.5
U578,P61,4.0
U578,P625,3.0
U578,P632,0.5
U578,P79,0.5
U579,P102,30.0
U579,P103,5.0
U579,P114,3.0
U579,P140,30.0
U579,P158,30.0
U579,P206,30.0
U579,P208,0.5
U579,P255,5.0
U579,P261,5.0
U579,P264,5.0
U579,P28,0.5
U579,P297,30.0
U579,P354,0.5
U579,P372,5.0
U579,P378,30.0
U579,P451,30.0
U579,P471,3.0
U579,P50,30.0
U579,P536,5.0
U579,P541,0.5
U579,P567,5.0
U579,P577,3.0
U579,P597,3.0
U579,P615,5.0
U579,P627,0.5
U579,P631,30.0
U579,P83,3.0
U58,P103,3.0
U58,P107,0.5
U58,P141,3.0
U58,P17,1.0
U58,P170,3.0
U58,P173,65.0
U58,P180,0.5
U58,P185,30.5
U58,P196,3.0
U58,P2,5.5
U58,P217,30.5
U58,P236,3.0
U58,P241,3.0
U58,P243,30.5
U58,P250,3.0
U58,P251,30.5
U58,P28,30.0
U58,P296,0.5
U58,P298,30.0
U58,P303,0.5
U58,P312,0.5
U58,P330,3.0
U58,P34,0.5
U58,P354,5.0
U58,P361,5.0
U58,P362,33.5
U58,P372,5.0
U58,P375,3.0
U58,P378,30.5
U58,P387,30.0
U58,P396,0.5
U58,P417,3.0
U58,P42,8.0
U58,P432,3.0
U58,P443,3.0
U58,P458,3.0
U58,P470,0.5
U58,P471,36.0
U58,P479,5.0
U58,P497,3.0
U58,P511,0.5
U58,P540,6.0
U58,P575,0.5
U58,P600,3.0
U58,P61,5.0
U58,P627,6.0
U58,P636,3.0
U58,P648,40.0
U58,P69,5.0
U58,P7,3.0
U58,P79,1.0
U58,P81,30.0
U58,P89,5.0
U580,P13,0.5
U580,P140,0.5
U580,P161,3.0
U580,P174,3.0
U580,P207,3.0
U580,P208,30.5
U580,P240,30.0
U580,P321,30.0
U580,P339,5.0
U580,P41,0.5
U580,P451,30.0
U580,P457,3.0
U580,P472,30.0
U580,P530,3.0
U580,P567,30.5
U580,P572,10.5
U580,P576,10.0
U580,P583,30.0
U580,P631,30.0
U580,P632,3.5
U580,P645,0.5
U580,P92,3.0
U581,P13,0.5
U581,P140,3.5
U581,P141,3.0
U581,P164,0.5
U581,P17,0.5
U581,P174,6.0
U581,P206,30.0
U581,P219,0.5
U581,P244,5.0
U581,P247,5.0
U581,P286,0.5
U581,P297,3.0
U581,P302,3.0
U581,P321,6.0
U581,P34,5.0
U581,P353,30.0
U581,P356,30.0
U581,P362,0.5
U581,P379,5.0
U581,P447,0.5
U581,P490,3.0
U581,P521,3.0
U581,P567,6.0
U581,P572,3.0
U581,P632,30.0
U581,P639,3.0
U581,P645,3.0
U581,P69,0.5
U581,P85,30.0
U584,P124,11.0
U584,P13,30.0
U584,P174,3.0
U584,P180,5.0
U584,P242,5.0
U584,P286,33.5
U584,P321,0.5
U584,P326,3.0
U584,P38,0.5
U584,P383,30.0
U584,P403,0.5
U584,P41,0.5
U584,P428,0.5
U584,P440,0.5
U584,P447,8.0
U584,P518,3.0
U584,P567,33.0
U584,P572,3.0
U584,P576,31.0
U584,P583,30.5
U584,P639,5.0
U584,P68,3.0
U584,P74,3.0
U584,P79,3.0
U585,P110,3.0
U585,P149,5.0
U585,P156,0.5
U585,P166,30.5
U585,P208,3.5
U585,P261,10.0
U585,P494,3.0
U586,P1,0.5
U586,P103,0.5
U586,P136,30.0
U586,P161,5.0
U586,P167,3.0
U586,P174,0.5
U586,P180,0.5
U586,P185,3.0
U586,P206,1.0
U586,P207,0.5
U586,P208,30.5
U586,P219,0.5
U586,P224,30.0
U586,P247,3.0
U586,P249,3.0
U586,P255,3.5
U586,P261,3.0
U586,P293,5.0
U586,P297,0.5
U586,P321,0.5
U586,P339,0.5
U586,P353,0.5
U586,P372,5.0
U586,P379,0.5
U586,P415,3.0
U586,P417,30.0
U586,P422,3.5
U586,P451,3.0
U586,P487,5.0
U586,P492,3.0
U586,P52,35.0
U586,P540,5.0
U586,P541,5.0
U586,P546,3.0
U586,P557,5.0
U586,P572,0.5
U586,P576,3.0
U586,P592,0.5
U586,P6,3.0
U586,P604,5.0
U586,P644,30.0
U586,P69,0.5
U588,P15,5.0
U588,P170,1.0
U588,P173,33.0
U588,P180,30.0
U588,P185,5.0
U588,P208,5.0
U588,P217,8.0
U588,P230,0.5
U588,P241,8.0
U588,P243,0.5
U588,P244,5.0
U588,P259,6.0
U588,P278,6.5
U588,P321,3.0
U588,P333,0.5
U588,P354,5.5
U588,P379,5.0
U588,P396,0.5
U588,P464,3.0
U588,P526,3.0
U588,P530,3.0
U588,P559,3.0
U588,P575,1.0
U588,P61,5.0
U588,P639,0.5
U588,P68,3.0
U588,P79,38.5
U588,P81,3.0
U590,P173,5.0
U590,P2,30.0
U590,P217,3.0
U590,P243,0.5
U590,P297,30.0
U590,P303,3.0
U590,P323,5.0
U590,P387,5.0
U590,P443,0.5
U590,P458,5.0
U590,P471,3.0
U590,P481,30.0
U590,P512,0.5
U590,P627,30.0
U590,P647,30.0
U590,P648,0.5
U591,P107,5.0
U591,P118,30.0
U591,P124,6.5
U591,P128,30.0
U591,P136,33.0
U591,P141,3.0
U591,P166,0.5
U591,P17,3.0
U591,P170,3.0
U591,P173,3.5
U591,P176,4.0
U591,P180,5.0
U591,P185,0.5
U591,P198,9.0
U591,P2,5.0
U591,P217,6.0
U591,P22,5.0
U591,P238,5.5
U591,P243,70.0
U591,P244,8.0
U591,P247,0.5
U591,P254,30.0
U591,P255,35.0
U591,P259,6.0
U591,P263,0.5
U591,P268,0.5
U591,P27,30.0
U591,P278,9.0
U591,P297,5.0
U591,P303,44.5
U591,P305,3.0
U591,P345,0.5
U591,P354,33.0
U591,P360,30.0
U591,P362,11.0
U591,P378,30.0
U591,P387,33.0
U591,P396,5.0
U591,P41,0.5
U591,P417,0.5
U591,P42,0.5
U591,P430,5.0
U591,P432,30.0
U591,P482,3.0
U591,P484,3.0
U591,P49,34.0
U591,P499,30.0
U591,P503,3.0
U591,P507,3.0
U591,P511,33.0
U591,P53,3.0
U591,P575,5.0
U591,P6,3.0
U591,P61,0.5
U591,P613,5.0
U591,P615,0.5
U591,P621,30.0
U591,P623,0.5
U591,P639,3.0
U591,P648,3.0
U591,P69,31.0
U591,P79,8.5
U591,P98,35.0
U592,P115,30.0
U592,P141,0.5
U592,P167,3.0
U592,P176,5.0
U592,P180,3.0
U592,P198,0.5
U592,P2,60.0
U592,P217,0.5
U592,P241,0.5
U592,P259,10.0
U592,P278,0.5
U592,P354,3.0
U592,P372,3.0
U592,P392,3.0
U592,P432,16.0
U592,P446,3.0
U592,P471,30.0
U592,P474,3.0
U592,P496,30.0
U592,P52,30.0
U592,P550,30.0
U592,P552,30.0
U592,P81,3.0
U592,P83,0.5
U592,P98,30.0
U595,P103,30.5
U595,P136,3.5
U595,P167,33.0
U595,P170,5.0
U595,P176,8.0
U595,P180,30.0
U595,P185,1.0
U595,P198,0.5
U595,P203,30.0
U595,P229,0.5
U595,P238,9.0
U595,P247,3.0
U595,P259,0.5
U595,P261,5.0
U595,P28,3.0
U595,P35,5.0
U595,P353,3.0
U595,P362,30.0
U595,P372,5.5
U595,P376,0.5
U595,P396,30.0
U595,P415,60.0
U595,P482,30.0
U595,P49,30.5
U595,P52,3.0
U595,P55,30.0
U595,P575,3.5
U595,P576,5.0
U595,P591,30.0
U595,P611,3.0
U595,P621,3.0
U595,P623,5.0
U595,P627,0.5
U595,P634,3.0
U595,P639,30.0
U595,P69,0.5
U595,P79,3.0
U595,P98,0.5
U597,P103,1.0
U597,P13,3.5
U597,P136,0.5
U597,P141,3.0
U597,P149,30.0
U597,P161,30.0
U597,P167,33.0
U597,P17,0.5
U597,P170,0.5
U597,P174,0.5
U597,P196,3.0
U597,P206,5.5
U597,P208,5.0
U597,P209,3.0
U597,P232,30.0
U597,P247,3.0
U597,P255,30.0
U597,P261,30.0
U597,P265,3.0
U597,P286,0.5
U597,P300,5.0
U597,P340,3.0
U597,P359,30.0
U597,P362,33.0
U597,P373,30.0
U597,P378,5.0
U597,P396,30.0
U597,P404,0.5
U597,P41,3.0
U597,P451,5.0
U597,P49,3.0
U597,P50,5.0
U597,P521,5.5
U597,P522,5.0
U597,P55,3.0
U597,P557,0.5
U597,P559,3.0
U597,P567,30.0
U597,P623,30.0
U597,P632,5.0
U597,P79,5.0
U597,P81,0.5
U597,P98,5.0
U598,P103,5.0
U598,P107,5.0
U598,P141,5.0
U598,P145,0.5
U598,P166,30.0
U598,P17,3.0
U598,P203,0.5
U598,P221,3.0
U598,P238,33.0
U598,P243,3.0
U598,P259,5.0
U598,P303,30.0
U598,P315,3.0
U598,P378,5.0
U598,P434,3.0
U598,P471,0.5
U598,P483,5.0
U598,P49,5.0
U598,P503,0.5
U598,P511,5.0
U598,P79,30.0
U599,P103,0.5
U599,P121,3.0
U599,P122,5.0
U599,P124,6.0
U599,P13,30.0
U599,P149,8.0
U599,P156,3.0
U599,P161,33.0
U599,P166,3.0
U599,P17,0.5
U599,P174,3.0
U599,P207,3.0
U599,P232,0.5
U599,P255,0.5
U599,P261,3.0
U599,P286,6.5
U599,P321,33.0
U599,P336,0.5
U599,P362,0.5
U599,P391,30.0
U599,P399,3.0
U599,P404,5.0
U599,P41,5.0
U599,P468,0.5
U599,P5,3.0
U599,P530,3.0
U599,P547,3.0
U599,P55,8.0
U599,P567,5.0
U599,P576,30.5
U599,P615,3.5
U599,P632,33.0
U599,P639,6.0
U599,P645,0.5
U599,P68,3.0
U599,P92,3.0
U6,P104,30.0
U6,P154,5.0
U6,P166,0.5
U6,P17,3.5
U6,P180,30.0
U6,P187,30.0
U6,P291,0.5
U6,P293,0.5
U6,P339,5.0
U6,P472,3.0
U6,P49,0.5
U6,P503,65.0
U6,P523,5.0
U6,P530,3.0
U6,P592,60.0
U6,P623,33.0
U6,P631,0.5
U6,P68,0.5
U6,P92,35.0
U60,P107,3.0
U60,P115,5.0
U60,P167,0.5
U60,P17,30.0
U60,P173,40.0
U60,P185,0.5
U60,P198,3.0
U60,P204,0.5
U60,P216,3.0
U60,P241,13.0
U60,P243,3.5
U60,P244,3.0
U60,P259,63.0
U60,P297,0.5
U60,P303,3.0
U60,P305,5.0
U60,P310,3.0
U60,P315,31.0
U60,P34,5.0
U60,P354,1.0
U60,P361,3.0
U60,P387,3.0
U60,P425,0.5
U60,P432,3.0
U60,P443,3.0
U60,P471,30.0
U60,P511,30.0
U60,P54,3.0
U60,P550,3.0
U60,P61,30.0
U60,P627,6.0
U60,P66,3.0
U60,P68,3.0
U60,P76,3.0
U60,P77,0.5
U602,P17,0.5
U602,P173,3.0
U602,P2,3.5
U602,P217,0.5
U602,P241,30.0
U602,P259,4.0
U602,P278,3.5
U602,P303,3.0
U602,P315,0.5
U602,P322,5.0
U602,P354,33.0
U602,P362,30.0
U602,P387,30.0
U602,P417,0.5
U602,P42,3.0
U602,P443,0.5
U602,P471,35.0
U602,P479,0.5
U602,P511,5.0
U602,P61,30.0
U602,P627,30.0
U602,P66,30.0
U602,P68,5.0
U603,P103,0.5
U603,P136,3.0
U603,P141,8.0
U603,P198,3.0
U603,P2,3.5
U603,P207,3.0
U603,P232,33.0
U603,P238,1.0
U603,P240,0.5
U603,P243,0.5
U603,P259,5.0
U603,P261,0.5
U603,P276,30.0
U603,P303,3.5
U603,P315,10.0
U603,P343,3.5
U603,P344,3.0
U603,P362,30.5
U603,P387,30.0
U603,P432,5.5
U603,P443,3.0
U603,P541,30.0
U603,P550,0.5
U603,P68,5.0
U603,P79,6.0
U603,P81,0.5
U603,P94,3.0
U604,P103,6.0
U604,P107,3.5
U604,P136,5.0
U604,P15,30.0
U604,P17,3.5
U604,P180,3.0
U604,P185,0.5
U604,P198,8.0
U604,P2,3.0
U604,P217,3.5
U604,P238,0.5
U604,P244,3.5
U604,P27,5.0
U604,P278,0.5
U604,P341,3.0
U604,P374,5.0
U604,P378,38.5
U604,P396,3.0
U604,P416,30.0
U604,P432,30.0
U604,P443,30.0
U604,P49,3.0
U604,P507,3.0
U604,P541,0.5
U604,P545,5.0
U604,P550,30.5
U604,P575,5.0
U604,P68,3.0
U604,P79,6.0
U604,P81,13.0
U607,P101,30.0
U607,P103,0.5
U607,P107,30.0
U607,P118,0.5
U607,P124,5.0
U607,P140,0.5
U607,P141,60.0
U607,P161,0.5
U607,P167,3.0
U607,P17,6.0
U607,P180,8.0
U607,P182,30.0
U607,P216,0.5
U607,P230,5.0
U607,P241,30.0
U607,P247,30.0
U607,P278,3.0
U607,P280,30.0
U607,P303,3.0
U607,P315,3.0
U607,P32,3.0
U607,P354,10.5
U607,P362,0.5
U607,P417,30.0
U607,P471,33.0
U607,P52,0.5
U607,P565,3.0
U607,P575,0.5
U607,P61,3.0
U607,P648,5.0
U607,P65,5.0
U607,P66,5.0
U607,P81,5.0
U607,P98,35.0
U608,P101,5.0
U608,P103,6.0
U608,P116,0.5
U608,P124,3.0
U608,P140,0.5
U608,P161,30.0
U608,P167,33.0
U608,P168,0.5
U608,P17,0.5
U608,P170,5.5
U608,P176,30.0
U608,P180,3.0
U608,P185,3.0
U608,P190,30.5
U608,P198,3.0
U608,P203,5.0
U608,P212,3.0
U608,P215,3.0
U608,P217,3.0
U608,P240,3.0
U608,P243,33.0
U608,P244,6.0
U608,P259,5.0
U608,P278,3.0
U608,P28,0.5
U608,P280,3.0
U608,P282,30.0
U608,P310,3.0
U608,P325,30.0
U608,P353,4.0
U608,P362,5.0
U608,P372,33.0
U608,P378,3.0
U608,P396,3.0
U608,P402,30.0
U608,P415,6.0
U608,P417,10.5
U608,P443,3.0
U608,P446,3.0
U608,P471,3.0
U608,P479,0.5
U608,P482,0.5
U608,P502,0.5
U608,P52,5.5
U608,P540,0.5
U608,P546,3.0
U608,P575,0.5
U608,P583,3.0
U608,P589,3.0
U608,P59,0.5
U608,P597,5.0
U608,P621,8.0
U608,P627,30.5
U608,P628,3.0
U608,P632,0.5
U608,P648,5.5
U608,P68,0.5
U608,P69,35.0
U608,P92,30.0
U609,P122,0.5
U609,P136,5.0
U609,P141,33.0
U609,P166,3.0
U609,P17,0.5
U609,P173,30.0
U609,P18,3.0
U609,P180,30.0
U609,P2,8.0
U609,P210,3.0
U609,P244,6.0
U609,P278,3.0
U609,P315,33.0
U609,P354,8.5
U609,P378,33.0
U609,P379,5.0
U609,P387,5.0
U609,P396,35.0
U609,P503,38.0
U609,P511,0.5
U609,P519,0.5
U609,P523,0.5
U609,P552,5.0
U609,P575,3.5
U609,P61,3.5
U609,P623,3.0
U609,P79,30.0
U609,P98,0.5
U61,P107,33.0
U61,P124,8.0
U61,P13,9.5
U61,P141,3.0
U61,P145,3.0
U61,P161,0.5
U61,P166,60.0
U61,P170,3.0
U61,P178,3.0
U61,P207,0.5
U61,P228,0.5
U61,P232,63.0
U61,P240,3.0
U61,P244,30.5
U61,P245,3.0
U61,P247,13.5
U61,P250,0.5
U61,P254,3.0
U61,P259,0.5
U61,P278,6.0
U61,P283,3.0
U61,P286,33.0
U61,P31,3.0
U61,P321,35.0
U61,P339,5.0
U61,P352,5.0
U61,P356,5.0
U61,P359,30.0
U61,P367,30.0
U61,P379,0.5
U61,P41,68.0
U61,P432,0.5
U61,P447,35.0
U61,P451,36.0
U61,P463,3.0
U61,P474,30.0
U61,P503,5.0
U61,P55,36.0
U61,P559,0.5
U61,P572,3.5
U61,P575,0.5
U61,P576,3.5
U61,P583,33.0
U61,P604,0.5
U61,P61,3.5
U61,P620,30.0
U61,P632,3.0
U61,P642,3.0
U61,P71,0.5
U61,P79,0.5
U61,P80,3.0
U610,P103,30.0
U610,P13,30.5
U610,P136,35.5
U610,P17,0.5
U610,P170,35.0
U610,P173,30.0
U610,P185,5.0
U610,P198,5.0
U610,P204,30.0
U610,P236,5.0
U610,P238,0.5
U610,P259,3.0
U610,P294,3.0
U610,P3,0.5
U610,P362,30.0
U610,P387,0.5
U610,P396,35.0
U610,P416,30.0
U610,P432,0.5
U610,P443,3.0
U610,P471,30.0
U610,P484,3.0
U610,P49,3.0
U610,P531,30.0
U610,P55,0.5
U610,P550,3.0
U610,P557,5.0
U610,P645,33.0
U610,P79,3.0
U610,P98,33.0
U611,P103,0.5
U611,P122,5.0
U611,P140,35.0
U611,P141,0.5
U611,P206,5.0
U611,P207,33.0
U611,P208,5.0
U611,P232,5.0
U611,P240,5.0
U611,P306,5.0
U611,P449,3.0
U611,P451,3.0
U611,P522,0.5
U611,P55,3.0
U611,P572,6.0
U611,P576,5.0
U611,P583,5.5
U611,P623,60.0
U611,P632,0.5
U611,P639,0.5
U611,P68,5.0
U611,P96,3.0
U611,P98,3.0
U612,P107,5.0
U612,P140,30.0
U612,P161,5.0
U612,P167,35.0
U612,P185,5.0
U612,P209,5.0
U612,P216,5.0
U612,P217,30.5
U612,P238,5.0
U612,P243,0.5
U612,P247,30.0
U612,P278,3.0
U612,P354,35.5
U612,P361,0.5
U612,P362,30.0
U612,P373,5.0
U612,P378,30.0
U612,P387,3.0
U612,P396,0.5
U612,P432,5.5
U612,P443,0.5
U612,P484,0.5
U612,P488,3.0
U612,P511,0.5
U612,P553,5.0
U612,P61,3.0
U612,P645,1.0
U612,P68,30.5
U612,P81,3.0
U612,P98,3.0
U614,P122,0.5
U614,P136,6.0
U614,P141,0.5
U614,P149,1.0
U614,P180,30.0
U614,P198,5.0
U614,P2,5.0
U614,P210,3.0
U614,P243,5.0
U614,P259,5.0
U614,P274,1.0
U614,P278,1.0
U614,P280,0.5
U614,P303,35.0
U614,P310,3.0
U614,P315,35.0
U614,P322,5.0
U614,P323,0.5
U614,P330,5.0
U614,P345,3.0
U614,P362,5.0
U614,P379,3.0
U614,P396,30.0
U614,P451,30.0
U614,P459,0.5
U614,P511,3.0
U614,P557,5.0
U614,P615,30.0
U614,P79,30.0
U614,P81,0.5
U614,P83,30.0
U617,P11,0.5
U617,P115,30.0
U617,P127,3.0
U617,P138,5.0
U617,P145,0.5
U617,P165,0.5
U617,P167,30.0
U617,P172,5.0
U617,P173,30.0
U617,P176,5.0
U617,P180,3.0
U617,P2,3.0
U617,P203,30.0
U617,P210,0.5
U617,P212,30.0
U617,P217,60.0
U617,P22,3.0
U617,P238,0.5
U617,P241,0.5
U617,P243,30.0
U617,P261,3.0
U617,P263,5.0
U617,P272,1.0
U617,P278,5.0
U617,P28,60.5
U617,P297,0.5
U617,P315,5.0
U617,P337,0.5
U617,P34,5.0
U617,P341,3.0
U617,P348,0.5
U617,P353,3.5
U617,P362,3.0
U617,P387,5.0
U617,P396,3.0
U617,P417,30.0
U617,P422,0.5
U617,P432,5.5
U617,P44,0.5
U617,P443,70.0
U617,P451,30.0
U617,P471,3.0
U617,P479,5.0
U617,P49,30.0
U617,P499,30.0
U617,P511,4.0
U617,P52,3.5
U617,P540,33.0
U617,P547,30.0
U617,P550,3.0
U617,P560,3.0
U617,P575,0.5
U617,P597,0.5
U617,P611,5.0
U617,P623,30.0
U617,P627,33.0
U617,P64,3.0
U618,P103,0.5
U618,P170,35.0
U618,P178,5.0
U618,P18,3.0
U618,P185,3.0
U618,P217,6.0
U618,P238,0.5
U618,P240,0.5
U618,P243,33.0
U618,P255,0.5
U618,P261,5.0
U618,P278,12.0
U618,P303,5.0
U618,P330,0.5
U618,P353,3.0
U618,P354,40.0
U618,P417,30.0
U618,P422,5.0
U618,P432,3.0
U618,P443,35.0
U618,P457,3.0
U618,P49,0.5
U618,P503,30.0
U618,P550,0.5
U618,P61,0.5
U618,P613,3.0
U618,P648,5.0
U618,P68,3.0
U618,P71,3.0
U618,P79,30.0
U619,P107,33.0
U619,P129,3.0
U619,P141,30.0
U619,P15,0.5
U619,P173,5.0
U619,P180,30.0
U619,P198,3.0
U619,P2,68.0
U619,P204,33.0
U619,P217,0.5
U619,P241,33.0
U619,P244,9.0
U619,P278,3.0
U619,P298,30.0
U619,P345,0.5
U619,P360,3.0
U619,P387,3.5
U619,P432,3.0
U619,P443,5.0
U619,P471,38.0
U619,P484,0.5
U619,P488,5.5
U619,P518,0.5
U619,P594,0.5
U619,P61,5.5
U619,P62,3.0
U619,P71,3.0
U619,P81,5.0
U62,P107,0.5
U62,P127,3.0
U62,P141,0.5
U62,P169,3.0
U62,P170,0.5
U62,P185,0.5
U62,P2,0.5
U62,P259,33.5
U62,P262,0.5
U62,P30,0.5
U62,P303,4.5
U62,P354,3.5
U62,P362,3.0
U62,P387,3.0
U62,P42,0.5
U62,P437,0.5
U62,P443,3.0
U62,P455,5.0
U62,P471,3.0
U62,P474,3.0
U62,P497,30.0
U62,P540,3.0
U62,P550,30.0
U62,P575,30.0
U62,P577,5.0
U62,P61,5.0
U62,P625,3.5
U62,P648,0.5
U62,P76,3.0
U62,P79,3.0
U620,P103,3.0
U620,P107,3.5
U620,P129,30.0
U620,P136,0.5
U620,P141,30.0
U620,P170,0.5
U620,P173,0.5
U620,P190,1.5
U620,P198,5.0
U620,P2,0.5
U620,P241,10.0
U620,P243,0.5
U620,P244,60.0
U620,P254,0.5
U620,P259,5.0
U620,P278,35.5
U620,P296,3.0
U620,P313,3.0
U620,P328,0.5
U620,P333,30.0
U620,P337,30.0
U620,P338,0.5
U620,P34,8.0
U620,P353,30.5
U620,P354,35.0
U620,P372,5.0
U620,P415,30.5
U620,P417,3.0
U620,P42,38.5
U620,P420,3.0
U620,P432,3.0
U620,P479,6.5
U620,P484,0.5
U620,P52,0.5
U620,P540,0.5
U620,P544,0.5
U620,P58,5.0
U620,P610,0.5
U620,P611,30.0
U620,P621,30.0
U620,P647,3.0
U620,P648,1.5
U620,P69,8.0
U620,P98,3.0
U621,P103,0.5
U621,P13,0.5
U621,P141,3.0
U621,P142,0.5
U621,P143,3.0
U621,P161,5.5
U621,P167,30.0
U621,P17,5.0
U621,P170,5.0
U621,P173,5.0
U621,P243,3.0
U621,P247,0.5
U621,P250,3.0
U621,P267,0.5
U621,P28,30.0
U621,P286,30.0
U621,P297,3.0
U621,P321,0.5
U621,P34,3.0
U621,P353,3.0
U621,P41,3.0
U621,P422,5.0
U621,P447,3.5
U621,P461,5.0
U621,P462,0.5
U621,P509,0.5
U621,P52,5.0
U621,P56,30.0
U621,P567,35.0
U621,P572,0.5
U621,P575,30.0
U621,P591,0.5
U621,P595,0.5
U621,P615,0.5
U621,P619,0.5
U621,P621,40.0
U621,P623,0.5
U621,P632,1.0
U621,P639,3.0
U621,P69,10.0
U622,P124,3.5
U622,P140,3.0
U622,P144,3.0
U622,P162,3.0
U622,P166,0.5
U622,P207,30.0
U622,P208,0.5
U622,P240,6.0
U622,P25,3.0
U622,P26,0.5
U622,P261,0.5
U622,P297,3.0
U622,P339,1.0
U622,P379,33.0
U622,P417,30.0
U622,P451,30.0
U622,P469,30.0
U622,P52,3.0
U622,P559,30.0
U622,P567,0.5
U622,P576,3.5
U622,P583,33.0
U622,P632,3.5
U622,P639,30.5
U622,P642,5.0
U622,P74,5.0
U622,P92,6.0
U624,P103,33.0
U624,P114,3.0
U624,P124,30.0
U624,P13,5.5
U624,P134,0.5
U624,P136,5.5
U624,P140,39.0
U624,P149,3.0
U624,P161,33.5
U624,P17,11.0
U624,P170,5.0
U624,P174,1.0
U624,P180,5.0
U624,P183,3.0
U624,P185,0.5
U624,P198,0.5
U624,P206,3.0
U624,P207,38.0
U624,P208,3.5
U624,P232,30.0
U624,P244,3.0
U624,P255,0.5
U624,P261,5.0
U624,P274,3.0
U624,P283,3.0
U624,P291,30.0
U624,P299,3.0
U624,P321,4.0
U624,P373,3.0
U624,P399,3.0
U624,P41,0.5
U624,P415,0.5
U624,P447,33.0
U624,P451,0.5
U624,P479,3.0
U624,P495,5.0
U624,P503,0.5
U624,P526,3.0
U624,P530,0.5
U624,P536,5.0
U624,P55,37.5
U624,P559,3.0
U624,P567,36.5
U624,P572,38.0
U624,P576,35.0
U624,P583,5.0
U624,P587,5.0
U624,P592,3.0
U624,P623,5.5
U624,P632,3.0
U624,P639,30.0
U624,P643,0.5
U624,P649,0.5
U624,P68,3.0
U624,P9,0.5
U624,P98,30.0
U625,P102,30.0
U625,P109,3.0
U625,P122,6.5
U625,P124,3.0
U625,P135,1.0
U625,P141,5.0
U625,P154,30.0
U625,P166,3.5
U625,P170,5.0
U625,P174,30.5
U625,P182,0.5
U625,P190,0.5
U625,P207,11.5
U625,P208,10.0
U625,P214,0.5
U625,P232,5.5
U625,P240,6.0
U625,P255,30.0
U625,P261,65.0
U625,P281,0.5
U625,P283,30.0
U625,P284,0.5
U625,P362,5.0
U625,P372,0.5
U625,P394,0.5
U625,P42,3.0
U625,P447,60.0
U625,P457,0.5
U625,P472,5.0
U625,P51,3.0
U625,P530,30.0
U625,P572,3.0
U625,P574,30.0
U625,P593,3.0
U625,P615,0.5
U625,P623,6.0
U625,P639,0.5
U625,P645,30.0
U625,P92,35.0
U625,P98,0.5
U628,P116,30.0
U628,P141,8.5
U628,P167,5.5
U628,P17,30.0
U628,P176,5.5
U628,P180,5.0
U628,P185,3.5
U628,P217,5.0
U628,P238,0.5
U628,P243,30.0
U628,P244,6.0
U628,P297,3.0
U628,P298,30.0
U628,P353,0.5
U628,P354,8.0
U628,P364,8.0
U628,P371,3.0
U628,P372,5.0
U628,P415,3.0
U628,P42,5.5
U628,P422,3.0
U628,P458,5.0
U628,P471,3.0
U628,P499,3.0
U628,P507,30.0
U628,P52,0.5
U628,P53,3.0
U628,P565,0.5
U628,P575,3.0
U628,P613,0.5
U628,P627,0.5
U628,P634,0.5
U628,P98,30.0
U629,P101,30.0
U629,P114,5.0
U629,P127,0.5
U629,P128,0.5
U629,P136,3.0
U629,P140,3.0
U629,P173,30.0
U629,P176,3.0
U629,P254,30.0
U629,P259,30.5
U629,P278,30.0
U629,P303,36.0
U629,P335,3.0
U629,P415,3.0
U629,P422,0.5
U629,P425,30.0
U629,P432,3.0
U629,P446,3.0
U629,P483,5.0
U629,P49,5.0
U629,P511,33.0
U629,P519,0.5
U629,P536,30.0
U629,P54,0.5
U629,P546,3.0
U629,P55,0.5
U629,P61,30.0
U629,P627,3.0
U629,P639,0.5
U629,P648,0.5
U629,P79,3.0
U629,P81,5.0
U629,P89,3.0
U63,P122,0.5
U63,P124,0.5
U63,P13,30.0
U63,P140,30.0
U63,P141,5.0
U63,P147,30.0
U63,P166,3.5
U63,P174,0.5
U63,P176,3.5
U63,P179,3.0
U63,P190,30.0
U63,P191,5.0
U63,P203,3.0
U63,P240,68.0
U63,P247,3.0
U63,P261,38.5
U63,P286,0.5
U63,P291,3.0
U63,P300,30.0
U63,P336,3.0
U63,P344,30.0
U63,P435,5.0
U63,P441,5.0
U63,P457,30.0
U63,P472,5.0
U63,P479,30.0
U63,P480,5.0
U63,P503,3.0
U63,P52,30.5
U63,P530,6.0
U63,P546,3.0
U63,P56,3.0
U63,P567,0.5
U63,P572,0.5
U63,P589,3.0
U63,P615,5.0
U63,P632,5.0
U63,P645,5.0
U63,P648,3.0
U63,P68,3.0
U63,P79,30.0
U63,P92,0.5
U630,P136,0.5
U630,P138,30.0
U630,P143,3.0
U630,P170,30.0
U630,P173,0.5
U630,P176,5.0
U630,P18,5.0
U630,P190,6.0
U630,P198,5.5
U630,P2,3.0
U630,P259,3.0
U630,P278,63.0
U630,P303,8.0
U630,P312,30.0
U630,P315,0.5
U630,P338,0.5
U630,P34,5.0
U630,P345,3.0
U630,P362,5.0
U630,P378,1.0
U630,P387,30.0
U630,P415,0.5
U630,P417,0.5
U630,P422,33.0
U630,P432,30.5
U630,P443,13.0
U630,P497,3.0
U630,P511,3.5
U630,P52,35.0
U630,P540,6.5
U630,P541,3.0
U630,P550,3.0
U630,P607,3.0
U630,P621,0.5
U630,P648,3.0
U630,P68,5.0
U630,P69,3.5
U630,P98,3.0
U631,P107,8.5
U631,P17,0.5
U631,P173,8.5
U631,P174,30.0
U631,P185,30.0
U631,P190,3.0
U631,P204,3.0
U631,P217,36.0
U631,P241,5.5
U631,P244,3.0
U631,P278,30.0
U631,P28,33.0
U631,P295,30.0
U631,P297,3.0
U631,P303,1.0
U631,P311,30.0
U631,P315,5.0
U631,P321,3.0
U631,P325,5.0
U631,P349,3.0
U631,P353,0.5
U631,P354,30.0
U631,P362,3.0
U631,P371,0.5
U631,P372,0.5
U631,P387,5.0
U631,P422,5.0
U631,P443,3.5
U631,P497,0.5
U631,P540,0.5
U631,P550,0.5
U631,P61,10.0
U631,P627,30.0
U631,P81,0.5
U632,P10,30.0
U632,P107,30.0
U632,P127,0.5
U632,P141,8.5
U632,P167,3.0
U632,P169,0.5
U632,P170,0.5
U632,P173,3.0
U632,P176,5.0
U632,P18,30.0
U632,P180,3.0
U632,P185,10.5
U632,P213,3.0
U632,P217,5.0
U632,P236,30.0
U632,P241,5.0
U632,P243,35.0
U632,P244,0.5
U632,P267,0.5
U632,P273,0.5
U632,P276,3.0
U632,P303,5.0
U632,P316,0.5
U632,P34,6.0
U632,P353,30.0
U632,P362,3.5
U632,P381,5.0
U632,P396,5.5
U632,P415,60.0
U632,P42,0.5
U632,P443,0.5
U632,P507,0.5
U632,P52,30.0
U632,P536,3.0
U632,P540,3.0
U632,P575,0.5
U632,P595,0.5
U632,P61,0.5
U632,P621,0.5
U632,P69,30.0
U632,P79,33.0
U632,P81,3.5
U633,P10,0.5
U633,P107,0.5
U633,P118,3.0
U633,P136,6.0
U633,P17,30.0
U633,P170,5.0
U633,P2,5.0
U633,P243,0.5
U633,P249,30.0
U633,P251,3.0
U633,P259,3.0
U633,P276,3.0
U633,P303,30.5
U633,P315,3.0
U633,P373,30.0
U633,P387,1.0
U633,P430,30.0
U633,P432,30.0
U633,P443,8.0
U633,P471,3.5
U633,P474,5.0
U633,P68,33.0
U633,P79,30.0
U633,P98,4.0
U635,P107,0.5
U635,P115,3.0
U635,P136,5.0
U635,P147,3.5
U635,P167,0.5
U635,P185,3.5
U635,P2,0.5
U635,P238,30.0
U635,P247,3.0
U635,P259,1.0
U635,P286,5.0
U635,P303,33.0
U635,P315,5.0
U635,P362,3.0
U635,P378,0.5
U635,P459,0.5
U635,P47,0.5
U635,P471,5.0
U635,P48,30.0
U635,P49,0.5
U635,P53,5.0
U635,P583,5.0
U635,P609,0.5
U635,P61,30.0
U635,P611,0.5
U635,P93,5.0
U636,P107,8.0
U636,P110,3.0
U636,P124,0.5
U636,P140,33.0
U636,P149,3.5
U636,P161,8.0
U636,P174,33.5
U636,P208,8.0
U636,P232,15.0
U636,P240,30.0
U636,P241,3.0
U636,P247,30.0
U636,P259,0.5
U636,P284,30.0
U636,P286,35.0
U636,P321,0.5
U636,P354,0.5
U636,P379,3.5
U636,P39,3.0
U636,P405,3.0
U636,P471,3.0
U636,P503,30.0
U636,P522,30.0
U636,P530,5.0
U636,P564,5.0
U636,P567,60.0
U636,P57,5.0
U636,P572,9.5
U636,P576,3.0
U636,P605,5.0
U636,P615,4.0
U636,P623,38.0
U636,P639,3.0
U636,P642,5.5
U636,P645,0.5
U636,P86,3.0
U636,P92,3.5
U637,P103,30.5
U637,P107,30.0
U637,P136,30.0
U637,P140,5.0
U637,P161,5.0
U637,P169,3.0
U637,P173,5.0
U637,P2,30.0
U637,P268,3.0
U637,P294,5.0
U637,P315,33.0
U637,P353,5.0
U637,P362,3.0
U637,P378,5.0
U637,P387,3.0
U637,P392,5.0
U637,P415,5.0
U637,P42,0.5
U637,P479,0.5
U637,P55,3.0
U637,P61,33.5
U637,P621,0.5
U637,P634,3.0
U637,P636,3.0
U637,P645,3.0
U637,P648,30.0
U637,P79,0.5
U637,P98,33.0
U638,P103,5.0
U638,P124,30.0
U638,P13,5.0
U638,P136,3.0
U638,P140,0.5
U638,P141,30.0
U638,P173,30.0
U638,P198,33.0
U638,P217,0.5
U638,P221,0.5
U638,P241,30.5
U638,P243,35.0
U638,P259,0.5
U638,P274,3.0
U638,P315,3.5
U638,P344,0.5
U638,P354,8.0
U638,P387,30.0
U638,P443,3.5
U638,P471,3.5
U638,P50,0.5
U638,P502,5.0
U638,P511,0.5
U638,P550,3.0
U638,P68,30.0
U638,P79,3.0
U640,P174,0.5
U640,P176,3.0
U640,P34,3.0
U640,P479,30.0
U640,P52,5.0
U640,P632,5.0
U640,P639,0.5
U640,P648,0.5
U641,P107,30.0
U641,P152,3.0
U641,P17,0.5
U641,P173,3.0
U641,P185,0.5
U641,P206,0.5
U641,P208,0.5
U641,P217,0.5
U641,P221,3.0
U641,P241,3.0
U641,P243,3.0
U641,P263,30.0
U641,P28,6.0
U641,P293,0.5
U641,P303,3.0
U641,P34,0.5
U641,P353,30.0
U641,P405,30.0
U641,P415,33.0
U641,P42,30.0
U641,P422,30.5
U641,P443,3.0
U641,P458,30.0
U641,P465,30.0
U641,P479,5.0
U641,P533,30.0
U641,P540,5.0
U641,P575,30.0
U641,P580,5.0
U641,P595,5.0
U641,P613,3.0
U641,P621,35.0
U641,P623,3.0
U641,P643,3.0
U641,P69,30.0
U641,P80,3.0
U641,P92,0.5
U643,P124,0.5
U643,P13,11.5
U643,P140,8.0
U643,P161,3.0
U643,P166,5.0
U643,P174,5.0
U643,P176,3.0
U643,P207,30.0
U643,P229,30.0
U643,P241,0.5
U643,P245,30.0
U643,P247,0.5
U643,P255,0.5
U643,P259,5.0
U643,P261,3.5
U643,P286,0.5
U643,P339,3.0
U643,P340,5.0
U643,P359,5.0
U643,P379,3.0
U643,P41,0.5
U643,P417,3.0
U643,P42,5.0
U643,P45,30.0
U643,P543,30.0
U643,P555,3.0
U643,P565,3.0
U643,P567,30.0
U643,P583,3.0
U644,P117,3.0
U644,P127,3.0
U644,P166,0.5
U644,P17,30.5
U644,P173,3.5
U644,P185,5.0
U644,P198,3.5
U644,P206,30.0
U644,P208,5.0
U644,P217,3.0
U644,P241,0.5
U644,P243,6.0
U644,P244,5.0
U644,P259,60.0
U644,P303,30.0
U644,P339,5.0
U644,P374,3.0
U644,P378,5.0
U644,P379,5.0
U644,P387,30.0
U644,P471,5.0
U644,P49,30.0
U644,P511,3.0
U644,P531,0.5
U644,P54,0.5
U644,P61,6.0
U644,P81,0.5
U645,P103,39.5
U645,P107,3.0
U645,P136,5.0
U645,P141,35.0
U645,P165,0.5
U645,P17,8.0
U645,P173,3.0
U645,P198,5.0
U645,P224,0.5
U645,P231,5.0
U645,P238,0.5
U645,P259,30.0
U645,P276,30.0
U645,P315,0.5
U645,P32,0.5
U645,P354,30.0
U645,P362,30.0
U645,P422,0.5
U645,P471,0.5
U645,P483,30.0
U645,P49,30.0
U645,P502,3.0
U645,P511,0.5
U645,P540,3.0
U645,P550,0.5
U645,P61,11.0
U645,P622,5.0
U645,P79,5.0
U645,P81,5.0
U645,P98,0.5
U647,P103,30.0
U647,P108,3.0
U647,P147,3.0
U647,P17,0.5
U647,P170,3.0
U647,P173,5.5
U647,P176,0.5
U647,P185,0.5
U647,P198,0.5
U647,P217,3.0
U647,P236,3.0
U647,P241,0.5
U647,P259,3.0
U647,P273,0.5
U647,P297,1.5
U647,P315,30.0
U647,P33,0.5
U647,P34,0.5
U647,P353,6.0
U647,P354,3.5
U647,P372,3.0
U647,P387,0.5
U647,P415,10.5
U647,P432,30.0
U647,P443,0.5
U647,P461,0.5
U647,P47,3.0
U647,P471,30.0
U647,P479,9.0
U647,P48,30.0
U647,P49,30.0
U647,P499,3.0
U647,P511,3.0
U647,P517,0.5
U647,P52,5.0
U647,P540,3.5
U647,P545,0.5
U647,P577,0.5
U647,P59,0.5
U647,P621,3.0
U647,P627,0.5
U647,P634,0.5
U647,P648,15.5
U647,P69,5.0
U647,P78,0.5
U647,P79,33.0
U648,P13,33.0
U648,P136,0.5
U648,P139,0.5
U648,P170,0.5
U648,P185,1.0
U648,P236,3.0
U648,P238,5.0
U648,P240,5.0
U648,P243,0.5
U648,P259,3.0
U648,P297,30.0
U648,P354,3.0
U648,P370,3.0
U648,P380,30.0
U648,P4,5.0
U648,P41,0.5
U648,P451,60.0
U648,P49,3.0
U648,P503,0.5
U648,P519,5.0
U648,P55,5.0
U648,P567,5.0
U648,P576,30.5
U648,P583,30.0
U648,P61,30.0
U648,P623,30.0
U648,P627,3.0
U648,P628,30.0
U648,P631,5.0
U648,P98,0.5
U649,P103,0.5
U649,P118,3.0
U649,P139,3.0
U649,P141,3.0
U649,P170,4.0
U649,P180,3.0
U649,P185,30.0
U649,P198,3.0
U649,P244,3.0
U649,P342,5.0
U649,P362,33.0
U649,P375,5.0
U649,P387,3.0
U649,P396,3.0
U649,P49,3.0
U649,P525,5.0
U649,P548,0.5
U649,P647,0.5
U649,P65,5.0
U649,P81,5.0
U649,P98,35.0
U650,P103,0.5
U650,P107,10.0
U650,P124,5.5
U650,P136,3.5
U650,P141,5.0
U650,P142,0.5
U650,P167,5.0
U650,P170,30.0
U650,P172,3.0
U650,P174,3.0
U650,P176,3.0
U650,P190,3.5
U650,P198,5.0
U650,P2,1.0
U650,P243,0.5
U650,P244,8.0
U650,P254,3.0
U650,P259,30.5
U650,P278,30.5
U650,P286,5.0
U650,P292,30.0
U650,P297,30.0
U650,P303,5.0
U650,P316,30.0
U650,P321,5.0
U650,P42,30.5
U650,P443,8.0
U650,P455,5.0
U650,P458,30.0
U650,P52,30.0
U650,P540,5.5
U650,P550,30.0
U650,P572,3.0
U650,P583,5.0
U650,P587,0.5
U650,P61,0.5
U650,P636,0.5
U650,P68,3.0
U650,P69,30.0
U650,P7,3.0
U650,P79,5.5
U650,P89,30.0
U650,P94,5.0
U651,P13,3.0
U651,P140,0.5
U651,P161,5.5
U651,P167,0.5
U651,P176,3.0
U651,P193,3.0
U651,P206,30.0
U651,P208,11.0
U651,P224,5.0
U651,P232,3.0
U651,P240,1.0
U651,P25,0.5
U651,P255,3.5
U651,P272,5.0
U651,P276,5.0
U651,P286,33.0
U651,P335,0.5
U651,P339,30.0
U651,P364,30.0
U651,P372,0.5
U651,P379,0.5
U651,P396,0.5
U651,P411,3.0
U651,P444,5.0
U651,P480,3.0
U651,P490,30.0
U651,P52,0.5
U651,P522,0.5
U651,P55,3.5
U651,P572,30.5
U651,P576,5.0
U651,P583,6.0
U651,P632,8.0
U651,P79,5.0
U651,P92,5.0
U654,P107,60.0
U654,P136,5.5
U654,P141,35.5
U654,P167,30.0
U654,P170,3.0
U654,P173,8.0
U654,P180,30.0
U654,P190,5.0
U654,P243,30.0
U654,P244,66.5
U654,P255,30.0
U654,P259,4.5
U654,P315,60.0
U654,P34,30.0
U654,P353,0.5
U654,P354,30.5
U654,P362,3.0
U654,P387,3.0
U654,P396,3.0
U654,P432,3.5
U654,P503,5.5
U654,P61,33.0
U654,P610,0.5
U654,P623,0.5
U654,P79,3.0
U654,P98,0.5
U655,P103,48.0
U655,P104,30.0
U655,P13,3.0
U655,P145,3.0
U655,P167,3.5
U655,P17,3.0
U655,P170,64.0
U655,P180,3.0
U655,P185,5.5
U655,P2,0.5
U655,P208,0.5
U655,P209,30.0
U655,P217,3.0
U655,P240,3.0
U655,P241,30.0
U655,P243,5.0
U655,P244,3.0
U655,P247,35.0
U655,P261,0.5
U655,P276,0.5
U655,P303,0.5
U655,P316,0.5
U655,P327,0.5
U655,P367,3.0
U655,P378,0.5
U655,P379,0.5
U655,P396,3.0
U655,P429,3.0
U655,P430,0.5
U655,P471,3.0
U655,P482,60.0
U655,P50,30.0
U655,P503,5.0
U655,P519,5.0
U655,P530,3.0
U655,P547,5.0
U655,P567,5.0
U655,P572,5.0
U655,P575,6.5
U655,P576,5.0
U655,P623,5.0
U655,P632,3.0
U655,P81,6.0
U655,P98,0.5
U656,P124,5.0
U656,P144,0.5
U656,P174,0.5
U656,P187,5.0
U656,P206,0.5
U656,P207,3.0
U656,P208,10.0
U656,P228,5.0
U656,P26,3.0
U656,P261,3.0
U656,P339,3.0
U656,P372,5.0
U656,P379,0.5
U656,P386,5.0
U656,P415,5.0
U656,P417,3.0
U656,P450,0.5
U656,P451,30.0
U656,P540,0.5
U656,P567,30.0
U656,P576,30.0
U656,P592,0.5
U656,P615,5.0
U656,P623,33.0
U656,P632,3.0
U656,P645,5.0
U656,P72,5.0
U658,P124,3.0
U658,P13,1.0
U658,P147,0.5
U658,P155,0.5
U658,P170,30.0
U658,P176,0.5
U658,P185,35.0
U658,P198,30.0
U658,P210,3.0
U658,P238,30.0
U658,P244,3.0
U658,P247,10.0
U658,P380,3.0
U658,P390,5.0
U658,P447,36.0
U658,P464,3.0
U658,P517,0.5
U658,P567,30.0
U658,P572,30.0
U658,P576,30.0
U658,P583,0.5
U658,P639,30.0
U658,P644,0.5
U658,P645,0.5
U658,P68,3.0
U658,P76,3.0
U658,P98,0.5
U659,P130,5.5
U659,P172,0.5
U659,P173,0.5
U659,P174,35.0
U659,P176,30.0
U659,P243,0.5
U659,P247,5.0
U659,P262,5.0
U659,P278,30.0
U659,P28,3.0
U659,P297,5.0
U659,P34,30.0
U659,P372,3.0
U659,P374,5.0
U659,P385,3.0
U659,P387,0.5
U659,P417,33.0
U659,P422,30.0
U659,P432,0.5
U659,P458,30.0
U659,P492,30.0
U659,P544,5.0
U659,P550,30.0
U659,P575,30.5
U659,P595,3.0
U659,P599,5.0
U659,P61,1.0
U659,P627,0.5
U659,P639,35.0
U659,P648,5.0
U659,P69,3.5
U66,P103,3.0
U66,P107,0.5
U66,P122,35.0
U66,P130,0.5
U66,P136,3.5
U66,P141,0.5
U66,P149,3.0
U66,P161,5.0
U66,P17,0.5
U66,P174,6.0
U66,P176,3.0
U66,P185,3.5
U66,P207,35.0
U66,P213,30.0
U66,P215,5.0
U66,P219,0.5
U66,P236,3.0
U66,P244,0.5
U66,P278,0.5
U66,P286,44.0
U66,P313,0.5
U66,P362,8.0
U66,P379,0.5
U66,P41,36.0
U66,P447,3.0
U66,P451,5.0
U66,P53,30.0
U66,P540,0.5
U66,P55,5.0
U66,P550,3.0
U66,P56,30.0
U66,P567,33.0
U66,P576,30.0
U66,P583,5.0
U66,P588,5.0
U66,P604,3.0
U66,P615,0.5
U66,P623,35.0
U66,P632,10.5
U66,P7,5.0
U66,P81,0.5
U66,P98,0.5
U66,P99,5.0
U661,P103,0.5
U661,P107,30.5
U661,P167,30.0
U661,P185,30.0
U661,P198,3.0
U661,P2,0.5
U661,P238,3.0
U661,P243,3.0
U661,P244,33.0
U661,P28,0.5
U661,P330,0.5
U661,P34,0.5
U661,P361,30.0
U661,P362,3.0
U661,P364,30.0
U661,P378,33.0
U661,P422,3.0
U661,P432,5.0
U661,P443,5.0
U661,P479,30.0
U661,P49,30.0
U661,P496,3.0
U661,P518,30.0
U661,P546,5.0
U661,P575,0.5
U661,P625,0.5
U661,P627,5.0
U662,P103,8.5
U662,P127,0.5
U662,P136,5.0
U662,P139,0.5
U662,P167,3.0
U662,P17,8.5
U662,P170,5.0
U662,P18,30.0
U662,P180,5.5
U662,P185,6.0
U662,P198,30.0
U662,P2,6.5
U662,P217,1.0
U662,P238,3.0
U662,P241,30.0
U662,P244,36.0
U662,P278,3.0
U662,P286,0.5
U662,P298,3.0
U662,P310,3.0
U662,P315,3.0
U662,P318,0.5
U662,P321,3.5
U662,P354,5.5
U662,P360,0.5
U662,P362,3.0
U662,P375,30.0
U662,P378,0.5
U662,P387,30.5
U662,P396,5.5
U662,P49,33.0
U662,P505,3.0
U662,P511,0.5
U662,P531,30.0
U662,P550,3.0
U662,P575,9.5
U662,P6,0.5
U662,P68,5.0
U662,P77,0.5
U662,P81,8.0
U662,P98,0.5
U664,P110,0.5
U664,P122,3.0
U664,P13,5.0
U664,P134,30.0
U664,P136,30.0
U664,P140,0.5
U664,P141,3.0
U664,P149,3.0
U664,P166,3.0
U664,P183,0.5
U664,P217,0.5
U664,P228,3.0
U664,P255,30.0
U664,P278,3.0
U664,P280,3.0
U664,P321,3.0
U664,P37,30.0
U664,P41,3.0
U664,P447,5.5
U664,P451,3.0
U664,P494,0.5
U664,P522,3.0
U664,P530,3.0
U664,P550,0.5
U664,P576,30.0
U664,P584,3.0
U664,P615,60.0
U664,P639,33.0
U664,P79,0.5
U664,P92,5.0
U666,P103,30.0
U666,P136,1.0
U666,P167,30.0
U666,P173,30.0
U666,P185,0.5
U666,P2,5.0
U666,P203,0.5
U666,P207,5.0
U666,P243,30.0
U666,P244,0.5
U666,P250,0.5
U666,P251,5.0
U666,P255,5.5
U666,P259,1.0
U666,P278,5.5
U666,P281,0.5
U666,P303,0.5
U666,P315,0.5
U666,P356,3.0
U666,P373,0.5
U666,P378,0.5
U666,P381,0.5
U666,P387,30.5
U666,P396,0.5
U666,P432,3.5
U666,P443,0.5
U666,P451,3.0
U666,P49,5.0
U666,P503,5.0
U666,P511,5.0
U666,P553,5.0
U666,P557,3.0
U666,P584,30.0
U666,P61,10.0
U666,P623,0.5
U666,P68,30.5
U666,P79,31.0
U666,P81,30.0
U666,P9,0.5
U666,P92,0.5
U666,P98,0.5
U667,P122,3.5
U667,P134,30.0
U667,P166,3.0
U667,P173,30.0
U667,P174,6.0
U667,P183,5.0
U667,P208,0.5
U667,P217,0.5
U667,P238,5.0
U667,P255,38.5
U667,P259,5.5
U667,P284,3.0
U667,P303,5.5
U667,P321,3.0
U667,P339,3.5
U667,P362,3.0
U667,P37,5.0
U667,P378,5.0
U667,P392,3.0
U667,P428,5.0
U667,P432,3.0
U667,P484,0.5
U667,P497,5.0
U667,P511,5.5
U667,P530,3.0
U667,P554,3.0
U667,P567,0.5
U667,P572,30.0
U667,P574,30.0
U667,P575,3.5
U667,P588,30.0
U667,P61,30.0
U667,P615,3.0
U667,P620,3.0
U667,P632,30.0
U667,P639,66.0
U667,P645,0.5
U667,P68,0.5
U668,P13,5.0
U668,P140,3.0
U668,P149,30.0
U668,P154,0.5
U668,P158,30.0
U668,P17,5.0
U668,P180,3.0
U668,P206,0.5
U668,P208,35.0
U668,P213,0.5
U668,P232,0.5
U668,P240,3.0
U668,P244,0.5
U668,P247,33.0
U668,P261,5.0
U668,P262,30.0
U668,P286,3.5
U668,P297,3.0
U668,P31,3.0
U668,P316,0.5
U668,P339,3.5
U668,P422,3.0
U668,P533,0.5
U668,P540,6.0
U668,P572,3.0
U668,P583,3.0
U668,P607,0.5
U668,P69,30.0
U668,P92,0.5
U670,P141,33.5
U670,P15,3.0
U670,P207,3.0
U670,P214,3.0
U670,P217,3.0
U670,P234,5.0
U670,P243,0.5
U670,P244,3.0
U670,P249,30.0
U670,P278,3.0
U670,P303,5.0
U670,P310,3.0
U670,P318,30.0
U670,P378,3.0
U670,P379,0.5
U670,P432,10.0
U670,P443,30.0
U670,P471,0.5
U670,P49,0.5
U670,P503,3.0
U670,P555,3.0
U670,P575,35.0
U670,P98,0.5
U672,P103,0.5
U672,P136,30.0
U672,P141,0.5
U672,P147,5.0
U672,P166,0.5
U672,P170,5.0
U672,P183,3.0
U672,P198,6.5
U672,P219,6.0
U672,P238,30.0
U672,P281,0.5
U672,P286,0.5
U672,P362,5.0
U672,P378,3.0
U672,P396,30.5
U672,P49,0.5
U672,P530,0.5
U672,P559,5.0
U672,P567,3.0
U672,P572,0.5
U672,P576,0.5
U672,P583,0.5
U672,P589,6.0
U672,P623,3.5
U672,P638,0.5
U672,P92,3.0
U672,P98,5.0
U673,P127,5.0
U673,P130,0.5
U673,P136,5.5
U673,P141,5.0
U673,P170,11.0
U673,P178,30.0
U673,P198,0.5
U673,P242,3.0
U673,P259,3.0
U673,P354,0.5
U673,P362,30.0
U673,P381,0.5
U673,P432,0.5
U673,P496,30.0
U673,P511,3.0
U673,P550,0.5
U673,P557,5.0
U673,P575,3.0
U673,P61,3.0
U673,P65,0.5
U673,P68,30.0
U673,P81,3.0
U674,P107,0.5
U674,P170,0.5
U674,P179,30.0
U674,P190,6.0
U674,P226,0.5
U674,P241,30.0
U674,P243,30.5
U674,P249,3.0
U674,P250,5.0
U674,P259,3.0
U674,P263,30.0
U674,P28,0.5
U674,P297,0.5
U674,P303,6.0
U674,P335,3.0
U674,P34,3.5
U674,P372,30.0
U674,P415,0.5
U674,P417,5.0
U674,P42,3.0
U674,P442,0.5
U674,P443,3.0
U674,P471,3.0
U674,P479,5.5
U674,P481,0.5
U674,P49,3.0
U674,P530,3.0
U674,P536,30.0
U674,P540,5.0
U674,P580,0.5
U674,P61,6.0
U674,P613,0.5
U674,P621,30.0
U674,P634,1.0
U674,P644,30.0
U674,P69,3.0
U674,P79,3.0
U674,P98,0.5
U675,P122,1.0
U675,P149,35.0
U675,P161,5.0
U675,P166,3.5
U675,P174,3.0
U675,P182,5.0
U675,P187,0.5
U675,P190,5.0
U675,P206,30.0
U675,P232,6.0
U675,P237,0.5
U675,P240,3.0
U675,P255,30.0
U675,P258,5.0
U675,P286,5.0
U675,P339,35.0
U675,P34,30.0
U675,P379,5.5
U675,P397,5.0
U675,P403,0.5
U675,P41,31.0
U675,P444,5.0
U675,P479,3.0
U675,P491,30.0
U675,P494,3.0
U675,P503,8.0
U675,P530,0.5
U675,P555,3.0
U675,P572,35.0
U675,P576,0.5
U675,P583,5.0
U675,P607,3.0
U675,P631,3.0
U675,P639,30.0
U675,P645,5.0
U675,P92,5.0
U676,P1,30.0
U676,P10,0.5
U676,P104,0.5
U676,P107,3.5
U676,P11,5.0
U676,P136,33.0
U676,P141,0.5
U676,P150,30.0
U676,P173,3.0
U676,P185,30.5
U676,P190,0.5
U676,P244,33.5
U676,P278,40.5
U676,P297,3.0
U676,P303,35.5
U676,P315,3.5
U676,P32,0.5
U676,P34,5.5
U676,P354,0.5
U676,P372,0.5
U676,P387,60.0
U676,P396,30.0
U676,P415,8.5
U676,P417,30.0
U676,P420,0.5
U676,P422,3.5
U676,P465,0.5
U676,P479,30.0
U676,P49,0.5
U676,P511,3.0
U676,P519,30.0
U676,P52,3.0
U676,P540,5.5
U676,P550,0.5
U676,P599,3.0
U676,P606,0.5
U676,P61,5.5
U676,P621,3.0
U676,P648,0.5
U676,P69,38.5
U676,P80,0.5
U677,P103,3.0
U677,P107,5.0
U677,P122,3.0
U677,P127,0.5
U677,P149,5.0
U677,P166,41.0
U677,P17,0.5
U677,P174,31.0
U677,P180,5.0
U677,P207,30.5
U677,P209,0.5
U677,P240,30.5
U677,P244,30.0
U677,P250,3.0
U677,P255,30.5
U677,P261,6.0
U677,P293,30.0
U677,P306,3.0
U677,P321,0.5
U677,P339,30.0
U677,P351,3.0
U677,P352,5.0
U677,P353,0.5
U677,P369,30.0
U677,P37,0.5
U677,P372,1.0
U677,P379,3.0
U677,P38,5.0
U677,P402,0.5
U677,P41,3.0
U677,P424,3.0
U677,P462,5.0
U677,P530,0.5
U677,P540,0.5
U677,P567,6.0
U677,P574,5.0
U677,P575,30.0
U677,P576,3.0
U677,P615,30.0
U677,P623,4.0
U677,P628,30.0
U677,P632,35.0
U677,P639,3.0
U677,P642,33.0
U677,P645,30.5
U677,P86,3.0
U677,P92,3.0
U678,P103,3.0
U678,P107,30.0
U678,P129,30.0
U678,P141,3.5
U678,P178,0.5
U678,P185,30.0
U678,P2,0.5
U678,P238,30.0
U678,P241,1.0
U678,P243,3.5
U678,P263,0.5
U678,P274,5.0
U678,P278,10.0
U678,P303,3.0
U678,P322,30.0
U678,P323,0.5
U678,P354,6.0
U678,P392,3.0
U678,P396,0.5
U678,P400,0.5
U678,P415,30.0
U678,P432,66.5
U678,P44,5.0
U678,P459,3.0
U678,P497,0.5
U678,P511,3.0
U678,P52,0.5
U678,P526,5.0
U678,P53,30.0
U678,P550,5.0
U678,P575,31.0
U678,P61,0.5
U678,P625,0.5
U678,P78,30.0
U678,P79,0.5
U679,P107,3.0
U679,P115,3.0
U679,P124,0.5
U679,P129,3.0
U679,P13,0.5
U679,P134,0.5
U679,P141,3.5
U679,P161,0.5
U679,P173,33.0
U679,P174,3.0
U679,P185,0.5
U679,P195,3.0
U679,P243,3.0
U679,P294,0.5
U679,P303,5.0
U679,P339,0.5
U679,P353,3.0
U679,P372,30.5
U679,P375,0.5
U679,P379,30.0
U679,P420,5.0
U679,P471,0.5
U679,P546,5.0
U679,P623,30.5
U679,P68,0.5
U679,P81,30.5
U679,P98,0.5
U68,P163,60.0
U68,P170,5.0
U68,P176,5.0
U68,P190,5.0
U68,P2,3.0
U68,P217,0.5
U68,P244,30.0
U68,P259,3.0
U68,P278,1.0
U68,P28,5.0
U68,P297,10.5
U68,P34,5.0
U68,P353,30.5
U68,P371,3.0
U68,P372,0.5
U68,P387,3.0
U68,P415,0.5
U68,P417,6.0
U68,P42,30.0
U68,P422,70.0
U68,P443,30.0
U68,P459,0.5
U68,P470,5.0
U68,P471,0.5
U68,P479,30.0
U68,P481,3.0
U68,P52,1.0
U68,P540,9.0
U68,P553,30.0
U68,P575,0.5
U68,P599,5.0
U68,P621,5.5
U68,P627,6.5
U68,P648,8.5
U68,P69,30.5
U68,P81,3.0
U68,P98,3.0
U681,P136,5.0
U681,P161,0.5
U681,P173,3.0
U681,P185,5.0
U681,P204,0.5
U681,P22,0.5
U681,P259,30.0
U681,P303,30.5
U681,P344,0.5
U681,P362,30.0
U681,P430,0.5
U681,P471,3.0
U681,P550,0.5
U681,P567,5.0
U681,P583,5.0
U681,P639,30.0
U681,P81,3.0
U681,P98,5.0
U682,P140,30.0
U682,P149,5.0
U682,P160,0.5
U682,P161,3.0
U682,P166,5.0
U682,P207,3.5
U682,P208,3.0
U682,P232,0.5
U682,P247,0.5
U682,P261,13.0
U682,P286,3.0
U682,P339,3.0
U682,P379,0.5
U682,P41,0.5
U682,P451,30.0
U682,P463,5.0
U682,P51,5.0
U682,P530,30.0
U682,P547,0.5
U682,P55,8.0
U682,P567,3.0
U682,P572,38.5
U682,P576,30.5
U682,P583,10.0
U682,P592,5.5
U682,P615,5.0
U682,P632,5.5
U682,P639,33.0
U682,P87,5.0
U683,P102,3.0
U683,P161,3.0
U683,P166,0.5
U683,P170,3.5
U683,P198,3.0
U683,P206,3.0
U683,P228,3.0
U683,P232,6.0
U683,P247,3.0
U683,P261,3.0
U683,P283,0.5
U683,P286,33.5
U683,P300,0.5
U683,P339,3.0
U683,P356,0.5
U683,P383,3.0
U683,P451,30.5
U683,P463,35.0
U683,P468,5.0
U683,P515,30.0
U683,P55,3.5
U683,P567,3.0
U683,P576,3.5
U683,P615,5.0
U683,P623,0.5
U683,P631,3.0
U683,P639,1.0
U683,P92,30.0
U683,P93,3.0
U684,P17,3.0
U684,P238,0.5
U684,P259,3.0
U684,P353,8.0
U684,P362,35.0
U684,P372,5.0
U684,P417,3.0
U684,P422,8.0
U684,P432,30.0
U684,P479,0.5
U684,P52,3.0
U684,P540,0.5
U684,P648,8.5
U684,P66,3.0
U684,P69,3.0
U686,P103,0.5
U686,P107,33.0
U686,P124,30.0
U686,P139,30.0
U686,P140,30.0
U686,P161,30.0
U686,P167,30.0
U686,P17,30.0
U686,P173,10.0
U686,P266,3.0
U686,P271,3.0
U686,P278,3.0
U686,P286,3.0
U686,P298,0.5
U686,P354,30.0
U686,P385,30.0
U686,P396,5.0
U686,P416,0.5
U686,P432,3.0
U686,P443,5.0
U686,P484,5.0
U686,P490,3.0
U686,P497,30.0
U686,P511,5.0
U686,P550,33.0
U686,P552,5.0
U686,P575,30.5
U686,P61,6.5
U686,P78,5.0
U686,P81,5.0
U687,P122,30.0
U687,P13,3.0
U687,P149,8.0
U687,P158,0.5
U687,P166,5.5
U687,P207,8.0
U687,P232,5.0
U687,P261,3.0
U687,P321,30.0
U687,P339,65.0
U687,P376,30.0
U687,P379,68.0
U687,P380,3.0
U687,P41,5.0
U687,P415,3.0
U687,P477,0.5
U687,P503,3.0
U687,P56,5.0
U687,P567,3.0
U687,P615,3.5
U687,P623,30.0
U687,P631,5.5
U687,P69,5.0
U688,P124,35.0
U688,P13,30.0
U688,P140,6.5
U688,P161,33.5
U688,P17,30.0
U688,P170,0.5
U688,P180,5.0
U688,P185,3.0
U688,P206,30.0
U688,P207,30.0
U688,P240,33.0
U688,P255,3.0
U688,P261,30.0
U688,P321,1.0
U688,P327,5.0
U688,P340,0.5
U688,P362,3.0
U688,P379,10.0
U688,P396,35.0
U688,P428,3.0
U688,P447,3.0
U688,P451,5.0
U688,P49,5.0
U688,P530,6.0
U688,P56,6.0
U688,P576,0.5
U688,P583,40.5
U688,P589,30.0
U688,P623,30.0
U688,P632,30.0
U688,P639,30.0
U688,P645,30.0
U688,P73,0.5
U688,P79,0.5
U689,P103,36.0
U689,P107,8.0
U689,P118,5.0
U689,P122,0.5
U689,P163,5.5
U689,P166,30.0
U689,P173,3.0
U689,P176,3.0
U689,P230,3.0
U689,P241,33.0
U689,P243,0.5
U689,P261,3.0
U689,P28,0.5
U689,P297,3.0
U689,P303,60.0
U689,P330,3.0
U689,P341,0.5
U689,P344,5.0
U689,P349,0.5
U689,P353,3.0
U689,P354,5.0
U689,P356,3.0
U689,P378,30.0
U689,P387,33.0
U689,P420,0.5
U689,P432,30.5
U689,P462,3.0
U689,P479,3.0
U689,P488,5.0
U689,P49,0.5
U689,P540,30.0
U689,P575,70.0
U689,P61,30.0
U689,P68,3.0
U689,P98,5.5
U69,P1,30.0
U69,P107,0.5
U69,P170,0.5
U69,P173,30.0
U69,P180,5.0
U69,P191,3.0
U69,P196,5.0
U69,P197,30.0
U69,P238,30.5
U69,P243,30.0
U69,P244,0.5
U69,P262,3.0
U69,P282,0.5
U69,P303,35.0
U69,P328,0.5
U69,P34,5.5
U69,P353,5.0
U69,P372,6.0
U69,P378,3.5
U69,P415,30.0
U69,P417,33.0
U69,P422,60.0
U69,P458,3.0
U69,P511,5.5
U69,P52,5.5
U69,P536,30.0
U69,P54,5.0
U69,P546,30.0
U69,P575,3.0
U69,P61,0.5
U69,P625,3.0
U69,P627,8.0
U69,P648,5.0
U69,P72,30.0
U69,P98,5.0
U690,P101,0.5
U690,P141,3.0
U690,P176,3.5
U690,P180,3.0
U690,P190,5.5
U690,P207,3.5
U690,P224,0.5
U690,P226,3.0
U690,P232,5.0
U690,P236,0.5
U690,P241,3.0
U690,P28,0.5
U690,P323,3.0
U690,P354,3.5
U690,P372,31.0
U690,P373,5.0
U690,P387,0.5
U690,P415,3.0
U690,P42,30.5
U690,P422,5.5
U690,P471,0.5
U690,P477,3.0
U690,P530,5.0
U690,P540,0.5
U690,P550,30.0
U690,P57,0.5
U690,P575,30.0
U690,P61,30.0
U690,P615,0.5
U690,P621,30.0
U690,P627,30.0
U690,P648,0.5
U690,P69,0.5
U690,P92,5.0
U691,P149,0.5
U691,P173,8.0
U691,P198,33.0
U691,P206,3.0
U691,P213,3.0
U691,P241,3.0
U691,P244,6.0
U691,P305,3.0
U691,P342,3.0
U691,P370,5.0
U691,P4,30.0
U691,P432,5.0
U691,P471,10.0
U691,P484,0.5
U691,P49,0.5
U691,P511,0.5
U691,P575,30.0
U691,P611,0.5
U691,P615,5.0
U691,P68,0.5
U691,P7,5.0
U691,P79,5.0
U692,P107,30.0
U692,P115,5.0
U692,P136,31.0
U692,P141,3.0
U692,P173,0.5
U692,P180,3.0
U692,P185,8.5
U692,P198,1.0
U692,P213,3.0
U692,P238,30.0
U692,P243,8.5
U692,P244,0.5
U692,P247,30.0
U692,P27,3.0
U692,P354,38.0
U692,P367,5.0
U692,P374,0.5
U692,P375,0.5
U692,P378,3.0
U692,P385,30.0
U692,P404,3.0
U692,P432,3.0
U692,P443,3.0
U692,P447,5.0
U692,P526,0.5
U692,P557,0.5
U692,P575,5.0
U692,P594,1.0
U692,P605,3.0
U692,P78,0.5
U692,P79,35.0
U692,P81,33.0
U693,P136,4.0
U693,P141,3.0
U693,P17,5.0
U693,P170,33.0
U693,P176,5.0
U693,P180,60.5
U693,P198,3.5
U693,P213,3.0
U693,P244,8.0
U693,P278,3.0
U693,P28,5.0
U693,P296,3.0
U693,P297,5.0
U693,P333,0.5
U693,P335,3.0
U693,P34,3.0
U693,P353,3.0
U693,P362,3.0
U693,P378,30.0
U693,P387,5.0
U693,P392,5.0
U693,P396,3.0
U693,P416,5.0
U693,P417,5.0
U693,P422,3.0
U693,P479,0.5
U693,P503,3.0
U693,P511,0.5
U693,P52,6.5
U693,P530,0.5
U693,P623,5.0
U693,P627,31.0
U693,P643,5.0
U693,P648,5.0
U693,P69,30.5
U693,P7,5.0
U693,P79,30.0
U693,P81,0.5
U693,P98,1.0
U694,P122,3.0
U694,P13,5.0
U694,P162,0.5
U694,P166,3.5
U694,P206,3.0
U694,P207,43.5
U694,P217,3.0
U694,P234,0.5
U694,P237,0.5
U694,P255,0.5
U694,P261,60.5
U694,P321,30.0
U694,P339,33.0
U694,P351,3.0
U694,P420,3.0
U694,P432,8.0
U694,P435,3.0
U694,P451,5.5
U694,P471,3.0
U694,P491,0.5
U694,P494,3.0
U694,P5,5.0
U694,P503,16.0
U694,P530,0.5
U694,P547,0.5
U694,P55,5.0
U694,P572,33.0
U694,P576,5.0
U694,P615,5.0
U694,P620,5.0
U694,P632,3.0
U694,P641,0.5
U694,P645,0.5
U694,P92,0.5
U695,P103,0.5
U695,P122,3.0
U695,P129,3.0
U695,P13,0.5
U695,P136,33.0
U695,P139,3.0
U695,P141,0.5
U695,P167,3.0
U695,P17,65.0
U695,P170,1.0
U695,P18,0.5
U695,P180,16.0
U695,P185,0.5
U695,P198,33.5
U695,P244,4.0
U695,P247,6.0
U695,P249,30.0
U695,P265,3.0
U695,P276,30.0
U695,P280,3.0
U695,P303,0.5
U695,P343,30.0
U695,P345,30.0
U695,P362,3.5
U695,P374,5.0
U695,P378,30.0
U695,P379,3.0
U695,P471,3.0
U695,P477,3.0
U695,P49,0.5
U695,P511,5.0
U695,P525,3.5
U695,P578,30.0
U695,P58,30.0
U695,P600,0.5
U695,P609,6.0
U695,P613,0.5
U695,P620,30.0
U695,P68,60.5
U695,P81,0.5
U695,P84,5.0
U695,P98,8.0
U696,P103,30.0
U696,P104,3.0
U696,P130,0.5
U696,P136,3.5
U696,P141,11.0
U696,P149,0.5
U696,P165,3.0
U696,P167,3.5
U696,P17,0.5
U696,P173,1.0
U696,P185,0.5
U696,P198,5.0
U696,P217,5.0
U696,P232,3.0
U696,P238,33.5
U696,P241,0.5
U696,P243,3.5
U696,P244,1.0
U696,P259,0.5
U696,P271,30.0
U696,P327,8.0
U696,P342,0.5
U696,P378,0.5
U696,P396,0.5
U696,P405,3.0
U696,P443,0.5
U696,P474,3.0
U696,P49,5.0
U696,P497,60.0
U696,P507,3.0
U696,P511,10.0
U696,P550,0.5
U696,P575,60.0
U696,P61,3.0
U696,P68,5.0
U696,P71,3.0
U696,P81,6.0
U696,P9,0.5
U696,P98,0.5
U697,P103,6.0
U697,P116,5.0
U697,P136,9.0
U697,P141,5.0
U697,P167,5.0
U697,P170,3.0
U697,P176,5.5
U697,P180,3.0
U697,P185,3.0
U697,P198,30.0
U697,P208,5.0
U697,P238,30.0
U697,P255,3.0
U697,P262,0.5
U697,P28,3.0
U697,P34,30.0
U697,P353,5.5
U697,P372,3.0
U697,P415,30.0
U697,P417,30.0
U697,P422,8.5
U697,P432,3.0
U697,P44,0.5
U697,P471,5.0
U697,P479,3.0
U697,P49,3.0
U697,P503,0.5
U697,P52,5.5
U697,P550,0.5
U697,P573,3.0
U697,P575,3.0
U697,P615,3.0
U697,P621,30.0
U697,P65,30.0
U697,P69,0.5
U698,P159,3.0
U698,P167,5.0
U698,P2,8.0
U698,P204,3.0
U698,P221,3.0
U698,P243,3.5
U698,P244,8.0
U698,P254,3.0
U698,P278,0.5
U698,P303,5.0
U698,P321,30.0
U698,P362,5.0
U698,P367,0.5
U698,P41,0.5
U698,P432,30.0
U698,P443,3.0
U698,P447,0.5
U698,P55,0.5
U698,P550,30.0
U698,P572,0.5
U698,P583,0.5
U698,P630,0.5
U698,P81,5.0
U698,P95,0.5
U699,P103,30.0
U699,P17,33.5
U699,P170,3.0
U699,P173,5.0
U699,P185,5.0
U699,P190,0.5
U699,P262,30.0
U699,P315,5.0
U699,P364,3.0
U699,P42,3.0
U699,P511,3.0
U699,P548,3.0
U699,P648,0.5
U699,P68,5.0
U699,P98,30.0
U70,P115,3.0
U70,P149,0.5
U70,P174,3.0
U70,P207,30.5
U70,P208,3.5
U70,P240,0.5
U70,P259,5.0
U70,P379,1.0
U70,P391,5.0
U70,P432,0.5
U70,P447,3.0
U70,P477,5.0
U70,P530,1.0
U70,P575,0.5
U70,P583,0.5
U70,P605,3.0
U70,P84,0.5
U70,P92,3.0
U701,P190,0.5
U701,P197,3.0
U701,P204,3.0
U701,P217,0.5
U701,P241,0.5
U701,P247,0.5
U701,P273,3.0
U701,P278,3.0
U701,P28,3.0
U701,P297,5.0
U701,P34,30.0
U701,P354,1.0
U701,P387,3.0
U701,P417,0.5
U701,P42,5.0
U701,P443,0.5
U701,P447,0.5
U701,P490,3.0
U701,P509,30.0
U701,P511,5.0
U701,P52,5.0
U701,P567,3.0
U701,P576,0.5
U701,P648,30.0
U703,P124,30.0
U703,P138,0.5
U703,P161,5.0
U703,P17,30.0
U703,P174,3.0
U703,P190,30.0
U703,P191,33.0
U703,P198,0.5
U703,P2,0.5
U703,P217,5.0
U703,P238,5.0
U703,P242,0.5
U703,P244,1.0
U703,P28,33.5
U703,P292,0.5
U703,P335,3.0
U703,P34,33.0
U703,P353,5.0
U703,P372,0.5
U703,P396,30.0
U703,P411,3.0
U703,P415,3.0
U703,P417,60.0
U703,P422,3.0
U703,P455,3.5
U703,P461,3.0
U703,P479,3.0
U703,P49,0.5
U703,P5,5.0
U703,P540,0.5
U703,P567,0.5
U703,P61,5.0
U703,P612,3.0
U703,P627,0.5
U703,P643,3.0
U703,P69,6.5
U703,P80,3.0
U703,P98,3.0
U704,P103,10.0
U704,P128,30.0
U704,P130,30.0
U704,P141,30.0
U704,P167,5.0
U704,P173,5.5
U704,P180,35.0
U704,P196,30.0
U704,P198,0.5
U704,P2,3.0
U704,P217,0.5
U704,P236,3.0
U704,P241,0.5
U704,P244,30.5
U704,P286,5.0
U704,P303,5.0
U704,P310,30.0
U704,P315,60.0
U704,P321,5.0
U704,P323,5.0
U704,P354,5.0
U704,P378,3.0
U704,P387,5.5
U704,P432,31.0
U704,P443,44.5
U704,P449,5.0
U704,P471,6.5
U704,P483,6.0
U704,P550,0.5
U704,P560,30.0
U704,P575,0.5
U704,P584,30.0
U704,P59,5.0
U704,P61,35.0
U704,P639,3.0
U704,P80,3.0
U706,P101,0.5
U706,P102,30.0
U706,P121,3.0
U706,P122,3.0
U706,P124,3.0
U706,P134,30.0
U706,P140,30.0
U706,P144,0.5
U706,P162,3.0
U706,P198,30.0
U706,P206,3.0
U706,P208,5.5
U706,P232,3.5
U706,P237,0.5
U706,P244,30.0
U706,P255,0.5
U706,P261,0.5
U706,P34,5.0
U706,P353,30.0
U706,P363,3.0
U706,P369,30.0
U706,P372,8.0
U706,P396,3.0
U706,P41,0.5
U706,P412,3.0
U706,P447,3.0
U706,P451,3.0
U706,P458,30.0
U706,P469,30.0
U706,P479,3.0
U706,P485,3.0
U706,P503,30.0
U706,P52,5.5
U706,P530,3.0
U706,P55,0.5
U706,P555,3.0
U706,P567,3.0
U706,P57,5.0
U706,P572,0.5
U706,P576,6.5
U706,P583,5.5
U706,P615,30.0
U706,P623,33.0
U706,P627,3.0
U706,P648,5.0
U706,P69,10.0
U706,P81,3.0
U706,P92,30.0
U707,P103,0.5
U707,P141,3.5
U707,P167,5.5
U707,P170,30.0
U707,P378,6.0
U707,P41,3.0
U707,P55,30.5
U707,P576,5.0
U707,P649,0.5
U707,P68,9.0
U707,P76,3.0
U707,P81,0.5
U707,P98,3.0
U708,P103,5.0
U708,P107,3.0
U708,P115,5.0
U708,P129,0.5
U708,P139,0.5
U708,P141,33.0
U708,P165,3.0
U708,P17,35.0
U708,P170,8.0
U708,P173,8.0
U708,P18,0.5
U708,P180,9.5
U708,P185,11.5
U708,P196,0.5
U708,P212,3.0
U708,P231,30.0
U708,P236,0.5
U708,P238,5.0
U708,P244,3.0
U708,P249,5.0
U708,P265,3.0
U708,P273,30.0
U708,P274,30.0
U708,P278,30.0
U708,P303,30.0
U708,P354,33.5
U708,P362,5.0
U708,P373,0.5
U708,P387,5.5
U708,P396,13.0
U708,P429,30.0
U708,P441,30.0
U708,P49,3.0
U708,P548,5.0
U708,P575,3.0
U708,P61,3.0
U708,P65,5.0
U708,P79,35.0
U708,P81,38.0
U708,P98,3.0
U709,P122,0.5
U709,P124,1.0
U709,P140,0.5
U709,P149,6.0
U709,P161,5.0
U709,P164,3.0
U709,P166,3.0
U709,P180,0.5
U709,P207,30.0
U709,P240,30.0
U709,P247,5.0
U709,P25,5.0
U709,P286,8.0
U709,P321,33.0
U709,P339,0.5
U709,P37,3.0
U709,P376,30.0
U709,P378,5.0
U709,P379,30.0
U709,P396,0.5
U709,P405,30.0
U709,P41,0.5
U709,P427,0.5
U709,P442,5.0
U709,P447,35.0
U709,P457,30.0
U709,P477,0.5
U709,P503,3.0
U709,P523,30.0
U709,P530,0.5
U709,P55,0.5
U709,P564,30.0
U709,P572,0.5
U709,P583,6.0
U709,P589,0.5
U709,P613,5.0
U709,P615,0.5
U709,P623,11.0
U709,P631,0.5
U709,P632,3.0
U709,P639,5.0
U709,P645,5.0
U709,P92,8.5
U71,P103,0.5
U71,P167,0.5
U71,P172,3.0
U71,P173,0.5
U71,P185,5.0
U71,P190,0.5
U71,P259,5.0
U71,P297,0.5
U71,P315,5.0
U71,P34,3.0
U71,P341,3.0
U71,P342,30.0
U71,P353,5.0
U71,P378,3.5
U71,P387,5.0
U71,P416,5.0
U71,P42,0.5
U71,P420,3.0
U71,P422,11.0
U71,P45,5.0
U71,P471,6.0
U71,P49,0.5
U71,P511,3.0
U71,P52,5.5
U71,P540,30.0
U71,P550,5.5
U71,P556,30.0
U71,P61,30.0
U71,P64,3.0
U71,P644,5.0
U71,P648,33.0
U71,P69,5.0
U710,P107,5.0
U710,P117,30.0
U710,P127,3.0
U710,P129,3.0
U710,P141,30.0
U710,P167,6.5
U710,P170,8.0
U710,P173,5.0
U710,P180,30.0
U710,P195,30.0
U710,P196,5.0
U710,P198,3.0
U710,P2,1.5
U710,P206,5.0
U710,P217,3.5
U710,P240,0.5
U710,P241,5.0
U710,P243,3.5
U710,P303,30.0
U710,P315,3.5
U710,P341,3.0
U710,P354,8.0
U710,P396,3.0
U710,P425,3.0
U710,P432,8.0
U710,P47,3.0
U710,P485,0.5
U710,P519,3.0
U710,P53,3.0
U710,P550,3.5
U710,P575,5.0
U710,P584,5.0
U710,P61,5.0
U710,P623,0.5
U710,P68,30.5
U710,P76,0.5
U710,P92,30.0
U710,P98,3.5
U711,P13,0.5
U711,P140,5.0
U711,P162,0.5
U711,P182,0.5
U711,P220,3.0
U711,P247,3.0
U711,P28,0.5
U711,P311,0.5
U711,P42,3.0
U711,P449,5.0
U711,P505,3.0
U711,P572,6.0
U711,P642,30.0
U711,P645,3.0
U711,P648,3.0
U713,P103,3.0
U713,P124,3.0
U713,P13,0.5
U713,P136,30.0
U713,P141,10.0
U713,P149,30.0
U713,P166,0.5
U713,P168,0.5
U713,P17,3.5
U713,P174,0.5
U713,P198,0.5
U713,P207,3.0
U713,P212,5.0
U713,P238,60.0
U713,P247,30.0
U713,P265,5.0
U713,P281,3.0
U713,P291,3.0
U713,P355,3.0
U713,P362,3.0
U713,P379,1.0
U713,P396,3.5
U713,P41,0.5
U713,P451,5.0
U713,P469,3.0
U713,P490,0.5
U713,P547,30.0
U713,P560,3.0
U713,P567,3.5
U713,P572,36.5
U713,P576,3.0
U713,P613,3.0
U713,P615,3.0
U713,P623,5.5
U713,P638,0.5
U713,P645,0.5
U713,P92,0.5
U714,P122,0.5
U714,P124,3.5
U714,P140,65.0
U714,P149,0.5
U714,P161,6.0
U714,P174,36.5
U714,P176,3.0
U714,P180,0.5
U714,P191,3.0
U714,P207,0.5
U714,P237,0.5
U714,P238,5.0
U714,P240,0.5
U714,P255,0.5
U714,P286,0.5
U714,P297,0.5
U714,P31,0.5
U714,P339,0.5
U714,P37,3.0
U714,P397,0.5
U714,P404,3.0
U714,P41,0.5
U714,P412,30.0
U714,P417,30.0
U714,P447,0.5
U714,P451,3.5
U714,P49,5.0
U714,P503,30.0
U714,P506,5.0
U714,P55,33.0
U714,P572,5.0
U714,P583,30.0
U714,P604,3.0
U714,P627,3.0
U714,P632,3.0
U714,P638,3.0
U714,P639,30.0
U714,P64,0.5
U714,P81,5.0
U714,P95,0.5
U715,P1,0.5
U715,P149,3.0
U715,P161,0.5
U715,P176,0.5
U715,P206,30.0
U715,P207,3.0
U715,P214,5.0
U715,P261,3.0
U715,P297,3.0
U715,P328,5.0
U715,P379,30.0
U715,P41,3.0
U715,P415,0.5
U715,P435,5.0
U715,P447,3.0
U715,P479,30.5
U715,P540,5.5
U715,P623,30.0
U715,P627,3.0
U715,P632,0.5
U715,P648,3.5
U715,P69,30.0
U716,P107,0.5
U716,P13,0.5
U716,P136,0.5
U716,P140,30.0
U716,P162,30.0
U716,P173,3.0
U716,P178,5.0
U716,P195,5.0
U716,P2,5.5
U716,P206,35.0
U716,P208,0.5
U716,P232,3.0
U716,P241,0.5
U716,P303,0.5
U716,P310,0.5
U716,P315,0.5
U716,P321,0.5
U716,P337,30.0
U716,P378,30.0
U716,P379,30.5
U716,P41,0.5
U716,P415,0.5
U716,P422,5.0
U716,P443,3.0
U716,P484,0.5
U716,P491,5.0
U716,P525,30.0
U716,P550,5.5
U716,P552,3.0
U716,P621,0.5
U716,P623,5.0
U716,P645,5.0
U716,P648,0.5
U716,P66,3.0
U716,P79,0.5
U716,P81,3.0
U716,P92,5.0
U717,P124,30.5
U717,P13,66.0
U717,P161,8.0
U717,P162,0.5
U717,P164,3.0
U717,P166,5.0
U717,P198,33.0
U717,P204,5.0
U717,P228,3.0
U717,P240,3.0
U717,P241,30.0
U717,P26,5.0
U717,P278,3.0
U717,P28,3.0
U717,P284,0.5
U717,P286,30.0
U717,P320,3.0
U717,P362,30.0
U717,P387,1.0
U717,P41,5.5
U717,P446,0.5
U717,P447,10.5
U717,P451,0.5
U717,P474,5.0
U717,P505,0.5
U717,P52,0.5
U717,P522,0.5
U717,P530,3.0
U717,P546,30.0
U717,P55,60.0
U717,P567,1.5
U717,P572,33.0
U717,P576,30.0
U717,P583,3.5
U717,P615,0.5
U717,P639,31.0
U717,P640,0.5
U717,P643,30.0
U718,P121,0.5
U718,P140,3.0
U718,P158,0.5
U718,P161,5.0
U718,P162,3.0
U718,P166,5.5
U718,P17,5.0
U718,P238,30.5
U718,P240,0.5
U718,P244,30.0
U718,P247,8.0
U718,P266,0.5
U718,P281,0.5
U718,P286,3.5
U718,P300,0.5
U718,P318,5.0
U718,P321,30.0
U718,P359,5.0
U718,P390,5.0
U718,P394,3.0
U718,P447,5.5
U718,P503,5.0
U718,P506,3.0
U718,P564,5.0
U718,P583,3.0
U718,P600,5.0
U718,P615,0.5
U718,P645,0.5
U718,P68,30.0
U718,P81,3.0
U718,P93,5.0
U719,P173,3.0
U719,P217,8.0
U719,P259,5.0
U719,P34,30.0
U719,P353,30.0
U719,P387,30.0
U719,P392,3.0
U719,P432,0.5
U719,P550,30.0
U719,P621,0.5
U72,P103,3.5
U72,P107,0.5
U72,P129,3.0
U72,P141,3.0
U72,P167,33.0
U72,P17,6.5
U72,P170,0.5
U72,P204,0.5
U72,P236,5.0
U72,P243,5.5
U72,P244,0.5
U72,P251,3.0
U72,P280,0.5
U72,P315,30.0
U72,P316,5.0
U72,P362,33.0
U72,P378,3.0
U72,P387,5.0
U72,P396,5.5
U72,P432,5.0
U72,P443,30.0
U72,P459,3.0
U72,P49,5.0
U72,P518,30.0
U72,P558,5.0
U72,P59,0.5
U72,P600,3.0
U72,P609,3.0
U72,P68,5.0
U72,P7,0.5
U72,P81,0.5
U720,P141,0.5
U720,P161,5.0
U720,P167,3.5
U720,P17,30.5
U720,P173,35.5
U720,P180,8.0
U720,P198,33.5
U720,P2,3.0
U720,P204,3.0
U720,P213,0.5
U720,P241,5.0
U720,P244,30.0
U720,P278,3.5
U720,P303,30.0
U720,P343,0.5
U720,P349,0.5
U720,P354,0.5
U720,P378,0.5
U720,P383,30.0
U720,P396,30.0
U720,P403,3.0
U720,P43,30.0
U720,P432,5.0
U720,P443,8.0
U720,P471,30.0
U720,P594,5.0
U720,P611,3.0
U720,P79,3.0
U721,P107,33.0
U721,P11,30.0
U721,P149,0.5
U721,P166,5.0
U721,P176,6.0
U721,P185,5.0
U721,P190,5.5
U721,P198,0.5
U721,P2,0.5
U721,P217,3.0
U721,P232,5.0
U721,P243,0.5
U721,P255,3.0
U721,P261,3.0
U721,P273,0.5
U721,P280,0.5
U721,P296,5.0
U721,P297,1.0
U721,P30,0.5
U721,P303,3.0
U721,P34,30.0
U721,P35,3.0
U721,P354,3.0
U721,P372,0.5
U721,P375,30.0
U721,P378,30.5
U721,P379,0.5
U721,P387,3.0
U721,P396,0.5
U721,P415,5.0
U721,P417,8.5
U721,P42,30.0
U721,P422,3.0
U721,P432,3.0
U721,P443,3.0
U721,P45,3.5
U721,P458,3.0
U721,P465,3.0
U721,P479,8.0
U721,P49,0.5
U721,P494,5.0
U721,P52,5.5
U721,P546,3.0
U721,P560,30.0
U721,P612,3.0
U721,P615,30.0
U721,P621,8.0
U721,P648,0.5
U721,P69,3.0
U721,P79,5.0
U721,P80,3.0
U723,P124,33.0
U723,P149,5.5
U723,P156,3.0
U723,P161,5.0
U723,P170,30.0
U723,P174,0.5
U723,P18,3.0
U723,P180,0.5
U723,P183,3.0
U723,P187,5.0
U723,P198,10.0
U723,P207,3.0
U723,P214,3.0
U723,P220,0.5
U723,P232,0.5
U723,P255,3.0
U723,P286,33.0
U723,P343,60.0
U723,P362,3.0
U723,P379,3.0
U723,P41,33.0
U723,P423,5.0
U723,P447,33.0
U723,P49,5.0
U723,P55,30.0
U723,P567,30.5
U723,P576,30.0
U723,P68,8.0
U723,P76,30.0
U723,P85,3.0
U723,P92,30.0
U725,P122,3.0
U725,P124,5.0
U725,P141,3.5
U725,P150,0.5
U725,P161,35.5
U725,P18,0.5
U725,P206,6.0
U725,P232,30.0
U725,P255,30.0
U725,P261,5.0
U725,P283,3.0
U725,P326,0.5
U725,P355,3.0
U725,P379,30.0
U725,P39,3.0
U725,P394,0.5
U725,P404,30.0
U725,P41,30.5
U725,P415,35.0
U725,P422,0.5
U725,P444,0.5
U725,P469,5.0
U725,P480,3.0
U725,P506,3.0
U725,P530,5.0
U725,P55,3.5
U725,P567,5.0
U725,P576,0.5
U725,P589,30.0
U725,P623,30.0
U725,P632,33.0
U725,P639,8.0
U725,P73,30.0
U725,P74,30.0
U725,P79,5.5
U725,P92,0.5
U726,P107,33.0
U726,P127,3.0
U726,P136,60.0
U726,P165,0.5
U726,P17,3.0
U726,P173,6.0
U726,P178,30.0
U726,P198,0.5
U726,P2,33.0
U726,P217,33.5
U726,P221,3.0
U726,P238,3.5
U726,P244,3.5
U726,P263,5.0
U726,P27,0.5
U726,P278,5.0
U726,P294,30.0
U726,P303,6.0
U726,P315,14.0
U726,P32,30.0
U726,P322,5.5
U726,P354,30.0
U726,P362,0.5
U726,P387,5.5
U726,P396,33.0
U726,P443,8.0
U726,P48,5.0
U726,P518,30.0
U726,P550,33.0
U726,P554,0.5
U726,P61,30.5
U726,P62,30.0
U726,P68,5.0
U726,P76,3.0
U726,P79,4.0
U726,P98,5.0
U729,P103,3.0
U729,P114,30.0
U729,P122,5.0
U729,P13,30.0
U729,P140,3.0
U729,P167,0.5
U729,P206,0.5
U729,P207,30.0
U729,P210,30.0
U729,P232,3.0
U729,P25,30.0
U729,P261,5.0
U729,P321,5.0
U729,P362,5.0
U729,P379,3.5
U729,P41,0.5
U729,P468,3.0
U729,P490,30.0
U729,P503,3.0
U729,P530,5.0
U729,P540,30.0
U729,P576,0.5
U729,P623,5.0
U729,P648,5.0
U729,P68,15.0
U73,P136,30.0
U73,P17,8.0
U73,P170,5.0
U73,P180,5.0
U73,P2,5.5
U73,P212,0.5
U73,P238,0.5
U73,P241,30.5
U73,P259,35.0
U73,P278,0.5
U73,P362,30.0
U73,P378,3.0
U73,P396,0.5
U73,P429,3.0
U73,P437,30.0
U73,P48,3.0
U73,P511,0.5
U73,P611,0.5
U73,P62,30.0
U73,P68,33.0
U73,P78,3.0
U73,P79,5.0
U73,P81,9.0
U73,P94,3.5
U731,P102,3.0
U731,P135,3.0
U731,P136,3.0
U731,P149,0.5
U731,P17,0.5
U731,P180,30.0
U731,P206,5.0
U731,P207,3.0
U731,P232,0.5
U731,P293,0.5
U731,P339,3.0
U731,P49,5.0
U731,P503,3.0
U731,P530,0.5
U731,P547,0.5
U731,P564,30.0
U731,P591,0.5
U731,P623,5.0
U732,P124,5.0
U732,P174,5.0
U732,P247,5.0
U732,P34,0.5
U732,P359,5.0
U732,P372,30.0
U732,P42,8.0
U732,P481,3.0
U732,P52,30.0
U732,P572,5.0
U732,P621,3.0
U733,P111,30.0
U733,P13,5.0
U733,P147,3.0
U733,P149,3.0
U733,P166,30.0
U733,P176,5.0
U733,P198,0.5
U733,P206,0.5
U733,P240,30.0
U733,P247,30.0
U733,P25,0.5
U733,P255,30.0
U733,P278,0.5
U733,P28,5.0
U733,P297,5.0
U733,P318,30.0
U733,P321,30.0
U733,P34,5.0
U733,P362,3.0
U733,P372,30.0
U733,P42,3.0
U733,P422,5.0
U733,P451,3.0
U733,P471,5.0
U733,P477,0.5
U733,P530,3.0
U733,P576,0.5
U733,P580,0.5
U733,P615,1.0
U733,P621,3.0
U733,P623,8.0
U733,P648,0.5
U733,P68,0.5
U733,P69,30.0
U733,P98,30.0
U734,P103,30.0
U734,P104,3.0
U734,P107,3.0
U734,P117,0.5
U734,P135,30.0
U734,P141,0.5
U734,P168,5.0
U734,P17,5.5
U734,P173,5.0
U734,P185,0.5
U734,P198,3.5
U734,P206,3.0
U734,P232,5.0
U734,P238,3.0
U734,P241,6.0
U734,P258,0.5
U734,P278,3.0
U734,P387,3.0
U734,P49,0.5
U734,P552,5.0
U734,P57,3.0
U734,P611,3.0
U734,P615,30.0
U734,P623,8.0
U734,P630,3.0
U734,P81,0.5
U734,P92,0.5
U734,P98,6.5
U735,P103,3.5
U735,P124,10.0
U735,P136,8.0
U735,P140,30.0
U735,P141,5.0
U735,P17,0.5
U735,P180,30.5
U735,P185,5.0
U735,P206,0.5
U735,P208,30.0
U735,P219,5.0
U735,P240,30.5
U735,P244,5.0
U735,P261,5.0
U735,P286,0.5
U735,P300,0.5
U735,P321,3.0
U735,P369,30.0
U735,P379,0.5
U735,P396,0.5
U735,P423,0.5
U735,P440,3.0
U735,P447,5.0
U735,P522,30.0
U735,P537,5.0
U735,P55,30.0
U735,P642,0.5
U735,P92,0.5
U738,P107,30.0
U738,P136,0.5
U738,P141,30.0
U738,P143,0.5
U738,P166,30.0
U738,P167,5.0
U738,P170,3.0
U738,P172,3.0
U738,P2,30.0
U738,P207,0.5
U738,P210,0.5
U738,P217,8.0
U738,P243,30.0
U738,P244,0.5
U738,P268,30.0
U738,P278,1.0
U738,P28,3.5
U738,P316,30.0
U738,P34,33.0
U738,P341,30.0
U738,P353,5.5
U738,P354,30.0
U738,P369,5.0
U738,P379,3.5
U738,P396,30.0
U738,P416,3.0
U738,P42,5.5
U738,P422,3.0
U738,P451,3.0
U738,P479,3.0
U738,P503,3.0
U738,P511,5.0
U738,P52,3.0
U738,P540,0.5
U738,P588,3.0
U738,P591,30.0
U738,P621,3.0
U738,P625,30.0
U738,P68,30.0
U739,P129,5.0
U739,P183,5.0
U739,P2,5.0
U739,P217,0.5
U739,P241,30.0
U739,P247,3.0
U739,P286,8.0
U739,P315,0.5
U739,P354,3.0
U739,P362,0.5
U739,P387,3.5
U739,P432,5.0
U739,P443,30.5
U739,P471,3.0
U739,P502,0.5
U739,P511,30.0
U739,P572,3.0
U739,P575,0.5
U739,P61,30.0
U739,P68,0.5
U739,P81,10.0
U74,P122,0.5
U74,P124,3.5
U74,P13,30.0
U74,P130,3.0
U74,P136,30.0
U74,P170,3.0
U74,P198,5.0
U74,P207,3.0
U74,P208,3.0
U74,P219,0.5
U74,P232,3.0
U74,P238,60.0
U74,P259,3.0
U74,P286,0.5
U74,P299,3.0
U74,P315,0.5
U74,P32,3.0
U74,P339,3.0
U74,P362,0.5
U74,P379,35.0
U74,P391,5.0
U74,P451,0.5
U74,P530,5.0
U74,P543,0.5
U74,P558,30.0
U74,P567,5.0
U74,P576,0.5
U74,P61,30.0
U74,P645,30.0
U74,P98,3.0
U740,P107,0.5
U740,P15,0.5
U740,P167,5.0
U740,P217,5.0
U740,P22,0.5
U740,P241,30.0
U740,P243,5.0
U740,P244,0.5
U740,P265,5.0
U740,P28,0.5
U740,P303,30.0
U740,P309,0.5
U740,P337,0.5
U740,P353,4.0
U740,P354,5.0
U740,P371,3.0
U740,P378,5.0
U740,P387,3.0
U740,P415,5.0
U740,P417,0.5
U740,P422,0.5
U740,P479,3.0
U740,P487,30.5
U740,P511,3.0
U740,P52,1.0
U740,P540,0.5
U740,P550,3.5
U740,P557,0.5
U740,P606,5.0
U740,P61,3.5
U740,P619,5.0
U740,P621,5.0
U740,P627,0.5
U740,P648,30.5
U741,P103,0.5
U741,P149,5.5
U741,P154,3.0
U741,P161,30.0
U741,P166,8.5
U741,P180,3.0
U741,P198,3.0
U741,P206,5.0
U741,P208,5.0
U741,P217,5.0
U741,P232,30.0
U741,P240,30.5
U741,P241,30.0
U741,P247,0.5
U741,P255,5.0
U741,P271,0.5
U741,P298,5.0
U741,P321,5.0
U741,P33,3.0
U741,P339,0.5
U741,P379,0.5
U741,P396,0.5
U741,P447,5.5
U741,P530,3.0
U741,P555,5.0
U741,P567,5.0
U741,P572,5.0
U741,P583,30.0
U741,P593,0.5
U741,P615,6.0
U741,P623,10.0
U741,P632,30.0
U741,P639,10.5
U741,P645,30.0
U741,P68,1.0
U741,P81,30.0
U741,P86,5.0
U741,P92,30.0
U741,P98,5.0
U742,P136,5.0
U742,P141,3.0
U742,P17,30.0
U742,P185,30.5
U742,P238,0.5
U742,P343,3.0
U742,P353,3.0
U742,P42,5.0
U742,P47,5.0
U742,P49,6.0
U742,P52,0.5
U742,P627,30.0
U743,P149,3.0
U743,P150,30.0
U743,P176,33.0
U743,P180,0.5
U743,P208,3.0
U743,P209,30.0
U743,P217,6.0
U743,P221,0.5
U743,P309,5.0
U743,P313,3.0
U743,P315,0.5
U743,P318,30.0
U743,P330,5.5
U743,P354,3.0
U743,P356,30.0
U743,P374,3.0
U743,P396,30.0
U743,P415,5.5
U743,P416,30.0
U743,P422,30.5
U743,P425,30.0
U743,P432,0.5
U743,P443,35.0
U743,P451,3.0
U743,P471,5.0
U743,P49,30.0
U743,P509,0.5
U743,P54,0.5
U743,P560,30.0
U743,P61,5.0
U743,P615,30.0
U743,P621,3.0
U743,P69,3.0
U743,P83,5.0
U743,P98,0.5
U745,P103,5.0
U745,P124,6.0
U745,P141,3.0
U745,P149,3.0
U745,P156,35.0
U745,P161,8.0
U745,P166,30.5
U745,P170,0.5
U745,P185,30.0
U745,P207,36.0
U745,P219,3.0
U745,P25,3.0
U745,P255,5.0
U745,P286,0.5
U745,P339,3.0
U745,P379,3.0
U745,P41,4.0
U745,P447,30.0
U745,P451,0.5
U745,P485,3.0
U745,P491,0.5
U745,P503,5.5
U745,P530,5.0
U745,P572,5.5
U745,P576,35.0
U745,P583,35.0
U745,P615,0.5
U745,P639,30.5
U746,P103,3.0
U746,P118,30.0
U746,P124,3.0
U746,P136,5.0
U746,P163,30.0
U746,P167,3.0
U746,P173,10.0
U746,P174,6.0
U746,P180,3.0
U746,P198,3.0
U746,P2,3.0
U746,P212,3.0
U746,P220,3.0
U746,P241,35.0
U746,P259,5.0
U746,P286,3.0
U746,P303,3.0
U746,P315,30.0
U746,P316,5.0
U746,P327,3.0
U746,P330,5.0
U746,P34,30.0
U746,P354,3.0
U746,P378,5.0
U746,P387,5.0
U746,P432,30.0
U746,P447,1.0
U746,P471,30.0
U746,P481,0.5
U746,P550,11.0
U746,P572,0.5
U746,P604,5.0
U746,P61,8.0
U746,P648,0.5
U746,P68,0.5
U746,P84,5.0
U746,P98,3.0
U748,P101,3.0
U748,P116,3.0
U748,P13,30.0
U748,P141,3.0
U748,P167,3.0
U748,P190,30.0
U748,P262,5.0
U748,P278,3.0
U748,P297,5.0
U748,P30,3.0
U748,P320,30.0
U748,P34,0.5
U748,P362,3.0
U748,P380,5.0
U748,P417,3.0
U748,P422,0.5
U748,P444,30.0
U748,P479,0.5
U748,P487,3.0
U748,P511,5.0
U748,P536,0.5
U748,P540,30.5
U748,P55,0.5
U748,P606,3.0
U748,P621,30.0
U748,P627,3.5
U748,P648,30.0
U748,P80,3.0
U748,P81,5.0
U75,P124,5.5
U75,P13,0.5
U75,P166,0.5
U75,P176,5.0
U75,P179,0.5
U75,P206,3.0
U75,P208,0.5
U75,P232,5.0
U75,P240,8.0
U75,P255,30.0
U75,P261,35.0
U75,P320,30.0
U75,P321,13.0
U75,P339,0.5
U75,P417,0.5
U75,P444,30.0
U75,P477,0.5
U75,P503,30.0
U75,P530,5.5
U75,P55,30.0
U75,P572,5.5
U75,P574,0.5
U75,P623,8.0
U75,P627,0.5
U75,P645,5.0
U75,P73,5.0
U75,P92,33.0
U750,P107,3.0
U750,P165,33.0
U750,P172,3.0
U750,P173,3.0
U750,P176,5.0
U750,P190,3.0
U750,P217,5.0
U750,P241,3.5
U750,P243,0.5
U750,P244,30.0
U750,P28,0.5
U750,P280,5.0
U750,P297,0.5
U750,P353,0.5
U750,P354,0.5
U750,P372,5.5
U750,P378,0.5
U750,P415,3.0
U750,P417,30.5
U750,P42,3.0
U750,P422,8.0
U750,P432,0.5
U750,P479,0.5
U750,P52,30.0
U750,P540,35.0
U750,P606,30.0
U750,P621,30.0
U750,P627,3.0
U750,P628,30.0
U750,P69,5.0
U750,P98,30.0
U752,P104,0.5
U752,P114,5.0
U752,P136,30.0
U752,P140,3.0
U752,P149,60.0
U752,P158,3.0
U752,P166,30.0
U752,P17,3.0
U752,P173,30.0
U752,P176,0.5
U752,P180,3.0
U752,P187,3.0
U752,P198,0.5
U752,P206,3.0
U752,P209,30.0
U752,P215,0.5
U752,P217,3.0
U752,P223,3.0
U752,P232,0.5
U752,P240,1.0
U752,P321,30.0
U752,P338,3.0
U752,P339,3.0
U752,P360,0.5
U752,P362,3.0
U752,P379,0.5
U752,P382,30.0
U752,P427,3.0
U752,P440,5.0
U752,P449,0.5
U752,P45,3.0
U752,P451,0.5
U752,P469,0.5
U752,P471,33.0
U752,P49,0.5
U752,P503,0.5
U752,P567,3.0
U752,P576,10.0
U752,P623,5.0
U752,P631,5.0
U752,P632,8.0
U752,P638,3.0
U752,P639,5.0
U752,P79,0.5
U752,P92,30.0
U752,P93,5.0
U752,P98,0.5
U753,P107,10.0
U753,P124,30.0
U753,P167,0.5
U753,P174,3.0
U753,P2,3.0
U753,P241,30.0
U753,P243,13.0
U753,P259,3.0
U753,P28,60.0
U753,P297,3.0
U753,P303,38.0
U753,P315,30.0
U753,P327,0.5
U753,P348,30.0
U753,P354,0.5
U753,P360,3.0
U753,P378,3.0
U753,P387,30.0
U753,P415,30.0
U753,P417,5.0
U753,P443,8.5
U753,P487,3.0
U753,P509,0.5
U753,P511,5.0
U753,P517,0.5
U753,P560,3.0
U753,P621,5.5
U753,P627,8.5
U753,P632,0.5
U753,P639,0.5
U753,P648,30.0
U753,P69,30.0
U753,P79,0.5
U754,P103,13.0
U754,P128,5.0
U754,P167,0.5
U754,P17,10.5
U754,P173,1.0
U754,P180,3.5
U754,P185,3.0
U754,P198,6.0
U754,P217,0.5
U754,P230,30.0
U754,P243,0.5
U754,P278,3.0
U754,P298,0.5
U754,P303,3.0
U754,P315,30.0
U754,P344,5.0
U754,P349,0.5
U754,P354,0.5
U754,P381,30.0
U754,P387,3.0
U754,P420,3.0
U754,P432,30.0
U754,P464,0.5
U754,P471,0.5
U754,P474,5.0
U754,P488,0.5
U754,P49,30.5
U754,P511,30.0
U754,P518,0.5
U754,P553,0.5
U754,P59,3.0
U754,P61,30.0
U754,P65,0.5
U754,P76,0.5
U754,P79,5.0
U754,P80,5.0
U754,P98,3.5
U755,P122,0.5
U755,P13,65.0
U755,P140,35.0
U755,P161,0.5
U755,P240,5.0
U755,P286,0.5
U755,P291,0.5
U755,P320,0.5
U755,P376,3.0
U755,P447,30.0
U755,P449,30.0
U755,P451,0.5
U755,P503,5.0
U755,P567,30.5
U755,P576,1.0
U755,P605,5.0
U755,P623,30.0
U755,P74,0.5
U755,P92,5.0
U758,P107,0.5
U758,P141,31.0
U758,P173,35.0
U758,P198,0.5
U758,P216,30.0
U758,P230,3.0
U758,P238,3.0
U758,P241,0.5
U758,P259,5.0
U758,P303,5.0
U758,P315,0.5
U758,P343,5.0
U758,P354,60.5
U758,P362,30.5
U758,P400,3.0
U758,P416,5.0
U758,P443,0.5
U758,P499,0.5
U758,P511,30.0
U758,P550,30.5
U758,P575,0.5
U758,P59,30.0
U758,P61,30.0
U759,P107,3.0
U759,P136,3.0
U759,P147,30.0
U759,P167,3.0
U759,P17,35.5
U759,P180,60.0
U759,P198,30.0
U759,P2,30.5
U759,P209,5.0
U759,P212,30.0
U759,P217,3.5
U759,P241,5.0
U759,P259,8.5
U759,P278,0.5
U759,P303,3.0
U759,P337,30.0
U759,P354,60.0
U759,P378,1.0
U759,P47,5.0
U759,P483,0.5
U759,P49,30.0
U759,P575,30.0
U759,P81,5.5
U76,P107,30.0
U76,P124,5.0
U76,P13,3.0
U76,P140,5.0
U76,P149,5.0
U76,P161,3.0
U76,P162,0.5
U76,P193,5.0
U76,P207,0.5
U76,P228,0.5
U76,P232,30.0
U76,P281,3.0
U76,P379,3.0
U76,P387,0.5
U76,P41,0.5
U76,P412,3.0
U76,P432,5.0
U76,P443,30.0
U76,P447,6.5
U76,P462,0.5
U76,P468,3.0
U76,P503,11.0
U76,P522,3.5
U76,P55,34.0
U76,P572,6.0
U76,P576,8.0
U76,P583,3.0
U76,P623,33.0
U76,P632,3.0
U76,P639,3.0
U76,P92,5.0
U760,P107,0.5
U760,P130,3.0
U760,P170,0.5
U760,P173,3.5
U760,P185,30.0
U760,P198,30.0
U760,P2,0.5
U760,P203,3.0
U760,P217,3.0
U760,P231,3.0
U760,P238,5.0
U760,P241,0.5
U760,P243,15.0
U760,P259,0.5
U760,P278,5.0
U760,P303,5.0
U760,P318,0.5
U760,P32,0.5
U760,P349,3.0
U760,P362,5.0
U760,P378,3.0
U760,P387,3.0
U760,P432,0.5
U760,P471,5.5
U760,P49,9.0
U760,P50,3.0
U760,P526,5.0
U760,P575,3.0
U760,P58,3.0
U760,P61,0.5
U760,P611,5.0
U760,P68,3.0
U760,P79,30.0
U761,P122,30.0
U761,P124,3.5
U761,P13,5.0
U761,P166,3.0
U761,P174,35.0
U761,P185,35.0
U761,P210,0.5
U761,P232,3.0
U761,P240,3.0
U761,P255,0.5
U761,P261,30.5
U761,P286,5.0
U761,P318,3.0
U761,P321,3.0
U761,P339,3.0
U761,P379,30.5
U761,P41,3.0
U761,P424,0.5
U761,P447,3.0
U761,P451,30.0
U761,P530,1.0
U761,P55,30.0
U761,P567,5.0
U761,P572,10.0
U761,P576,30.0
U761,P583,0.5
U761,P588,3.0
U761,P615,0.5
U761,P623,30.0
U761,P639,0.5
U761,P645,3.0
U761,P92,30.0
U762,P107,30.0
U762,P121,0.5
U762,P127,0.5
U762,P140,3.0
U762,P141,10.0
U762,P17,3.0
U762,P170,30.0
U762,P173,30.0
U762,P198,5.0
U762,P2,5.0
U762,P217,0.5
U762,P241,33.0
U762,P243,0.5
U762,P259,5.0
U762,P273,3.0
U762,P278,65.0
U762,P303,30.0
U762,P315,33.0
U762,P362,3.0
U762,P387,0.5
U762,P432,0.5
U762,P437,5.5
U762,P443,5.5
U762,P459,5.0
U762,P499,5.0
U762,P575,0.5
U762,P62,3.0
U762,P642,30.0
U762,P645,3.0
U762,P78,5.0
U762,P79,30.0
U762,P81,35.0
U763,P124,30.0
U763,P140,5.0
U763,P146,0.5
U763,P180,6.0
U763,P185,3.0
U763,P217,5.0
U763,P237,3.0
U763,P259,3.0
U763,P266,3.0
U763,P303,0.5
U763,P337,0.5
U763,P429,5.0
U763,P572,3.0
U763,P581,5.0
U763,P645,0.5
U764,P10,30.0
U764,P114,3.0
U764,P121,0.5
U764,P122,5.0
U764,P13,3.0
U764,P166,0.5
U764,P170,5.0
U764,P174,0.5
U764,P180,5.0
U764,P207,8.0
U764,P232,0.5
U764,P245,30.0
U764,P247,30.0
U764,P25,0.5
U764,P261,5.0
U764,P286,5.0
U764,P306,30.0
U764,P379,0.5
U764,P399,5.0
U764,P41,5.0
U764,P429,5.0
U764,P43,0.5
U764,P447,3.0
U764,P472,0.5
U764,P523,30.0
U764,P567,3.0
U764,P572,5.0
U764,P58,3.0
U764,P592,5.0
U764,P632,5.0
U764,P639,0.5
U764,P73,30.0
U765,P104,3.0
U765,P124,3.0
U765,P135,5.0
U765,P166,7.0
U765,P173,5.0
U765,P174,9.0
U765,P2,30.0
U765,P206,3.0
U765,P207,0.5
U765,P208,3.0
U765,P240,3.0
U765,P247,0.5
U765,P255,0.5
U765,P259,3.0
U765,P264,5.5
U765,P298,5.0
U765,P339,30.5
U765,P378,30.0
U765,P403,0.5
U765,P41,0.5
U765,P442,5.0
U765,P447,3.5
U765,P449,5.0
U765,P451,30.0
U765,P5,3.0
U765,P50,0.5
U765,P503,4.0
U765,P525,5.0
U765,P575,30.0
U765,P576,0.5
U765,P583,0.5
U765,P589,5.0
U765,P590,30.0
U765,P592,3.0
U765,P593,5.0
U765,P615,1.0
U765,P620,30.0
U765,P623,0.5
U765,P639,30.5
U765,P84,3.0
U765,P9,30.0
U765,P92,5.0
U766,P103,4.0
U766,P115,30.0
U766,P118,5.0
U766,P13,0.5
U766,P136,0.5
U766,P173,8.0
U766,P174,5.0
U766,P178,30.0
U766,P180,0.5
U766,P185,0.5
U766,P198,33.0
U766,P2,3.0
U766,P207,30.0
U766,P209,3.0
U766,P217,9.0
U766,P228,3.0
U766,P232,3.0
U766,P236,3.0
U766,P238,3.0
U766,P241,8.0
U766,P244,3.0
U766,P255,5.0
U766,P259,3.0
U766,P278,3.0
U766,P31,0.5
U766,P315,3.5
U766,P336,30.0
U766,P339,0.5
U766,P354,33.5
U766,P378,3.5
U766,P387,8.5
U766,P390,0.5
U766,P447,3.0
U766,P471,6.5
U766,P49,0.5
U766,P511,0.5
U766,P53,0.5
U766,P548,3.0
U766,P55,3.0
U766,P560,0.5
U766,P575,3.0
U766,P576,3.0
U766,P583,30.0
U766,P623,5.5
U766,P68,0.5
U766,P79,0.5
U766,P81,5.5
U766,P99,0.5
U767,P107,3.0
U767,P124,5.0
U767,P127,3.0
U767,P161,0.5
U767,P166,3.0
U767,P167,3.0
U767,P17,3.0
U767,P173,30.0
U767,P174,30.0
U767,P190,35.0
U767,P2,5.0
U767,P207,3.0
U767,P208,5.0
U767,P217,30.0
U767,P232,0.5
U767,P240,30.0
U767,P241,30.0
U767,P243,11.0
U767,P255,3.0
U767,P259,3.0
U767,P28,30.0
U767,P300,0.5
U767,P315,3.0
U767,P34,30.0
U767,P353,3.0
U767,P378,0.5
U767,P415,0.5
U767,P42,0.5
U767,P422,3.5
U767,P432,5.0
U767,P443,10.0
U767,P486,30.0
U767,P503,30.0
U767,P52,30.0
U767,P530,0.5
U767,P540,3.0
U767,P575,35.0
U767,P576,5.0
U767,P583,5.0
U767,P599,3.0
U767,P609,30.0
U767,P615,0.5
U767,P621,0.5
U767,P634,3.0
U767,P645,33.0
U767,P74,0.5
U767,P81,30.0
U767,P98,3.0
U769,P124,30.5
U769,P140,1.0
U769,P161,3.0
U769,P166,0.5
U769,P174,6.0
U769,P207,3.0
U769,P219,30.0
U769,P232,3.0
U769,P247,33.0
U769,P259,3.0
U769,P261,30.0
U769,P286,6.5
U769,P293,3.0
U769,P303,30.0
U769,P315,5.0
U769,P339,1.0
U769,P359,30.0
U769,P367,0.5
U769,P41,6.5
U769,P423,30.5
U769,P430,30.0
U769,P435,5.0
U769,P440,3.0
U769,P447,5.0
U769,P451,3.0
U769,P491,3.0
U769,P511,0.5
U769,P55,30.0
U769,P550,3.0
U769,P567,0.5
U769,P572,5.0
U769,P576,0.5
U769,P583,0.5
U769,P6,5.0
U769,P615,0.5
U769,P632,6.0
U769,P639,33.5
U769,P641,3.0
U769,P645,38.0
U769,P68,3.5
U769,P89,5.0
U769,P9,30.0
U769,P98,30.0
U77,P122,30.0
U77,P141,5.0
U77,P173,30.0
U77,P185,8.0
U77,P207,5.0
U77,P217,3.0
U77,P232,3.0
U77,P234,3.0
U77,P244,3.0
U77,P254,3.0
U77,P259,3.0
U77,P278,0.5
U77,P373,3.0
U77,P396,3.0
U77,P432,31.0
U77,P443,0.5
U77,P451,5.5
U77,P48,0.5
U77,P507,5.0
U77,P550,70.0
U77,P625,3.0
U77,P630,0.5
U77,P71,5.0
U77,P81,0.5
U771,P118,0.5
U771,P130,5.0
U771,P149,3.0
U771,P169,30.0
U771,P17,0.5
U771,P173,30.0
U771,P180,0.5
U771,P204,0.5
U771,P217,0.5
U771,P232,0.5
U771,P243,3.0
U771,P244,5.0
U771,P255,3.0
U771,P278,0.5
U771,P315,0.5
U771,P341,5.0
U771,P348,0.5
U771,P396,5.0
U771,P432,3.5
U771,P471,0.5
U771,P497,5.0
U771,P511,30.0
U771,P550,35.0
U771,P61,33.0
U771,P623,5.0
U771,P73,3.0
U771,P79,3.0
U771,P81,5.0
U772,P107,0.5
U772,P117,0.5
U772,P130,30.0
U772,P198,0.5
U772,P2,0.5
U772,P238,30.0
U772,P241,3.0
U772,P259,3.5
U772,P278,30.0
U772,P298,30.0
U772,P315,30.0
U772,P348,0.5
U772,P354,0.5
U772,P385,3.0
U772,P432,0.5
U772,P443,8.0
U772,P471,30.5
U772,P497,3.0
U772,P575,5.0
U772,P61,3.5
U772,P78,0.5
U772,P81,30.0
U773,P103,30.5
U773,P107,30.5
U773,P141,33.0
U773,P17,35.0
U773,P170,6.5
U773,P173,30.0
U773,P180,3.5
U773,P198,3.0
U773,P2,10.0
U773,P203,0.5
U773,P241,11.0
U773,P243,0.5
U773,P244,6.0
U773,P254,3.0
U773,P259,30.0
U773,P271,30.0
U773,P273,30.0
U773,P303,5.0
U773,P305,30.0
U773,P315,13.0
U773,P354,8.0
U773,P362,5.0
U773,P372,0.5
U773,P378,3.5
U773,P386,3.0
U773,P387,66.5
U773,P390,30.0
U773,P416,5.0
U773,P443,3.0
U773,P471,8.0
U773,P482,0.5
U773,P502,5.0
U773,P511,3.5
U773,P54,3.0
U773,P550,30.5
U773,P575,3.0
U773,P6,0.5
U773,P61,3.0
U773,P636,0.5
U773,P68,30.0
U773,P69,0.5
U773,P79,38.0
U773,P98,3.0
U774,P166,30.0
U774,P170,0.5
U774,P173,30.0
U774,P180,0.5
U774,P198,0.5
U774,P207,5.0
U774,P217,3.0
U774,P232,3.0
U774,P234,30.0
U774,P238,0.5
U774,P243,0.5
U774,P259,0.5
U774,P272,3.0
U774,P28,8.0
U774,P297,0.5
U774,P335,0.5
U774,P34,3.0
U774,P353,3.0
U774,P354,3.0
U774,P361,0.5
U774,P378,3.5
U774,P380,0.5
U774,P396,0.5
U774,P41,0.5
U774,P415,0.5
U774,P417,30.5
U774,P42,1.0
U774,P441,0.5
U774,P479,35.0
U774,P507,3.0
U774,P51,3.0
U774,P512,0.5
U774,P52,1.0
U774,P536,3.0
U774,P572,0.5
U774,P575,5.0
U774,P593,3.0
U774,P612,0.5
U774,P613,3.0
U774,P621,0.5
U774,P627,5.0
U774,P648,0.5
U774,P68,30.0
U774,P69,5.0
U774,P81,3.0
U775,P124,5.0
U775,P141,3.0
U775,P146,30.0
U775,P149,0.5
U775,P167,30.0
U775,P174,3.0
U775,P176,0.5
U775,P180,30.0
U775,P187,3.0
U775,P190,1.0
U775,P206,0.5
U775,P238,3.0
U775,P240,30.0
U775,P247,30.0
U775,P255,3.0
U775,P286,3.0
U775,P297,0.5
U775,P320,0.5
U775,P339,0.5
U775,P356,3.0
U775,P404,30.0
U775,P494,0.5
U775,P495,0.5
U775,P503,1.0
U775,P526,3.0
U775,P530,30.0
U775,P540,5.0
U775,P567,30.0
U775,P572,5.0
U775,P583,3.0
U775,P615,3.0
U775,P623,3.0
U775,P632,5.0
U775,P64,0.5
U775,P68,0.5
U775,P81,30.0
U775,P92,5.0
U778,P122,33.0
U778,P124,0.5
U778,P13,0.5
U778,P140,30.0
U778,P149,5.5
U778,P166,5.0
U778,P168,30.0
U778,P174,0.5
U778,P206,0.5
U778,P247,38.5
U778,P261,30.5
U778,P286,3.0
U778,P34,5.0
U778,P353,0.5
U778,P379,30.0
U778,P382,0.5
U778,P386,0.5
U778,P428,3.0
U778,P447,0.5
U778,P468,0.5
U778,P477,5.0
U778,P583,0.5
U778,P623,30.0
U778,P639,8.0
U778,P69,0.5
U779,P122,30.5
U779,P190,6.0
U779,P214,0.5
U779,P217,5.0
U779,P244,3.0
U779,P255,30.5
U779,P259,0.5
U779,P297,5.0
U779,P303,3.0
U779,P315,0.5
U779,P327,0.5
U779,P364,0.5
U779,P383,3.0
U779,P387,30.0
U779,P415,5.0
U779,P417,30.0
U779,P42,0.5
U779,P451,35.0
U779,P471,33.0
U779,P479,3.0
U779,P490,0.5
U779,P505,3.0
U779,P511,3.0
U779,P52,0.5
U779,P540,5.0
U779,P576,0.5
U78,P122,0.5
U78,P124,30.0
U78,P13,0.5
U78,P149,0.5
U78,P166,3.0
U78,P174,5.0
U78,P206,35.0
U78,P208,41.5
U78,P214,3.5
U78,P223,3.0
U78,P234,0.5
U78,P240,5.0
U78,P255,5.0
U78,P258,5.0
U78,P261,30.0
U78,P286,3.0
U78,P339,3.5
U78,P354,0.5
U78,P376,0.5
U78,P379,30.0
U78,P41,3.0
U78,P451,33.5
U78,P503,33.0
U78,P530,0.5
U78,P555,3.0
U78,P567,8.0
U78,P572,5.0
U78,P583,5.0
U78,P588,30.0
U78,P592,30.0
U78,P615,8.0
U78,P620,0.5
U78,P623,35.0
U78,P80,5.0
U78,P85,0.5
U78,P92,3.0
U78,P96,30.0
U780,P102,30.0
U780,P103,0.5
U780,P122,3.0
U780,P124,30.0
U780,P140,0.5
U780,P161,0.5
U780,P17,33.0
U780,P174,3.0
U780,P176,5.0
U780,P183,3.0
U780,P185,30.0
U780,P187,0.5
U780,P198,8.0
U780,P207,0.5
U780,P236,5.0
U780,P238,0.5
U780,P247,8.5
U780,P255,0.5
U780,P258,3.0
U780,P278,5.0
U780,P280,0.5
U780,P286,3.0
U780,P303,0.5
U780,P316,30.0
U780,P321,30.0
U780,P352,30.0
U780,P353,30.5
U780,P371,0.5
U780,P381,3.0
U780,P399,0.5
U780,P41,31.0
U780,P428,5.0
U780,P451,3.0
U780,P459,30.0
U780,P518,5.0
U780,P521,3.0
U780,P55,1.5
U780,P567,30.5
U780,P572,30.5
U780,P576,5.5
U780,P583,30.0
U780,P605,3.0
U780,P615,3.0
U780,P627,0.5
U780,P639,36.0
U780,P643,5.5
U780,P645,3.0
U780,P648,30.0
U780,P649,30.0
U780,P68,5.0
U780,P69,0.5
U780,P81,3.5
U780,P93,5.0
U780,P98,3.0
U781,P122,0.5
U781,P124,1.0
U781,P13,3.5
U781,P140,0.5
U781,P161,5.0
U781,P232,0.5
U781,P247,35.0
U781,P255,3.0
U781,P261,3.0
U781,P286,35.0
U781,P321,41.0
U781,P326,5.0
U781,P359,5.0
U781,P41,30.0
U781,P428,5.0
U781,P457,3.0
U781,P474,0.5
U781,P548,3.0
U781,P55,3.0
U781,P559,0.5
U781,P576,10.0
U781,P583,0.5
U781,P632,3.0
U781,P639,3.0
U781,P645,3.5
U781,P84,30.0
U781,P93,33.0
U781,P98,3.0
U782,P107,5.0
U782,P11,30.0
U782,P17,30.0
U782,P172,3.0
U782,P173,3.0
U782,P190,35.0
U782,P2,30.0
U782,P204,30.0
U782,P210,5.0
U782,P217,3.0
U782,P241,0.5
U782,P244,5.0
U782,P259,3.0
U782,P278,6.0
U782,P28,30.0
U782,P303,1.0
U782,P323,3.0
U782,P354,0.5
U782,P362,30.0
U782,P387,3.5
U782,P432,5.0
U782,P471,35.0
U782,P479,5.0
U782,P517,3.0
U782,P519,3.0
U782,P550,36.0
U782,P575,30.0
U782,P621,0.5
U782,P627,30.0
U782,P647,0.5
U782,P79,30.0
U783,P122,3.0
U783,P124,0.5
U783,P13,35.0
U783,P134,5.0
U783,P139,3.0
U783,P140,10.0
U783,P149,10.5
U783,P155,5.0
U783,P156,30.0
U783,P167,30.0
U783,P174,0.5
U783,P176,0.5
U783,P206,0.5
U783,P208,30.0
U783,P247,30.0
U783,P271,0.5
U783,P321,33.5
U783,P342,0.5
U783,P375,5.0
U783,P396,3.0
U783,P402,0.5
U783,P41,3.0
U783,P503,8.0
U783,P525,30.0
U783,P530,3.0
U783,P55,30.0
U783,P553,5.0
U783,P572,1.0
U783,P576,3.0
U783,P58,0.5
U783,P588,5.0
U783,P615,5.0
U783,P621,30.5
U783,P623,0.5
U783,P627,0.5
U783,P632,0.5
U783,P9,3.0
U785,P124,3.0
U785,P149,30.0
U785,P170,0.5
U785,P185,0.5
U785,P191,3.0
U785,P214,3.0
U785,P217,30.0
U785,P232,3.0
U785,P241,3.0
U785,P247,1.0
U785,P261,0.5
U785,P28,3.5
U785,P280,0.5
U785,P286,3.0
U785,P31,30.0
U785,P339,5.0
U785,P353,1.0
U785,P354,5.0
U785,P372,5.0
U785,P379,0.5
U785,P38,3.0
U785,P380,6.0
U785,P387,3.0
U785,P443,0.5
U785,P45,3.0
U785,P451,3.0
U785,P458,0.5
U785,P479,9.5
U785,P49,3.0
U785,P621,30.0
U785,P627,33.5
U785,P639,0.5
U785,P68,3.0
U785,P69,30.5
U785,P92,30.0
U786,P108,0.5
U786,P136,3.0
U786,P167,0.5
U786,P176,0.5
U786,P180,3.0
U786,P185,30.0
U786,P203,0.5
U786,P208,5.0
U786,P232,30.0
U786,P265,30.0
U786,P349,3.0
U786,P362,3.0
U786,P372,5.0
U786,P387,3.0
U786,P396,3.0
U786,P417,30.0
U786,P471,3.0
U786,P49,0.5
U786,P497,5.0
U786,P509,30.0
U786,P511,0.5
U786,P52,30.0
U786,P550,3.0
U786,P575,5.0
U786,P595,3.0
U786,P621,5.0
U786,P623,3.0
U786,P627,33.0
U786,P634,0.5
U786,P68,3.0
U786,P83,3.0
U786,P92,30.0
U786,P98,0.5
U787,P122,0.5
U787,P13,0.5
U787,P140,30.5
U787,P149,5.0
U787,P161,35.0
U787,P182,0.5
U787,P208,30.0
U787,P240,30.0
U787,P247,5.0
U787,P25,0.5
U787,P255,5.0
U787,P261,30.0
U787,P286,8.0
U787,P352,30.0
U787,P395,3.0
U787,P41,3.5
U787,P447,0.5
U787,P449,3.0
U787,P5,0.5
U787,P530,0.5
U787,P55,5.0
U787,P555,0.5
U787,P567,3.0
U787,P572,0.5
U787,P645,0.5
U788,P140,5.0
U788,P149,5.0
U788,P167,0.5
U788,P208,30.0
U788,P214,30.0
U788,P232,33.5
U788,P240,3.0
U788,P243,8.0
U788,P255,0.5
U788,P261,3.0
U788,P271,30.0
U788,P286,0.5
U788,P321,0.5
U788,P390,5.0
U788,P396,5.0
U788,P428,30.0
U788,P451,30.0
U788,P503,5.0
U788,P522,0.5
U788,P530,0.5
U788,P55,0.5
U788,P550,3.0
U788,P567,5.0
U788,P572,3.0
U788,P583,30.0
U788,P615,0.5
U788,P623,8.0
U788,P632,33.0
U788,P638,5.0
U788,P645,0.5
U789,P118,0.5
U789,P167,5.0
U789,P176,3.0
U789,P250,3.0
U789,P28,3.0
U789,P372,3.0
U789,P396,3.0
U789,P417,0.5
U789,P443,3.0
U789,P488,3.0
U789,P49,0.5
U789,P518,0.5
U789,P81,5.0
U789,P83,3.0
U79,P141,0.5
U79,P169,30.0
U79,P17,0.5
U79,P2,5.0
U79,P232,5.5
U79,P244,60.0
U79,P249,5.0
U79,P25,30.0
U79,P262,30.0
U79,P292,3.0
U79,P297,6.0
U79,P298,3.5
U79,P315,30.5
U79,P353,35.0
U79,P375,5.0
U79,P378,3.0
U79,P415,30.0
U79,P42,5.5
U79,P45,30.0
U79,P471,35.0
U79,P479,5.0
U79,P49,63.0
U79,P52,3.0
U79,P540,0.5
U79,P615,5.0
U79,P621,3.0
U79,P627,3.5
U79,P648,30.0
U79,P69,8.0
U79,P72,0.5
U79,P79,6.5
U79,P98,0.5
U790,P107,3.0
U790,P118,0.5
U790,P176,0.5
U790,P196,30.0
U790,P273,30.0
U790,P28,17.5
U790,P30,30.0
U790,P34,3.0
U790,P372,33.0
U790,P415,0.5
U790,P42,0.5
U790,P443,3.0
U790,P479,5.0
U790,P483,30.0
U790,P49,0.5
U790,P52,0.5
U790,P575,33.0
U790,P606,3.5
U790,P61,3.0
U790,P610,30.0
U790,P619,3.0
U790,P622,30.0
U790,P648,3.5
U791,P101,0.5
U791,P109,0.5
U791,P122,3.0
U791,P124,30.0
U791,P13,0.5
U791,P149,5.5
U791,P15,0.5
U791,P164,30.0
U791,P187,0.5
U791,P2,5.0
U791,P206,3.0
U791,P217,5.0
U791,P232,5.5
U791,P237,5.0
U791,P240,5.5
U791,P241,30.0
U791,P255,6.0
U791,P259,30.0
U791,P266,30.0
U791,P278,60.0
U791,P321,60.0
U791,P35,5.0
U791,P372,0.5
U791,P378,0.5
U791,P392,0.5
U791,P443,0.5
U791,P447,3.0
U791,P451,3.0
U791,P48,0.5
U791,P495,0.5
U791,P503,3.0
U791,P52,3.0
U791,P523,0.5
U791,P575,3.0
U791,P576,3.0
U791,P591,3.0
U791,P615,30.5
U791,P627,30.0
U791,P645,3.0
U791,P647,3.0
U791,P81,8.0
U791,P98,6.5
U792,P103,6.0
U792,P107,3.0
U792,P11,30.0
U792,P17,0.5
U792,P173,1.0
U792,P176,3.0
U792,P178,0.5
U792,P190,30.0
U792,P215,5.0
U792,P238,3.0
U792,P259,5.5
U792,P297,30.0
U792,P303,0.5
U792,P311,5.0
U792,P315,33.0
U792,P321,5.0
U792,P34,0.5
U792,P35,3.0
U792,P354,30.0
U792,P374,3.0
U792,P378,30.0
U792,P387,0.5
U792,P415,3.0
U792,P417,30.0
U792,P423,5.0
U792,P443,30.0
U792,P465,30.0
U792,P471,6.0
U792,P488,3.0
U792,P496,0.5
U792,P502,5.5
U792,P575,1.0
U792,P578,30.0
U792,P581,3.0
U792,P607,3.0
U792,P621,4.0
U792,P632,3.0
U792,P648,13.5
U792,P69,0.5
U792,P79,5.0
U792,P98,3.0
U794,P103,5.0
U794,P136,30.0
U794,P167,5.0
U794,P169,0.5
U794,P17,3.5
U794,P173,6.0
U794,P180,8.0
U794,P2,0.5
U794,P217,63.5
U794,P241,0.5
U794,P243,0.5
U794,P244,0.5
U794,P263,30.0
U794,P303,33.0
U794,P309,0.5
U794,P315,0.5
U794,P354,0.5
U794,P392,3.0
U794,P4,30.0
U794,P400,30.0
U794,P443,5.0
U794,P471,1.0
U794,P511,3.0
U794,P515,30.0
U794,P550,65.0
U794,P575,3.5
U794,P61,3.0
U794,P65,3.0
U794,P66,0.5
U794,P68,0.5
U794,P78,5.0
U794,P79,5.0
U794,P80,0.5
U794,P81,1.0
U795,P103,5.5
U795,P107,3.0
U795,P129,30.0
U795,P136,8.0
U795,P141,33.0
U795,P167,5.5
U795,P17,5.0
U795,P170,8.0
U795,P173,5.0
U795,P180,5.0
U795,P2,30.0
U795,P217,35.0
U795,P238,8.5
U795,P243,3.0
U795,P244,30.5
U795,P271,3.0
U795,P278,3.0
U795,P298,3.0
U795,P315,8.5
U795,P32,3.0
U795,P333,0.5
U795,P343,5.0
U795,P354,5.5
U795,P374,0.5
U795,P385,0.5
U795,P387,6.0
U795,P396,0.5
U795,P429,0.5
U795,P432,6.0
U795,P471,3.5
U795,P49,30.0
U795,P507,3.0
U795,P511,8.5
U795,P531,0.5
U795,P575,70.0
U795,P578,30.0
U795,P61,30.5
U795,P68,10.0
U795,P79,0.5
U796,P103,0.5
U796,P107,3.0
U796,P124,3.0
U796,P13,0.5
U796,P173,8.5
U796,P185,30.0
U796,P2,35.0
U796,P204,30.0
U796,P208,30.0
U796,P216,3.0
U796,P217,8.0
U796,P238,3.0
U796,P241,3.5
U796,P247,0.5
U796,P278,3.0
U796,P294,3.0
U796,P315,30.0
U796,P339,0.5
U796,P344,5.0
U796,P354,5.5
U796,P362,3.5
U796,P387,1.0
U796,P394,3.0
U796,P396,3.0
U796,P428,3.0
U796,P437,5.0
U796,P447,0.5
U796,P471,5.0
U796,P472,5.0
U796,P49,10.5
U796,P511,30.0
U796,P531,30.0
U796,P576,3.0
U796,P622,0.5
U796,P630,3.0
U796,P632,5.5
U796,P639,5.0
U796,P76,5.0
U796,P79,1.0
U796,P81,0.5
U797,P180,60.0
U797,P196,0.5
U797,P247,3.0
U797,P352,0.5
U797,P359,0.5
U797,P362,0.5
U797,P367,0.5
U797,P41,0.5
U797,P576,3.0
U797,P583,0.5
U797,P632,3.0
U797,P639,0.5
U797,P645,3.0
U797,P649,3.0
U798,P101,3.0
U798,P107,3.5
U798,P124,3.0
U798,P130,0.5
U798,P136,0.5
U798,P141,60.0
U798,P17,3.0
U798,P176,3.0
U798,P180,1.0
U798,P190,30.0
U798,P198,0.5
U798,P206,3.0
U798,P230,5.0
U798,P240,3.5
U798,P241,3.0
U798,P242,0.5
U798,P243,5.0
U798,P244,0.5
U798,P259,6.0
U798,P273,30.0
U798,P278,3.0
U798,P28,0.5
U798,P309,3.0
U798,P315,1.0
U798,P323,0.5
U798,P337,5.0
U798,P34,3.0
U798,P354,10.0
U798,P362,0.5
U798,P364,3.0
U798,P370,3.0
U798,P387,3.0
U798,P390,30.0
U798,P400,0.5
U798,P405,3.0
U798,P41,0.5
U798,P417,3.0
U798,P432,0.5
U798,P437,30.0
U798,P443,0.5
U798,P458,3.0
U798,P471,5.0
U798,P48,5.0
U798,P511,5.0
U798,P550,3.0
U798,P575,5.5
U798,P576,3.0
U798,P622,5.0
U798,P645,30.0
U798,P649,5.0
U798,P68,0.5
U798,P69,5.0
U798,P78,0.5
U798,P79,33.0
U798,P81,5.0
U799,P124,0.5
U799,P13,6.0
U799,P136,3.0
U799,P146,30.0
U799,P154,5.0
U799,P161,33.0
U799,P170,3.0
U799,P174,65.0
U799,P207,3.0
U799,P208,3.0
U799,P229,30.0
U799,P240,30.0
U799,P244,5.0
U799,P255,3.0
U799,P261,30.5
U799,P266,5.0
U799,P273,3.0
U799,P281,5.0
U799,P286,30.0
U799,P315,5.0
U799,P321,30.0
U799,P379,3.0
U799,P387,30.0
U799,P396,0.5
U799,P398,3.0
U799,P443,3.0
U799,P447,0.5
U799,P450,3.0
U799,P55,30.0
U799,P567,30.5
U799,P583,30.0
U799,P588,3.0
U799,P604,30.0
U799,P615,3.0
U799,P632,5.0
U799,P645,30.0
U799,P79,3.0
U799,P81,3.0
U799,P99,30.0
U8,P136,0.5
U8,P140,0.5
U8,P141,38.5
U8,P17,35.0
U8,P173,0.5
U8,P176,3.0
U8,P180,30.0
U8,P198,30.5
U8,P2,0.5
U8,P230,3.0
U8,P231,30.0
U8,P238,3.0
U8,P259,30.0
U8,P321,3.0
U8,P341,30.0
U8,P343,5.0
U8,P356,30.0
U8,P362,33.0
U8,P398,30.0
U8,P416,30.0
U8,P443,5.0
U8,P451,30.0
U8,P457,30.0
U8,P479,1.0
U8,P511,3.0
U8,P55,6.0
U8,P550,30.0
U8,P57,3.0
U8,P580,3.0
U8,P61,30.5
U80,P13,5.0
U80,P136,0.5
U80,P140,3.0
U80,P17,30.0
U80,P185,60.0
U80,P220,3.0
U80,P223,30.0
U80,P238,1.0
U80,P240,0.5
U80,P244,5.0
U80,P247,0.5
U80,P276,3.0
U80,P321,3.0
U80,P339,1.0
U80,P352,5.0
U80,P359,5.0
U80,P379,0.5
U80,P396,30.0
U80,P399,0.5
U80,P41,5.0
U80,P435,3.0
U80,P451,5.0
U80,P462,5.0
U80,P488,0.5
U80,P567,35.5
U80,P572,30.5
U80,P583,5.0
U80,P632,30.0
U80,P639,5.5
U80,P641,30.0
U80,P645,5.0
U80,P99,3.0
U802,P117,30.0
U802,P122,0.5
U802,P129,0.5
U802,P13,0.5
U802,P140,0.5
U802,P160,0.5
U802,P161,3.0
U802,P166,3.0
U802,P17,5.0
U802,P170,3.0
U802,P190,33.0
U802,P191,5.0
U802,P198,3.0
U802,P206,3.0
U802,P207,30.0
U802,P244,0.5
U802,P315,0.5
U802,P339,4.0
U802,P362,0.5
U802,P395,0.5
U802,P403,0.5
U802,P41,30.0
U802,P417,33.0
U802,P42,0.5
U802,P432,3.0
U802,P451,3.0
U802,P498,3.0
U802,P550,5.0
U802,P567,30.0
U802,P573,30.0
U802,P583,5.0
U802,P621,0.5
U802,P628,30.0
U802,P632,5.0
U802,P645,5.0
U802,P648,0.5
U802,P68,0.5
U802,P69,35.0
U803,P107,30.0
U803,P129,30.0
U803,P15,30.0
U803,P166,0.5
U803,P17,0.5
U803,P173,0.5
U803,P2,3.0
U803,P208,0.5
U803,P210,3.0
U803,P212,3.0
U803,P217,33.0
U803,P221,0.5
U803,P230,5.0
U803,P241,4.5
U803,P243,30.0
U803,P27,0.5
U803,P278,3.0
U803,P282,30.0
U803,P297,33.0
U803,P303,0.5
U803,P309,30.0
U803,P322,5.0
U803,P325,0.5
U803,P327,3.0
U803,P343,3.0
U803,P349,30.0
U803,P373,5.0
U803,P379,0.5
U803,P42,0.5
U803,P432,5.0
U803,P443,1.0
U803,P451,30.0
U803,P471,30.0
U803,P484,3.0
U803,P52,0.5
U803,P550,33.0
U803,P558,3.0
U803,P620,3.0
U803,P621,30.0
U803,P644,30.0
U803,P69,5.0
U803,P78,3.0
U803,P81,0.5
U804,P141,6.0
U804,P161,30.5
U804,P167,5.0
U804,P172,3.0
U804,P174,0.5
U804,P182,3.0
U804,P183,30.0
U804,P190,0.5
U804,P198,3.0
U804,P286,30.0
U804,P298,3.0
U804,P311,5.0
U804,P321,0.5
U804,P336,3.0
U804,P382,30.0
U804,P41,5.0
U804,P412,3.0
U804,P423,0.5
U804,P447,30.0
U804,P49,30.0
U804,P52,3.0
U804,P55,3.0
U804,P572,10.0
U804,P632,5.0
U804,P639,30.5
U804,P642,5.0
U804,P645,8.5
U804,P69,5.0
U804,P74,5.0
U804,P87,5.0
U805,P13,3.0
U805,P149,35.0
U805,P156,3.0
U805,P160,30.0
U805,P161,8.5
U805,P166,3.0
U805,P17,30.0
U805,P174,3.5
U805,P207,0.5
U805,P208,0.5
U805,P247,35.0
U805,P26,5.0
U805,P261,0.5
U805,P265,3.0
U805,P286,0.5
U805,P336,30.0
U805,P37,0.5
U805,P379,5.0
U805,P396,3.0
U805,P435,5.0
U805,P447,5.0
U805,P451,30.0
U805,P485,30.0
U805,P55,3.0
U805,P567,0.5
U805,P576,0.5
U805,P583,3.0
U805,P623,30.0
U805,P632,3.0
U805,P68,3.0
U805,P92,35.0
U805,P93,0.5
U806,P124,5.0
U806,P158,3.0
U806,P161,3.0
U806,P166,5.0
U806,P179,30.0
U806,P206,65.0
U806,P207,8.0
U806,P214,0.5
U806,P223,30.0
U806,P229,3.0
U806,P232,3.0
U806,P240,30.0
U806,P261,0.5
U806,P339,0.5
U806,P369,3.0
U806,P402,6.0
U806,P428,30.0
U806,P447,0.5
U806,P451,3.0
U806,P530,3.5
U806,P9,3.0
U806,P96,30.0
U807,P122,0.5
U807,P124,8.0
U807,P149,3.0
U807,P161,3.5
U807,P166,35.0
U807,P180,3.0
U807,P2,3.0
U807,P206,30.0
U807,P240,3.0
U807,P241,0.5
U807,P255,0.5
U807,P276,30.0
U807,P280,3.0
U807,P286,1.5
U807,P315,3.0
U807,P336,0.5
U807,P339,0.5
U807,P378,30.0
U807,P391,5.0
U807,P397,3.0
U807,P399,3.0
U807,P404,5.0
U807,P41,1.0
U807,P469,3.0
U807,P472,5.0
U807,P49,3.0
U807,P550,30.0
U807,P567,5.0
U807,P572,6.5
U807,P574,0.5
U807,P576,5.0
U807,P61,3.0
U807,P632,3.0
U807,P639,3.5
U807,P92,33.0
U808,P124,3.0
U808,P134,30.0
U808,P140,0.5
U808,P173,30.0
U808,P176,30.0
U808,P216,0.5
U808,P217,3.0
U808,P255,33.0
U808,P297,5.0
U808,P306,3.0
U808,P34,4.0
U808,P35,3.0
U808,P353,8.0
U808,P387,0.5
U808,P405,0.5
U808,P422,0.5
U808,P462,30.0
U808,P468,0.5
U808,P503,5.0
U808,P511,30.0
U808,P52,5.0
U808,P530,8.5
U808,P572,30.0
U808,P627,11.0
U809,P103,6.0
U809,P107,30.0
U809,P117,5.0
U809,P136,3.0
U809,P159,3.0
U809,P167,5.0
U809,P185,33.0
U809,P208,30.0
U809,P216,30.0
U809,P221,3.0
U809,P234,30.0
U809,P244,5.0
U809,P278,0.5
U809,P28,0.5
U809,P294,3.0
U809,P303,0.5
U809,P362,8.0
U809,P378,5.0
U809,P387,30.0
U809,P417,5.0
U809,P432,30.0
U809,P443,3.5
U809,P451,0.5
U809,P461,30.0
U809,P463,30.0
U809,P471,5.0
U809,P479,0.5
U809,P550,30.0
U809,P575,0.5
U809,P621,3.0
U809,P634,30.0
U809,P68,6.5
U809,P79,3.0
U809,P98,3.0
U81,P124,0.5
U81,P136,0.5
U81,P140,0.5
U81,P161,0.5
U81,P176,5.0
U81,P180,0.5
U81,P195,0.5
U81,P198,3.0
U81,P2,3.0
U81,P206,3.0
U81,P207,3.0
U81,P230,3.0
U81,P240,3.0
U81,P241,5.0
U81,P259,3.0
U81,P26,0.5
U81,P272,5.0
U81,P278,30.0
U81,P28,5.0
U81,P281,30.5
U81,P293,0.5
U81,P302,30.0
U81,P316,0.5
U81,P330,30.0
U81,P338,0.5
U81,P339,5.0
U81,P34,3.0
U81,P353,3.0
U81,P387,5.5
U81,P390,3.0
U81,P396,0.5
U81,P401,30.0
U81,P41,0.5
U81,P415,3.0
U81,P42,30.0
U81,P443,0.5
U81,P471,3.5
U81,P503,5.0
U81,P509,0.5
U81,P550,35.0
U81,P564,0.5
U81,P567,3.0
U81,P576,30.0
U81,P587,30.0
U81,P589,3.0
U81,P621,33.5
U81,P632,30.0
U81,P645,3.0
U81,P77,3.0
U81,P79,3.0
U81,P92,5.5
U810,P103,4.0
U810,P136,5.0
U810,P139,3.0
U810,P140,3.0
U810,P141,0.5
U810,P167,3.0
U810,P174,30.5
U810,P198,5.0
U810,P203,0.5
U810,P204,5.0
U810,P217,3.0
U810,P234,30.0
U810,P238,0.5
U810,P241,13.0
U810,P243,0.5
U810,P244,30.0
U810,P278,0.5
U810,P303,30.0
U810,P315,6.5
U810,P316,5.0
U810,P354,6.0
U810,P387,0.5
U810,P41,30.0
U810,P43,3.0
U810,P430,30.0
U810,P432,63.0
U810,P443,8.0
U810,P474,3.0
U810,P484,3.0
U810,P49,3.5
U810,P511,30.0
U810,P54,30.0
U810,P550,4.0
U810,P567,30.0
U810,P575,11.5
U810,P6,3.0
U810,P61,3.0
U810,P647,0.5
U810,P68,5.0
U810,P79,30.0
U811,P107,3.0
U811,P122,3.0
U811,P13,30.0
U811,P140,0.5
U811,P141,0.5
U811,P149,3.0
U811,P164,0.5
U811,P17,5.0
U811,P170,3.5
U811,P180,5.0
U811,P207,5.0
U811,P232,0.5
U811,P261,3.5
U811,P27,0.5
U811,P286,5.0
U811,P297,0.5
U811,P302,5.0
U811,P321,0.5
U811,P339,0.5
U811,P356,3.0
U811,P362,5.0
U811,P372,30.0
U811,P378,30.0
U811,P386,3.0
U811,P42,5.0
U811,P432,0.5
U811,P465,33.0
U811,P49,60.0
U811,P506,0.5
U811,P530,30.0
U811,P537,3.0
U811,P55,3.0
U811,P557,5.0
U811,P572,3.0
U811,P58,30.0
U811,P61,5.5
U811,P610,30.0
U811,P632,4.0
U811,P639,3.0
U811,P65,5.0
U811,P69,3.0
U811,P99,0.5
U812,P122,0.5
U812,P124,0.5
U812,P149,3.0
U812,P161,0.5
U812,P240,5.0
U812,P247,3.0
U812,P286,3.0
U812,P291,3.0
U812,P321,0.5
U812,P339,3.0
U812,P37,30.0
U812,P503,30.0
U812,P530,3.0
U812,P576,30.0
U812,P583,30.0
U812,P86,5.0
U812,P9,5.0
U813,P128,0.5
U813,P17,30.5
U813,P185,5.0
U813,P28,0.5
U813,P297,3.0
U813,P303,3.0
U813,P315,3.0
U813,P34,0.5
U813,P341,5.0
U813,P353,0.5
U813,P354,30.5
U813,P372,3.0
U813,P387,0.5
U813,P392,0.5
U813,P396,0.5
U813,P401,30.0
U813,P415,0.5
U813,P422,10.0
U813,P437,30.0
U813,P471,30.0
U813,P52,30.0
U813,P540,30.0
U813,P575,0.5
U813,P627,3.5
U813,P648,0.5
U816,P136,5.0
U816,P147,3.0
U816,P173,0.5
U816,P176,30.0
U816,P185,35.0
U816,P190,5.0
U816,P198,5.0
U816,P2,60.0
U816,P259,5.0
U816,P278,0.5
U816,P28,35.0
U816,P297,33.0
U816,P298,3.0
U816,P315,60.5
U816,P34,70.0
U816,P353,5.0
U816,P354,3.0
U816,P360,0.5
U816,P363,5.0
U816,P371,5.0
U816,P372,5.0
U816,P387,3.0
U816,P417,30.0
U816,P42,0.5
U816,P44,30.0
U816,P443,3.0
U816,P45,30.0
U816,P465,0.5
U816,P486,0.5
U816,P497,5.0
U816,P511,0.5
U816,P52,30.0
U816,P58,3.0
U816,P597,5.0
U816,P609,3.0
U816,P611,0.5
U816,P636,3.0
U816,P648,30.0
U816,P69,3.0
U816,P98,0.5
U817,P107,5.0
U817,P122,0.5
U817,P124,3.5
U817,P140,30.0
U817,P149,0.5
U817,P152,0.5
U817,P164,5.0
U817,P166,5.0
U817,P167,5.0
U817,P168,3.0
U817,P174,3.5
U817,P214,5.0
U817,P217,0.5
U817,P240,5.0
U817,P241,0.5
U817,P247,3.5
U817,P255,8.0
U817,P261,0.5
U817,P278,40.0
U817,P286,5.5
U817,P320,0.5
U817,P321,0.5
U817,P354,6.0
U817,P359,5.0
U817,P362,0.5
U817,P382,5.0
U817,P39,30.0
U817,P404,5.0
U817,P41,30.0
U817,P427,3.0
U817,P432,0.5
U817,P443,5.0
U817,P451,30.0
U817,P457,0.5
U817,P469,5.0
U817,P482,0.5
U817,P49,5.0
U817,P503,0.5
U817,P506,3.0
U817,P522,5.0
U817,P55,0.5
U817,P554,3.0
U817,P576,5.0
U817,P581,5.0
U817,P587,5.0
U817,P592,0.5
U817,P615,3.0
U817,P62,3.0
U817,P623,8.0
U817,P632,5.0
U817,P74,30.0
U818,P1,0.5
U818,P10,3.0
U818,P116,5.0
U818,P122,3.0
U818,P136,3.5
U818,P141,30.5
U818,P155,3.0
U818,P167,0.5
U818,P17,30.0
U818,P197,0.5
U818,P206,3.0
U818,P297,30.0
U818,P30,3.0
U818,P315,5.0
U818,P337,0.5
U818,P353,0.5
U818,P379,30.0
U818,P415,5.0
U818,P417,5.5
U818,P42,3.0
U818,P458,5.0
U818,P471,5.0
U818,P479,6.0
U818,P509,30.0
U818,P512,5.0
U818,P517,3.0
U818,P52,3.0
U818,P540,3.0
U818,P580,0.5
U818,P621,5.5
U818,P627,3.0
U818,P648,5.0
U818,P69,5.0
U818,P98,0.5
U819,P122,5.0
U819,P124,30.0
U819,P162,30.0
U819,P166,3.0
U819,P206,0.5
U819,P219,30.0
U819,P226,0.5
U819,P247,5.0
U819,P286,3.0
U819,P383,6.0
U819,P403,3.0
U819,P404,0.5
U819,P449,3.0
U819,P505,0.5
U819,P530,3.5
U819,P55,30.0
U819,P57,0.5
U819,P572,3.0
U819,P576,30.0
U819,P623,3.0
U819,P645,30.5
U819,P99,5.0
U82,P103,3.0
U82,P107,3.5
U82,P111,5.0
U82,P129,30.0
U82,P130,3.0
U82,P17,3.0
U82,P185,0.5
U82,P190,1.0
U82,P198,0.5
U82,P2,0.5
U82,P217,0.5
U82,P241,3.0
U82,P243,5.0
U82,P259,35.0
U82,P278,3.5
U82,P303,30.0
U82,P315,3.0
U82,P322,3.0
U82,P337,0.5
U82,P387,4.0
U82,P396,30.0
U82,P432,5.0
U82,P443,60.0
U82,P471,3.0
U82,P479,3.0
U82,P497,3.0
U82,P536,3.0
U82,P541,3.0
U82,P575,1.5
U82,P6,3.0
U82,P68,0.5
U82,P79,0.5
U82,P89,0.5
U820,P109,0.5
U820,P11,0.5
U820,P141,3.0
U820,P172,30.0
U820,P173,0.5
U820,P191,30.0
U820,P197,30.0
U820,P198,0.5
U820,P244,8.5
U820,P259,3.0
U820,P265,0.5
U820,P28,1.0
U820,P297,5.0
U820,P349,3.0
U820,P362,0.5
U820,P372,30.0
U820,P396,5.0
U820,P415,30.0
U820,P417,30.0
U820,P422,5.0
U820,P471,5.0
U820,P52,30.0
U820,P593,3.0
U820,P613,30.0
U820,P621,0.5
U820,P64,30.0
U820,P644,5.0
U820,P648,1.0
U820,P68,3.0
U820,P69,0.5
U821,P122,5.0
U821,P135,3.0
U821,P136,30.0
U821,P17,0.5
U821,P176,3.0
U821,P196,30.0
U821,P208,0.5
U821,P238,33.0
U821,P240,30.0
U821,P241,5.0
U821,P313,3.0
U821,P333,3.0
U821,P362,33.5
U821,P369,3.0
U821,P378,41.0
U821,P381,30.0
U821,P396,8.0
U821,P4,3.0
U821,P42,3.0
U821,P422,0.5
U821,P441,30.0
U821,P507,30.0
U821,P52,30.0
U821,P575,0.5
U821,P592,3.0
U821,P613,30.0
U821,P620,3.5
U821,P623,3.0
U821,P79,3.5
U821,P81,5.5
U821,P92,0.5
U822,P103,3.0
U822,P130,3.0
U822,P136,0.5
U822,P141,3.0
U822,P167,43.0
U822,P17,30.0
U822,P185,0.5
U822,P198,8.5
U822,P2,3.0
U822,P217,3.0
U822,P224,3.0
U822,P243,3.5
U822,P244,0.5
U822,P251,0.5
U822,P278,5.0
U822,P280,30.0
U822,P297,30.0
U822,P323,0.5
U822,P348,30.0
U822,P354,3.0
U822,P372,0.5
U822,P375,3.0
U822,P42,0.5
U822,P471,0.5
U822,P511,6.0
U822,P518,3.0
U822,P550,0.5
U822,P575,0.5
U822,P59,0.5
U822,P621,5.0
U822,P622,3.0
U822,P68,3.5
U822,P69,30.0
U822,P77,0.5
U822,P81,30.5
U824,P103,3.0
U824,P128,30.0
U824,P141,3.0
U824,P167,8.0
U824,P176,5.0
U824,P180,0.5
U824,P185,3.0
U824,P190,3.0
U824,P191,5.0
U824,P198,3.0
U824,P206,3.0
U824,P208,0.5
U824,P241,0.5
U824,P243,5.0
U824,P249,0.5
U824,P259,0.5
U824,P262,30.0
U824,P267,30.0
U824,P278,33.0
U824,P28,0.5
U824,P282,30.0
U824,P296,0.5
U824,P318,3.0
U824,P328,30.0
U824,P333,0.5
U824,P34,3.0
U824,P35,1.0
U824,P353,5.0
U824,P354,35.0
U824,P360,0.5
U824,P372,30.0
U824,P379,5.0
U824,P385,0.5
U824,P387,30.0
U824,P422,38.5
U824,P429,0.5
U824,P432,0.5
U824,P451,0.5
U824,P471,30.0
U824,P479,1.0
U824,P487,5.5
U824,P49,0.5
U824,P509,3.0
U824,P52,0.5
U824,P540,3.0
U824,P558,30.0
U824,P577,3.0
U824,P58,5.0
U824,P588,5.0
U824,P61,0.5
U824,P610,33.0
U824,P625,0.5
U824,P627,30.0
U824,P648,30.0
U824,P68,3.0
U824,P69,6.0
U825,P122,3.0
U825,P124,3.0
U825,P140,30.0
U825,P166,3.0
U825,P174,0.5
U825,P206,10.0
U825,P208,6.5
U825,P240,30.0
U825,P247,3.0
U825,P255,6.0
U825,P26,5.0
U825,P261,3.0
U825,P286,1.5
U825,P302,30.0
U825,P311,3.0
U825,P321,0.5
U825,P326,3.0
U825,P339,0.5
U825,P379,0.5
U825,P39,30.0
U825,P41,30.5
U825,P424,3.0
U825,P447,3.0
U825,P451,30.0
U825,P503,3.0
U825,P51,30.0
U825,P530,8.0
U825,P567,70.0
U825,P583,33.0
U825,P623,0.5
U825,P638,5.0
U825,P639,0.5
U825,P645,33.0
U825,P86,30.0
U825,P92,3.0
U825,P96,0.5
U826,P140,5.0
U826,P142,30.0
U826,P149,3.0
U826,P174,3.0
U826,P206,8.0
U826,P207,5.0
U826,P240,0.5
U826,P286,3.5
U826,P291,3.0
U826,P369,0.5
U826,P379,3.0
U826,P397,5.0
U826,P41,0.5
U826,P424,0.5
U826,P469,0.5
U826,P55,0.5
U826,P583,33.0
U826,P591,30.0
U826,P615,10.5
U826,P623,5.0
U827,P103,3.0
U827,P124,5.0
U827,P136,3.0
U827,P160,0.5
U827,P191,0.5
U827,P198,3.0
U827,P212,30.0
U827,P276,5.0
U827,P28,0.5
U827,P280,0.5
U827,P297,1.0
U827,P316,5.5
U827,P318,0.5
U827,P34,3.0
U827,P351,3.0
U827,P353,30.0
U827,P359,3.0
U827,P372,5.5
U827,P381,0.5
U827,P390,5.0
U827,P41,30.0
U827,P415,8.5
U827,P447,0.5
U827,P479,3.0
U827,P52,35.0
U827,P55,0.5
U827,P567,3.0
U827,P576,3.0
U827,P606,1.0
U827,P627,5.0
U827,P632,60.0
U827,P639,30.0
U827,P648,0.5
U827,P69,3.0
U827,P79,6.0
U828,P145,30.0
U828,P149,1.0
U828,P166,30.0
U828,P167,0.5
U828,P170,30.0
U828,P185,5.0
U828,P217,33.5
U828,P243,30.0
U828,P244,30.0
U828,P255,8.0
U828,P278,0.5
U828,P309,30.0
U828,P315,3.0
U828,P330,0.5
U828,P345,0.5
U828,P348,3.0
U828,P354,8.5
U828,P370,30.0
U828,P379,6.0
U828,P420,3.0
U828,P451,5.0
U828,P503,0.5
U828,P511,0.5
U828,P550,3.5
U828,P58,3.0
U828,P600,30.0
U828,P623,0.5
U828,P647,0.5
U829,P13,3.0
U829,P149,3.0
U829,P167,3.0
U829,P169,0.5
U829,P244,0.5
U829,P259,0.5
U829,P297,3.5
U829,P303,30.0
U829,P379,3.0
U829,P387,3.0
U829,P399,0.5
U829,P41,3.0
U829,P415,3.0
U829,P443,30.0
U829,P444,0.5
U829,P446,30.0
U829,P449,30.0
U829,P451,3.0
U829,P479,0.5
U829,P572,0.5
U829,P588,0.5
U829,P627,30.0
U829,P632,3.0
U829,P68,3.0
U829,P95,5.0
U83,P124,1.0
U83,P140,35.0
U83,P174,3.0
U83,P182,0.5
U83,P208,5.0
U83,P245,0.5
U83,P247,13.0
U83,P261,30.0
U83,P351,0.5
U83,P352,5.0
U83,P355,30.0
U83,P359,5.0
U83,P41,9.5
U83,P435,0.5
U83,P537,3.0
U83,P55,10.0
U83,P567,36.0
U83,P576,63.0
U83,P583,33.0
U83,P587,0.5
U83,P590,30.0
U83,P623,0.5
U83,P639,30.0
U83,P645,5.0
U83,P649,3.0
U83,P74,3.0
U831,P101,30.0
U831,P117,3.0
U831,P118,5.0
U831,P124,3.0
U831,P136,30.0
U831,P138,3.0
U831,P141,41.0
U831,P167,0.5
U831,P17,10.0
U831,P170,3.0
U831,P176,3.0
U831,P180,0.5
U831,P185,3.0
U831,P217,3.0
U831,P243,0.5
U831,P244,6.5
U831,P265,30.0
U831,P278,0.5
U831,P28,6.0
U831,P286,30.0
U831,P321,3.0
U831,P326,30.0
U831,P353,10.0
U831,P362,5.5
U831,P372,0.5
U831,P375,5.0
U831,P387,35.0
U831,P41,3.0
U831,P415,0.5
U831,P417,30.0
U831,P42,5.0
U831,P422,30.0
U831,P429,30.0
U831,P432,3.0
U831,P455,0.5
U831,P479,13.0
U831,P484,3.0
U831,P486,3.0
U831,P49,0.5
U831,P502,5.0
U831,P540,35.0
U831,P55,30.0
U831,P575,8.0
U831,P576,3.0
U831,P583,30.0
U831,P627,3.0
U831,P632,30.0
U831,P68,3.0
U831,P98,3.5
U832,P138,3.0
U832,P167,30.0
U832,P170,5.0
U832,P198,3.0
U832,P238,3.0
U832,P243,3.0
U832,P303,0.5
U832,P325,3.0
U832,P378,60.0
U832,P49,0.5
U832,P511,5.0
U832,P540,5.0
U832,P61,5.0
U832,P613,3.0
U832,P627,3.0
U832,P630,5.0
U832,P636,5.0
U832,P69,0.5
U832,P76,3.0
U832,P79,30.0
U832,P81,3.0
U832,P98,3.0
U833,P107,60.0
U833,P144,0.5
U833,P17,5.0
U833,P170,0.5
U833,P173,3.0
U833,P180,0.5
U833,P216,3.0
U833,P217,6.0
U833,P220,0.5
U833,P228,30.0
U833,P241,5.0
U833,P243,60.0
U833,P278,5.0
U833,P294,0.5
U833,P303,3.5
U833,P312,3.0
U833,P315,3.0
U833,P354,30.0
U833,P359,3.0
U833,P362,3.0
U833,P43,5.0
U833,P432,30.5
U833,P464,3.0
U833,P471,0.5
U833,P511,0.5
U833,P559,5.0
U833,P565,3.0
U833,P575,3.0
U833,P577,3.0
U833,P622,0.5
U833,P639,30.0
U833,P79,0.5
U833,P81,3.0
U833,P94,5.0
U834,P103,30.0
U834,P107,3.0
U834,P109,30.0
U834,P140,3.0
U834,P170,8.0
U834,P173,0.5
U834,P215,3.0
U834,P243,3.0
U834,P286,5.0
U834,P354,30.0
U834,P37,30.0
U834,P396,30.0
U834,P415,5.0
U834,P479,3.0
U834,P49,5.0
U834,P511,0.5
U834,P575,30.0
U834,P583,3.0
U834,P632,3.0
U834,P642,3.0
U834,P7,5.0
U836,P108,5.0
U836,P134,0.5
U836,P136,3.0
U836,P143,5.0
U836,P176,5.0
U836,P180,3.5
U836,P190,3.0
U836,P197,5.0
U836,P215,30.0
U836,P238,30.0
U836,P247,5.0
U836,P285,3.0
U836,P286,3.0
U836,P297,10.0
U836,P313,3.0
U836,P335,0.5
U836,P34,30.0
U836,P35,0.5
U836,P372,1.5
U836,P396,0.5
U836,P415,30.5
U836,P417,35.0
U836,P42,0.5
U836,P422,0.5
U836,P465,30.0
U836,P479,8.0
U836,P52,5.5
U836,P526,3.0
U836,P540,1.0
U836,P55,0.5
U836,P557,0.5
U836,P567,30.0
U836,P612,3.0
U836,P643,0.5
U836,P645,3.0
U836,P648,3.5
U836,P69,6.0
U836,P81,3.0
U837,P107,60.0
U837,P118,5.0
U837,P167,0.5
U837,P17,0.5
U837,P173,30.0
U837,P185,3.0
U837,P195,3.0
U837,P198,5.0
U837,P217,30.5
U837,P243,5.0
U837,P255,30.0
U837,P261,3.0
U837,P273,3.0
U837,P278,5.0
U837,P303,33.0
U837,P354,5.0
U837,P378,3.5
U837,P387,0.5
U837,P396,8.0
U837,P432,5.0
U837,P443,3.0
U837,P457,0.5
U837,P459,30.0
U837,P471,0.5
U837,P530,5.5
U837,P550,0.5
U837,P577,3.0
U837,P611,0.5
U837,P623,30.0
U837,P647,0.5
U837,P68,30.5
U837,P98,8.0
U838,P103,33.0
U838,P107,33.0
U838,P136,0.5
U838,P141,48.0
U838,P163,5.0
U838,P167,0.5
U838,P17,38.0
U838,P170,1.0
U838,P173,30.0
U838,P180,3.0
U838,P198,30.5
U838,P217,35.5
U838,P243,5.0
U838,P254,0.5
U838,P259,30.0
U838,P303,0.5
U838,P342,3.0
U838,P378,0.5
U838,P392,0.5
U838,P432,3.0
U838,P443,5.0
U838,P471,0.5
U838,P49,30.5
U838,P497,30.0
U838,P545,30.0
U838,P550,0.5
U838,P554,0.5
U838,P557,0.5
U838,P68,5.0
U839,P103,0.5
U839,P140,5.0
U839,P141,3.0
U839,P149,65.0
U839,P166,30.0
U839,P167,5.0
U839,P170,5.0
U839,P185,5.0
U839,P207,0.5
U839,P238,0.5
U839,P240,3.0
U839,P247,0.5
U839,P249,0.5
U839,P255,30.0
U839,P261,33.0
U839,P362,33.0
U839,P378,5.0
U839,P396,8.0
U839,P41,30.0
U839,P424,0.5
U839,P444,5.0
U839,P447,3.0
U839,P451,65.0
U839,P457,0.5
U839,P462,30.0
U839,P477,3.0
U839,P49,10.0
U839,P503,30.0
U839,P557,30.0
U839,P567,5.0
U839,P576,0.5
U839,P583,0.5
U839,P639,0.5
U839,P68,3.0
U839,P81,5.0
U839,P98,8.0
U84,P103,33.0
U84,P114,5.0
U84,P122,30.0
U84,P124,30.0
U84,P13,33.0
U84,P141,30.0
U84,P149,5.0
U84,P150,3.0
U84,P152,5.0
U84,P161,0.5
U84,P166,3.5
U84,P185,5.0
U84,P207,3.0
U84,P208,5.0
U84,P232,3.0
U84,P244,3.0
U84,P247,8.0
U84,P255,5.0
U84,P261,30.0
U84,P35,5.0
U84,P362,3.0
U84,P378,30.0
U84,P379,0.5
U84,P383,5.0
U84,P397,3.0
U84,P41,3.0
U84,P422,3.0
U84,P434,3.0
U84,P451,8.0
U84,P462,5.0
U84,P491,0.5
U84,P503,0.5
U84,P522,30.0
U84,P530,30.0
U84,P55,5.0
U84,P623,5.0
U84,P645,5.0
U84,P69,3.5
U84,P79,0.5
U84,P81,0.5
U84,P87,30.0
U84,P92,0.5
U84,P98,30.0
U842,P122,3.0
U842,P124,5.0
U842,P134,0.5
U842,P140,30.0
U842,P141,3.0
U842,P156,3.0
U842,P166,5.0
U842,P17,65.0
U842,P180,5.0
U842,P208,30.0
U842,P232,30.0
U842,P240,3.0
U842,P241,3.0
U842,P255,3.5
U842,P261,5.0
U842,P274,5.0
U842,P278,5.0
U842,P293,3.0
U842,P295,3.0
U842,P3,30.0
U842,P315,30.0
U842,P339,3.5
U842,P359,3.0
U842,P362,5.0
U842,P378,5.0
U842,P379,0.5
U842,P387,33.0
U842,P397,3.0
U842,P41,3.0
U842,P432,3.0
U842,P451,30.0
U842,P462,5.0
U842,P50,0.5
U842,P511,3.0
U842,P517,3.0
U842,P52,5.0
U842,P550,30.0
U842,P56,3.0
U842,P567,5.0
U842,P575,3.0
U842,P583,5.0
U842,P61,0.5
U842,P615,3.0
U842,P620,30.0
U842,P621,0.5
U842,P632,0.5
U842,P639,35.0
U842,P81,3.0
U842,P9,0.5
U843,P107,30.0
U843,P140,5.0
U843,P149,0.5
U843,P162,3.0
U843,P173,33.0
U843,P174,5.0
U843,P176,0.5
U843,P190,5.5
U843,P228,0.5
U843,P243,10.0
U843,P247,0.5
U843,P259,3.0
U843,P303,5.5
U843,P31,0.5
U843,P315,35.0
U843,P382,30.0
U843,P405,30.0
U843,P411,30.0
U843,P415,30.0
U843,P422,30.0
U843,P457,3.0
U843,P462,3.0
U843,P479,5.0
U843,P484,30.0
U843,P503,0.5
U843,P512,0.5
U843,P52,30.0
U843,P552,0.5
U843,P580,30.0
U843,P583,0.5
U843,P605,0.5
U843,P607,3.0
U843,P615,5.0
U843,P621,1.0
U843,P627,30.5
U843,P632,30.0
U843,P644,3.0
U843,P648,30.0
U843,P66,3.0
U843,P69,5.0
U843,P84,3.0
U844,P10,0.5
U844,P103,3.0
U844,P139,30.0
U844,P141,3.0
U844,P17,0.5
U844,P179,0.5
U844,P180,6.0
U844,P185,0.5
U844,P190,33.0
U844,P197,0.5
U844,P212,0.5
U844,P217,0.5
U844,P244,30.0
U844,P255,0.5
U844,P27,30.0
U844,P300,0.5
U844,P318,3.0
U844,P372,30.0
U844,P378,4.5
U844,P415,10.5
U844,P42,3.0
U844,P451,0.5
U844,P465,3.0
U844,P49,3.0
U844,P497,30.0
U844,P502,0.5
U844,P52,0.5
U844,P536,30.0
U844,P540,0.5
U844,P550,0.5
U844,P58,0.5
U844,P597,0.5
U844,P61,3.0
U844,P627,30.0
U844,P7,0.5
U844,P79,5.0
U844,P81,3.0
U844,P98,4.5
U845,P103,5.0
U845,P107,0.5
U845,P129,5.0
U845,P149,3.0
U845,P165,5.0
U845,P17,0.5
U845,P173,5.0
U845,P176,0.5
U845,P185,3.0
U845,P190,3.0
U845,P198,0.5
U845,P208,30.0
U845,P223,0.5
U845,P229,3.0
U845,P238,0.5
U845,P241,30.0
U845,P303,0.5
U845,P305,5.0
U845,P315,3.0
U845,P325,3.0
U845,P338,5.0
U845,P354,0.5
U845,P361,30.0
U845,P362,5.0
U845,P379,30.0
U845,P392,0.5
U845,P42,1.0
U845,P422,5.0
U845,P432,3.0
U845,P503,10.5
U845,P523,3.0
U845,P536,0.5
U845,P540,30.5
U845,P544,30.0
U845,P550,5.0
U845,P58,5.0
U845,P607,5.0
U845,P62,0.5
U845,P627,33.0
U845,P630,5.0
U845,P648,0.5
U845,P69,8.0
U845,P81,3.0
U847,P103,30.0
U847,P167,60.0
U847,P170,30.0
U847,P190,30.5
U847,P198,30.0
U847,P217,3.0
U847,P241,30.0
U847,P244,5.0
U847,P278,5.0
U847,P28,0.5
U847,P296,5.0
U847,P297,8.0
U847,P313,3.0
U847,P335,3.0
U847,P34,5.0
U847,P415,0.5
U847,P417,10.5
U847,P42,33.0
U847,P459,10.0
U847,P509,30.0
U847,P511,3.5
U847,P515,0.5
U847,P52,3.0
U847,P540,6.0
U847,P556,3.0
U847,P597,3.0
U847,P61,0.5
U847,P621,30.5
U847,P627,0.5
U847,P68,30.5
U847,P94,3.0
U849,P103,3.0
U849,P136,3.5
U849,P140,3.0
U849,P155,5.0
U849,P161,30.0
U849,P167,3.0
U849,P170,6.0
U849,P174,0.5
U849,P198,5.0
U849,P2,30.0
U849,P244,3.0
U849,P259,3.0
U849,P267,0.5
U849,P268,0.5
U849,P28,8.0
U849,P296,8.0
U849,P297,30.0
U849,P309,3.0
U849,P310,30.0
U849,P34,5.0
U849,P354,3.0
U849,P378,40.0
U849,P387,0.5
U849,P422,0.5
U849,P432,3.0
U849,P518,0.5
U849,P540,3.0
U849,P550,5.5
U849,P556,0.5
U849,P559,5.0
U849,P567,0.5
U849,P575,1.0
U849,P594,0.5
U849,P6,30.0
U849,P621,0.5
U849,P69,0.5
U849,P72,3.0
U849,P89,3.0
U849,P98,3.0
U851,P103,30.0
U851,P107,65.0
U851,P141,3.0
U851,P166,0.5
U851,P180,0.5
U851,P206,30.0
U851,P22,30.0
U851,P241,3.0
U851,P249,0.5
U851,P255,3.0
U851,P259,3.0
U851,P303,10.0
U851,P387,1.0
U851,P48,30.0
U851,P497,30.0
U851,P503,0.5
U851,P511,0.5
U851,P575,0.5
U851,P589,5.0
U851,P623,3.0
U851,P71,0.5
U851,P81,3.0
U852,P122,30.0
U852,P124,35.0
U852,P135,30.0
U852,P136,3.0
U852,P140,30.0
U852,P158,5.0
U852,P174,30.0
U852,P183,3.0
U852,P187,3.0
U852,P198,3.0
U852,P206,3.5
U852,P208,0.5
U852,P224,3.0
U852,P244,5.0
U852,P247,3.0
U852,P261,5.5
U852,P291,30.0
U852,P306,0.5
U852,P31,3.0
U852,P321,5.5
U852,P326,0.5
U852,P339,5.0
U852,P369,3.0
U852,P370,5.0
U852,P379,35.0
U852,P394,0.5
U852,P397,5.0
U852,P402,3.0
U852,P405,30.0
U852,P41,30.0
U852,P477,0.5
U852,P503,0.5
U852,P506,5.0
U852,P51,5.0
U852,P547,30.0
U852,P55,30.0
U852,P576,30.0
U852,P615,35.0
U852,P620,3.0
U852,P623,0.5
U852,P637,30.0
U852,P639,33.0
U852,P74,0.5
U852,P92,31.0
U853,P122,35.5
U853,P135,5.0
U853,P136,30.0
U853,P166,30.0
U853,P170,0.5
U853,P174,5.0
U853,P206,0.5
U853,P207,0.5
U853,P208,6.5
U853,P240,0.5
U853,P258,30.0
U853,P293,3.0
U853,P321,3.5
U853,P339,0.5
U853,P379,8.0
U853,P435,0.5
U853,P450,3.0
U853,P494,30.0
U853,P503,0.5
U853,P521,3.0
U853,P530,30.0
U853,P541,5.0
U853,P555,5.0
U853,P588,0.5
U853,P589,0.5
U853,P615,10.0
U853,P623,3.5
U853,P639,0.5
U853,P79,0.5
U853,P81,0.5
U853,P92,0.5
U853,P98,5.0
U854,P107,3.0
U854,P136,5.0
U854,P162,30.0
U854,P174,3.0
U854,P180,3.0
U854,P185,3.0
U854,P2,30.5
U854,P217,0.5
U854,P241,8.0
U854,P244,8.0
U854,P247,0.5
U854,P278,3.0
U854,P297,3.0
U854,P30,0.5
U854,P315,30.0
U854,P318,0.5
U854,P372,0.5
U854,P378,3.0
U854,P396,10.0
U854,P415,5.0
U854,P417,5.0
U854,P422,6.0
U854,P447,5.0
U854,P50,5.0
U854,P52,5.0
U854,P567,30.5
U854,P578,5.0
U854,P593,3.0
U854,P634,30.0
U854,P636,0.5
U854,P77,5.0
U855,P103,5.0
U855,P122,3.0
U855,P13,0.5
U855,P149,0.5
U855,P156,5.0
U855,P166,30.0
U855,P180,5.0
U855,P196,3.0
U855,P207,3.5
U855,P208,1.0
U855,P232,4.5
U855,P238,30.0
U855,P240,3.5
U855,P243,3.5
U855,P247,30.5
U855,P259,30.0
U855,P261,5.5
U855,P283,0.5
U855,P286,30.0
U855,P300,0.5
U855,P326,3.0
U855,P339,3.0
U855,P359,30.0
U855,P369,0.5
U855,P382,5.0
U855,P394,3.0
U855,P451,0.5
U855,P495,0.5
U855,P506,30.0
U855,P523,8.0
U855,P530,6.0
U855,P55,31.0
U855,P567,3.0
U855,P572,3.0
U855,P576,5.0
U855,P581,5.0
U855,P583,0.5
U855,P59,5.0
U855,P623,0.5
U855,P632,3.0
U855,P637,0.5
U855,P645,0.5
U855,P79,3.0
U855,P92,10.0
U856,P103,33.0
U856,P111,3.0
U856,P136,35.0
U856,P138,5.0
U856,P17,5.0
U856,P170,3.0
U856,P173,5.0
U856,P176,3.0
U856,P185,5.0
U856,P198,6.0
U856,P238,3.0
U856,P243,5.0
U856,P244,3.5
U856,P247,3.0
U856,P261,5.0
U856,P28,3.5
U856,P294,5.0
U856,P296,3.0
U856,P297,1.5
U856,P310,3.0
U856,P315,5.0
U856,P318,30.0
U856,P32,3.0
U856,P321,5.0
U856,P34,0.5
U856,P35,0.5
U856,P354,30.0
U856,P361,5.0
U856,P364,30.0
U856,P378,33.0
U856,P381,5.0
U856,P387,3.0
U856,P41,0.5
U856,P415,0.5
U856,P417,3.5
U856,P430,5.0
U856,P432,8.0
U856,P447,30.0
U856,P474,5.0
U856,P497,3.0
U856,P50,0.5
U856,P511,0.5
U856,P512,3.0
U856,P52,0.5
U856,P552,30.0
U856,P554,5.0
U856,P576,30.0
U856,P607,30.0
U856,P615,3.5
U856,P621,3.0
U856,P628,3.5
U856,P645,3.0
U856,P648,0.5
U856,P68,0.5
U856,P69,5.5
U856,P79,5.0
U856,P81,30.0
U856,P92,5.0
U856,P98,3.0
U857,P101,3.0
U857,P103,1.0
U857,P108,0.5
U857,P129,3.0
U857,P136,3.0
U857,P141,0.5
U857,P176,37.0
U857,P190,6.5
U857,P191,5.0
U857,P209,30.0
U857,P217,0.5
U857,P241,35.0
U857,P243,35.0
U857,P251,3.0
U857,P272,3.0
U857,P273,30.0
U857,P28,3.0
U857,P292,3.0
U857,P294,0.5
U857,P297,33.5
U857,P303,30.0
U857,P312,5.0
U857,P316,0.5
U857,P328,0.5
U857,P34,30.0
U857,P343,30.0
U857,P344,3.0
U857,P353,30.0
U857,P354,5.5
U857,P387,30.0
U857,P396,0.5
U857,P4,3.0
U857,P415,8.0
U857,P417,35.5
U857,P422,3.5
U857,P432,3.0
U857,P443,8.5
U857,P471,33.0
U857,P479,3.0
U857,P509,5.0
U857,P512,0.5
U857,P52,33.0
U857,P526,0.5
U857,P550,5.0
U857,P575,35.0
U857,P577,3.0
U857,P61,3.0
U857,P621,0.5
U857,P627,10.0
U857,P630,0.5
U857,P648,30.5
U857,P68,30.0
U857,P69,3.0
U857,P81,5.0
U857,P98,3.0
U858,P111,30.0
U858,P141,30.0
U858,P166,3.0
U858,P167,3.5
U858,P180,3.0
U858,P185,0.5
U858,P198,5.0
U858,P2,3.0
U858,P230,30.0
U858,P243,5.0
U858,P244,0.5
U858,P276,5.0
U858,P303,3.0
U858,P315,0.5
U858,P321,3.0
U858,P405,5.0
U858,P432,30.0
U858,P449,5.0
U858,P463,0.5
U858,P471,3.0
U858,P575,5.0
U858,P604,3.0
U858,P639,3.0
U858,P79,5.0
U858,P81,30.0
U858,P89,5.0
U858,P92,40.0
U858,P98,30.0
U86,P124,8.0
U86,P13,6.0
U86,P140,30.0
U86,P141,30.0
U86,P161,0.5
U86,P168,0.5
U86,P182,3.0
U86,P190,3.0
U86,P206,3.0
U86,P208,3.0
U86,P240,8.5
U86,P244,6.0
U86,P26,3.0
U86,P261,30.0
U86,P284,10.0
U86,P315,3.5
U86,P320,30.0
U86,P321,3.5
U86,P374,5.0
U86,P379,0.5
U86,P394,0.5
U86,P396,30.0
U86,P417,0.5
U86,P422,5.0
U86,P479,30.0
U86,P498,0.5
U86,P523,0.5
U86,P540,3.0
U86,P572,30.5
U86,P583,0.5
U86,P584,3.0
U86,P623,0.5
U86,P632,0.5
U86,P638,30.0
U86,P649,0.5
U86,P81,3.0
U86,P89,3.0
U860,P124,5.5
U860,P140,3.5
U860,P161,6.0
U860,P167,5.0
U860,P170,30.0
U860,P173,0.5
U860,P180,0.5
U860,P206,3.0
U860,P237,0.5
U860,P240,0.5
U860,P255,30.0
U860,P265,0.5
U860,P281,5.0
U860,P286,3.5
U860,P312,3.0
U860,P315,5.0
U860,P320,0.5
U860,P321,5.5
U860,P34,30.0
U860,P372,0.5
U860,P382,30.0
U860,P385,0.5
U860,P387,5.0
U860,P404,0.5
U860,P444,30.0
U860,P468,30.0
U860,P530,0.5
U860,P55,5.0
U860,P56,30.0
U860,P567,3.0
U860,P572,30.0
U860,P576,0.5
U860,P583,5.5
U860,P606,5.0
U860,P627,3.0
U860,P632,30.0
U860,P639,30.0
U860,P645,30.5
U860,P79,5.0
U860,P86,0.5
U861,P107,3.0
U861,P167,5.0
U861,P17,0.5
U861,P170,0.5
U861,P176,0.5
U861,P243,30.0
U861,P244,30.0
U861,P278,5.0
U861,P323,3.0
U861,P360,3.0
U861,P362,3.0
U861,P396,30.0
U861,P42,3.0
U861,P443,0.5
U861,P49,0.5
U861,P52,33.0
U861,P553,3.0
U861,P594,3.0
U861,P61,30.0
U861,P627,0.5
U861,P69,0.5
U861,P79,0.5
U861,P98,30.0
U862,P103,3.5
U862,P136,30.0
U862,P141,3.0
U862,P185,9.0
U862,P198,0.5
U862,P217,30.0
U862,P238,0.5
U862,P242,30.0
U862,P244,0.5
U862,P337,5.0
U862,P349,3.0
U862,P372,3.0
U862,P422,3.0
U862,P432,5.0
U862,P479,3.0
U862,P49,30.0
U862,P575,30.0
U862,P600,5.0
U862,P61,0.5
U862,P648,0.5
U862,P65,0.5
U862,P69,3.0
U862,P79,30.0
U862,P81,0.5
U862,P98,3.0
U864,P170,3.5
U864,P173,30.0
U864,P2,3.0
U864,P244,5.0
U864,P354,30.0
U864,P378,0.5
U864,P387,5.0
U864,P443,5.0
U864,P471,30.0
U864,P49,3.0
U864,P496,30.0
U864,P511,30.0
U864,P54,3.0
U864,P550,33.0
U864,P557,30.0
U864,P575,5.0
U864,P61,0.5
U864,P81,5.0
U864,P94,30.0
U865,P101,3.0
U865,P217,5.0
U865,P278,5.0
U865,P28,30.5
U865,P297,30.0
U865,P323,0.5
U865,P325,3.0
U865,P34,65.0
U865,P353,3.0
U865,P387,0.5
U865,P417,3.0
U865,P42,0.5
U865,P443,3.0
U865,P481,0.5
U865,P52,30.0
U865,P61,3.0
U865,P621,11.0
U865,P648,33.0
U866,P136,0.5
U866,P140,30.0
U866,P141,35.0
U866,P167,3.0
U866,P170,3.0
U866,P198,13.0
U866,P217,6.0
U866,P224,3.0
U866,P238,3.0
U866,P243,5.5
U866,P244,3.0
U866,P254,30.0
U866,P298,0.5
U866,P315,30.0
U866,P316,30.0
U866,P348,5.0
U866,P362,33.5
U866,P363,3.0
U866,P378,3.0
U866,P387,8.0
U866,P396,5.0
U866,P415,0.5
U866,P420,3.0
U866,P422,3.0
U866,P443,3.0
U866,P447,5.0
U866,P471,3.0
U866,P517,3.0
U866,P537,0.5
U866,P55,30.0
U866,P550,3.0
U866,P567,0.5
U866,P583,3.0
U866,P594,35.0
U866,P61,0.5
U866,P622,30.0
U866,P640,30.0
U866,P68,33.0
U866,P7,3.0
U866,P79,5.0
U866,P81,0.5
U866,P98,35.0
U867,P163,0.5
U867,P173,33.0
U867,P190,3.0
U867,P217,3.0
U867,P241,6.0
U867,P243,0.5
U867,P259,0.5
U867,P28,31.0
U867,P34,0.5
U867,P372,3.0
U867,P385,5.0
U867,P387,3.0
U867,P422,5.0
U867,P432,0.5
U867,P470,5.0
U867,P540,5.0
U867,P627,5.0
U867,P648,5.0
U868,P122,0.5
U868,P124,45.5
U868,P13,68.5
U868,P140,6.0
U868,P144,0.5
U868,P158,0.5
U868,P160,1.0
U868,P161,30.0
U868,P174,43.0
U868,P176,5.5
U868,P183,30.0
U868,P185,3.0
U868,P190,3.0
U868,P193,3.0
U868,P206,35.0
U868,P223,5.0
U868,P238,3.0
U868,P240,0.5
U868,P247,5.5
U868,P255,3.0
U868,P284,0.5
U868,P286,41.5
U868,P302,30.0
U868,P306,30.0
U868,P311,3.0
U868,P321,6.0
U868,P355,3.0
U868,P359,0.5
U868,P364,0.5
U868,P37,0.5
U868,P378,0.5
U868,P397,35.0
U868,P404,0.5
U868,P41,30.5
U868,P42,0.5
U868,P439,0.5
U868,P444,0.5
U868,P447,0.5
U868,P451,0.5
U868,P477,5.0
U868,P540,8.0
U868,P548,3.0
U868,P55,10.0
U868,P567,38.0
U868,P572,30.5
U868,P576,38.5
U868,P583,5.0
U868,P587,0.5
U868,P627,0.5
U868,P632,63.0
U868,P639,12.0
U868,P645,0.5
U868,P648,60.0
U868,P93,5.0
U868,P99,0.5
U87,P103,33.0
U87,P118,3.0
U87,P166,3.0
U87,P180,8.0
U87,P185,30.0
U87,P2,0.5
U87,P208,5.0
U87,P232,30.0
U87,P240,3.0
U87,P259,0.5
U87,P316,3.0
U87,P345,5.0
U87,P387,30.0
U87,P474,3.0
U87,P49,0.5
U87,P553,0.5
U87,P578,0.5
U87,P6,0.5
U87,P625,0.5
U87,P79,5.0
U87,P98,0.5
U871,P107,5.0
U871,P141,0.5
U871,P17,3.0
U871,P176,3.0
U871,P190,0.5
U871,P241,5.0
U871,P243,30.0
U871,P259,35.0
U871,P28,3.5
U871,P31,0.5
U871,P447,5.0
U871,P470,0.5
U871,P479,5.5
U871,P486,0.5
U871,P52,5.0
U871,P584,3.0
U871,P636,3.0
U871,P639,5.0
U871,P645,0.5
U871,P648,0.5
U871,P68,3.0
U871,P69,3.5
U871,P72,5.0
U871,P74,3.0
U871,P79,0.5
U872,P114,30.0
U872,P122,0.5
U872,P13,30.0
U872,P136,0.5
U872,P149,6.5
U872,P156,0.5
U872,P166,5.0
U872,P174,35.0
U872,P190,3.0
U872,P206,3.0
U872,P207,3.0
U872,P223,0.5
U872,P237,3.0
U872,P240,1.0
U872,P247,0.5
U872,P249,3.0
U872,P261,30.5
U872,P28,30.0
U872,P321,33.5
U872,P339,5.5
U872,P362,0.5
U872,P370,30.0
U872,P378,3.0
U872,P379,0.5
U872,P423,3.0
U872,P434,6.0
U872,P451,3.0
U872,P468,5.0
U872,P479,0.5
U872,P503,5.0
U872,P530,3.0
U872,P576,35.0
U872,P583,35.0
U872,P615,3.0
U872,P623,1.0
U872,P631,3.0
U872,P639,5.0
U872,P648,30.0
U872,P68,5.0
U872,P81,0.5
U872,P92,3.0
U872,P93,3.0
U873,P103,3.0
U873,P134,5.0
U873,P140,30.0
U873,P141,0.5
U873,P162,5.0
U873,P190,11.5
U873,P198,5.0
U873,P272,3.0
U873,P286,33.5
U873,P315,5.0
U873,P321,3.0
U873,P343,5.0
U873,P352,5.0
U873,P353,4.0
U873,P372,30.5
U873,P387,30.0
U873,P396,30.0
U873,P417,30.5
U873,P42,8.0
U873,P422,5.0
U873,P432,30.0
U873,P449,3.0
U873,P474,5.0
U873,P479,60.5
U873,P49,0.5
U873,P52,5.5
U873,P567,10.0
U873,P572,3.0
U873,P576,5.0
U873,P580,0.5
U873,P613,30.0
U873,P621,3.0
U873,P627,5.0
U873,P636,5.0
U873,P639,3.0
U873,P641,30.0
U873,P648,5.0
U873,P68,3.0
U873,P69,0.5
U874,P122,4.0
U874,P149,3.5
U874,P166,6.5
U874,P173,30.0
U874,P179,3.0
U874,P206,5.0
U874,P207,3.0
U874,P208,1.0
U874,P217,0.5
U874,P232,1.0
U874,P240,30.0
U874,P251,3.0
U874,P255,5.0
U874,P259,3.0
U874,P261,3.0
U874,P264,5.0
U874,P286,6.0
U874,P303,0.5
U874,P339,5.5
U874,P351,3.0
U874,P379,3.0
U874,P391,3.0
U874,P395,3.0
U874,P402,3.0
U874,P451,6.0
U874,P503,5.0
U874,P523,3.0
U874,P55,8.0
U874,P574,0.5
U874,P589,5.0
U874,P592,30.0
U874,P623,30.0
U874,P92,5.0
U875,P107,5.0
U875,P136,30.0
U875,P198,35.0
U875,P207,0.5
U875,P209,3.0
U875,P370,30.0
U875,P396,3.0
U875,P432,5.0
U875,P483,0.5
U875,P503,0.5
U875,P515,0.5
U875,P61,3.0
U875,P613,30.0
U875,P68,0.5
U875,P81,30.0
U876,P107,0.5
U876,P122,5.0
U876,P136,30.5
U876,P17,30.0
U876,P170,5.0
U876,P173,5.0
U876,P176,5.0
U876,P180,3.0
U876,P185,3.0
U876,P190,0.5
U876,P197,0.5
U876,P2,6.0
U876,P217,6.0
U876,P232,3.0
U876,P259,6.0
U876,P278,0.5
U876,P28,3.0
U876,P297,3.0
U876,P312,3.0
U876,P34,30.0
U876,P362,5.0
U876,P372,30.0
U876,P378,6.0
U876,P411,30.0
U876,P415,3.0
U876,P417,6.0
U876,P422,33.0
U876,P432,0.5
U876,P449,5.0
U876,P485,3.0
U876,P511,0.5
U876,P52,0.5
U876,P560,0.5
U876,P576,30.5
U876,P591,0.5
U876,P599,3.0
U876,P621,0.5
U876,P623,5.0
U876,P627,6.0
U876,P632,10.5
U876,P648,0.5
U876,P68,60.5
U878,P122,0.5
U878,P124,30.0
U878,P161,5.0
U878,P174,5.0
U878,P176,30.0
U878,P217,0.5
U878,P28,5.0
U878,P285,3.0
U878,P354,33.0
U878,P403,30.0
U878,P41,0.5
U878,P422,5.0
U878,P451,0.5
U878,P471,30.5
U878,P503,3.5
U878,P52,3.0
U878,P556,0.5
U878,P615,3.0
U88,P103,30.0
U88,P141,0.5
U88,P167,0.5
U88,P17,30.5
U88,P176,0.5
U88,P198,3.5
U88,P2,0.5
U88,P22,30.0
U88,P238,33.0
U88,P241,0.5
U88,P276,5.0
U88,P280,3.0
U88,P297,0.5
U88,P305,3.0
U88,P362,5.0
U88,P372,0.5
U88,P42,5.0
U88,P443,0.5
U88,P49,8.0
U88,P525,3.0
U88,P554,0.5
U88,P557,30.0
U88,P565,30.0
U88,P61,6.0
U88,P68,0.5
U88,P69,0.5
U88,P81,3.5
U880,P107,60.0
U880,P115,5.0
U880,P156,5.0
U880,P165,30.0
U880,P167,3.0
U880,P185,30.0
U880,P2,3.0
U880,P217,0.5
U880,P241,0.5
U880,P244,3.0
U880,P259,11.5
U880,P27,3.0
U880,P278,33.0
U880,P28,0.5
U880,P303,6.0
U880,P315,36.5
U880,P322,30.0
U880,P375,0.5
U880,P420,0.5
U880,P434,30.0
U880,P471,17.0
U880,P497,0.5
U880,P511,65.0
U880,P519,30.0
U880,P52,0.5
U880,P530,30.5
U880,P54,0.5
U880,P540,30.0
U880,P550,0.5
U880,P575,5.0
U880,P597,5.0
U880,P609,3.0
U880,P61,3.0
U880,P636,0.5
U881,P103,65.0
U881,P107,35.0
U881,P122,3.5
U881,P136,10.5
U881,P141,33.0
U881,P15,3.5
U881,P166,3.0
U881,P17,5.5
U881,P173,40.0
U881,P185,35.0
U881,P2,1.5
U881,P232,3.0
U881,P241,5.0
U881,P243,5.0
U881,P254,5.0
U881,P259,5.5
U881,P263,3.0
U881,P278,0.5
U881,P303,0.5
U881,P315,0.5
U881,P316,3.0
U881,P327,3.0
U881,P339,1.0
U881,P353,3.0
U881,P375,5.0
U881,P390,5.0
U881,P394,0.5
U881,P396,5.5
U881,P415,5.0
U881,P417,0.5
U881,P437,0.5
U881,P443,30.5
U881,P463,3.0
U881,P471,0.5
U881,P48,3.0
U881,P511,30.5
U881,P52,30.0
U881,P550,3.0
U881,P575,5.0
U881,P615,3.5
U881,P627,30.0
U881,P647,0.5
U881,P66,0.5
U881,P79,30.0
U881,P81,0.5
U881,P98,0.5
U882,P124,35.5
U882,P140,3.5
U882,P149,30.0
U882,P173,33.0
U882,P174,61.0
U882,P176,0.5
U882,P179,30.0
U882,P195,5.0
U882,P2,5.0
U882,P207,1.0
U882,P208,3.0
U882,P214,0.5
U882,P232,0.5
U882,P237,30.0
U882,P241,30.0
U882,P247,0.5
U882,P258,0.5
U882,P259,5.0
U882,P320,5.0
U882,P321,8.0
U882,P339,3.0
U882,P356,5.0
U882,P432,5.5
U882,P443,30.0
U882,P447,1.0
U882,P450,30.0
U882,P479,0.5
U882,P503,30.0
U882,P530,3.0
U882,P55,6.0
U882,P572,33.0
U882,P575,5.0
U882,P576,3.0
U882,P583,3.0
U882,P589,30.0
U882,P615,1.0
U882,P621,3.0
U882,P623,30.0
U882,P627,3.0
U882,P632,30.0
U882,P72,5.0
U883,P107,3.0
U883,P124,0.5
U883,P149,3.0
U883,P152,30.0
U883,P176,0.5
U883,P185,3.0
U883,P190,33.0
U883,P198,30.5
U883,P238,5.0
U883,P244,5.0
U883,P28,3.5
U883,P286,30.0
U883,P297,5.0
U883,P303,30.0
U883,P372,30.0
U883,P378,0.5
U883,P379,5.0
U883,P399,3.0
U883,P416,5.0
U883,P422,3.0
U883,P432,3.0
U883,P464,0.5
U883,P479,0.5
U883,P511,3.0
U883,P540,30.0
U883,P544,3.0
U883,P575,0.5
U883,P576,30.0
U883,P79,0.5
U883,P81,3.0
U883,P92,30.0
U883,P98,30.0
U885,P107,0.5
U885,P129,3.0
U885,P15,0.5
U885,P173,3.0
U885,P180,30.0
U885,P185,30.5
U885,P195,0.5
U885,P2,38.0
U885,P241,30.0
U885,P280,0.5
U885,P298,30.0
U885,P310,3.0
U885,P385,30.0
U885,P387,3.0
U885,P432,5.0
U885,P443,0.5
U885,P49,3.0
U885,P550,3.5
U885,P76,0.5
U885,P80,30.0
U885,P98,30.0
U886,P128,0.5
U886,P130,5.0
U886,P138,5.0
U886,P173,0.5
U886,P190,0.5
U886,P2,5.5
U886,P28,30.0
U886,P297,0.5
U886,P315,0.5
U886,P337,0.5
U886,P353,30.0
U886,P354,30.5
U886,P387,30.0
U886,P415,33.0
U886,P417,8.0
U886,P42,3.0
U886,P432,5.0
U886,P443,3.0
U886,P48,5.0
U886,P52,3.5
U886,P565,3.0
U886,P575,33.0
U886,P61,5.0
U886,P648,3.0
U886,P66,0.5
U886,P78,0.5
U887,P103,30.5
U887,P111,0.5
U887,P136,5.0
U887,P141,3.0
U887,P149,8.0
U887,P166,3.0
U887,P180,0.5
U887,P22,0.5
U887,P238,5.0
U887,P318,3.0
U887,P339,5.0
U887,P362,5.0
U887,P374,0.5
U887,P379,3.0
U887,P396,30.0
U887,P49,5.0
U887,P503,5.0
U887,P615,0.5
U887,P79,0.5
U887,P81,0.5
U887,P92,0.5
U887,P98,3.0
U889,P103,5.0
U889,P107,0.5
U889,P118,30.0
U889,P124,0.5
U889,P136,30.0
U889,P140,5.0
U889,P17,30.0
U889,P173,0.5
U889,P180,30.0
U889,P198,0.5
U889,P2,0.5
U889,P215,5.0
U889,P221,30.0
U889,P224,0.5
U889,P238,30.0
U889,P241,1.5
U889,P242,0.5
U889,P254,0.5
U889,P274,3.0
U889,P278,3.0
U889,P28,3.0
U889,P30,30.0
U889,P354,30.0
U889,P378,3.0
U889,P385,5.0
U889,P387,3.0
U889,P392,3.0
U889,P41,3.0
U889,P422,30.0
U889,P432,3.0
U889,P49,3.5
U889,P540,8.0
U889,P550,0.5
U889,P575,0.5
U889,P583,5.0
U889,P621,5.0
U889,P68,5.0
U889,P69,5.0
U889,P98,5.0
U891,P163,5.0
U891,P198,0.5
U891,P243,3.5
U891,P254,3.0
U891,P274,5.0
U891,P278,5.0
U891,P28,3.0
U891,P341,3.0
U891,P354,33.0
U891,P362,3.5
U891,P364,0.5
U891,P387,0.5
U891,P390,3.0
U891,P432,3.0
U891,P437,0.5
U891,P459,0.5
U891,P479,30.0
U891,P49,5.0
U891,P497,0.5
U891,P511,0.5
U891,P577,0.5
U891,P627,3.0
U891,P69,0.5
U891,P98,0.5
U894,P110,3.0
U894,P124,0.5
U894,P13,30.0
U894,P140,8.0
U894,P161,6.5
U894,P164,3.0
U894,P166,30.0
U894,P170,5.0
U894,P182,3.0
U894,P185,0.5
U894,P206,5.0
U894,P208,3.0
U894,P214,3.0
U894,P219,30.0
U894,P244,0.5
U894,P247,3.5
U894,P286,5.0
U894,P321,3.0
U894,P339,0.5
U894,P379,6.0
U894,P394,0.5
U894,P395,3.0
U894,P397,30.0
U894,P440,0.5
U894,P447,30.0
U894,P494,30.0
U894,P530,0.5
U894,P55,0.5
U894,P559,0.5
U894,P567,3.0
U894,P572,70.0
U894,P576,3.0
U894,P583,5.5
U894,P623,0.5
U894,P632,35.0
U894,P641,3.0
U894,P645,6.0
U894,P81,30.0
U895,P102,0.5
U895,P103,0.5
U895,P107,0.5
U895,P115,3.0
U895,P136,30.5
U895,P145,0.5
U895,P152,3.0
U895,P155,0.5
U895,P166,3.0
U895,P167,3.0
U895,P173,3.0
U895,P179,5.0
U895,P18,0.5
U895,P203,3.0
U895,P206,5.0
U895,P207,60.0
U895,P219,30.0
U895,P232,0.5
U895,P240,1.0
U895,P244,3.0
U895,P247,3.0
U895,P25,35.0
U895,P261,5.5
U895,P286,3.0
U895,P315,0.5
U895,P339,0.5
U895,P379,5.0
U895,P396,3.0
U895,P41,3.0
U895,P417,10.0
U895,P42,3.0
U895,P443,0.5
U895,P447,8.0
U895,P451,5.0
U895,P52,3.5
U895,P55,30.0
U895,P555,0.5
U895,P564,5.0
U895,P583,5.0
U895,P615,3.5
U895,P620,30.0
U895,P621,0.5
U895,P638,5.0
U895,P639,0.5
U895,P642,8.5
U895,P645,10.0
U895,P79,5.0
U895,P92,30.0
U895,P96,3.0
U896,P109,5.0
U896,P122,30.0
U896,P152,3.0
U896,P161,0.5
U896,P173,33.0
U896,P176,6.0
U896,P190,30.5
U896,P2,3.5
U896,P207,5.0
U896,P22,0.5
U896,P220,3.0
U896,P238,3.0
U896,P250,30.0
U896,P254,0.5
U896,P259,0.5
U896,P285,0.5
U896,P292,5.0
U896,P297,33.0
U896,P340,5.0
U896,P372,0.5
U896,P379,3.0
U896,P417,5.0
U896,P42,6.0
U896,P422,3.0
U896,P432,3.5
U896,P446,5.0
U896,P447,3.0
U896,P465,5.0
U896,P479,8.0
U896,P511,11.0
U896,P52,3.0
U896,P540,5.0
U896,P575,30.5
U896,P606,5.0
U896,P621,41.5
U896,P627,5.0
U896,P628,3.0
U896,P639,30.0
U896,P648,3.0
U896,P69,33.0
U896,P72,3.0
U896,P76,0.5
U896,P98,30.0
U898,P1,0.5
U898,P124,30.0
U898,P13,0.5
U898,P136,33.0
U898,P140,3.0
U898,P141,0.5
U898,P142,5.0
U898,P149,30.5
U898,P161,5.0
U898,P198,5.0
U898,P207,3.0
U898,P213,0.5
U898,P217,30.0
U898,P238,5.0
U898,P240,30.5
U898,P244,30.5
U898,P247,30.0
U898,P255,3.5
U898,P261,0.5
U898,P286,8.0
U898,P293,5.0
U898,P34,5.0
U898,P344,5.0
U898,P356,0.5
U898,P362,5.0
U898,P37,0.5
U898,P38,30.0
U898,P39,30.0
U898,P403,3.0
U898,P417,6.0
U898,P424,5.0
U898,P432,5.0
U898,P447,3.5
U898,P5,3.0
U898,P515,0.5
U898,P530,30.0
U898,P55,5.0
U898,P567,0.5
U898,P572,3.0
U898,P577,30.0
U898,P583,3.0
U898,P592,30.0
U898,P61,3.0
U898,P632,3.0
U898,P639,3.0
U898,P65,5.0
U899,P124,0.5
U899,P13,3.0
U899,P140,0.5
U899,P174,30.0
U899,P208,30.0
U899,P232,30.0
U899,P240,5.0
U899,P247,6.5
U899,P255,8.0
U899,P261,5.0
U899,P286,36.5
U899,P339,3.0
U899,P395,3.0
U899,P403,0.5
U899,P41,0.5
U899,P444,5.0
U899,P451,3.0
U899,P469,5.0
U899,P477,3.0
U899,P503,1.0
U899,P533,5.0
U899,P55,60.0
U899,P567,5.0
U899,P572,3.0
U899,P576,6.5
U899,P615,3.0
U899,P632,0.5
U899,P638,3.0
U899,P649,0.5
U899,P87,30.0
U899,P92,0.5
U899,P93,3.0
U899,P95,5.0
U9,P1,5.0
U9,P136,0.5
U9,P150,3.0
U9,P154,30.0
U9,P155,0.5
U9,P167,5.0
U9,P17,3.0
U9,P170,0.5
U9,P190,3.0
U9,P197,0.5
U9,P198,3.0
U9,P207,5.0
U9,P208,0.5
U9,P217,30.0
U9,P238,30.0
U9,P240,5.0
U9,P268,3.0
U9,P28,3.0
U9,P285,5.0
U9,P297,5.0
U9,P303,3.0
U9,P315,0.5
U9,P337,3.0
U9,P339,30.0
U9,P348,0.5
U9,P349,3.0
U9,P353,6.0
U9,P354,3.0
U9,P362,30.0
U9,P372,1.0
U9,P378,3.0
U9,P379,5.0
U9,P386,0.5
U9,P387,0.5
U9,P401,5.0
U9,P479,3.0
U9,P49,0.5
U9,P50,3.0
U9,P509,5.0
U9,P530,30.0
U9,P545,3.0
U9,P550,0.5
U9,P595,0.5
U9,P623,30.0
U9,P66,3.0
U9,P69,35.0
U9,P98,5.5
U90,P13,6.0
U90,P136,30.0
U90,P140,3.0
U90,P149,30.0
U90,P161,3.0
U90,P17,0.5
U90,P18,3.0
U90,P206,33.5
U90,P207,3.0
U90,P232,0.5
U90,P238,5.0
U90,P240,30.0
U90,P241,0.5
U90,P243,5.0
U90,P244,30.0
U90,P255,3.5
U90,P278,30.0
U90,P283,3.0
U90,P286,30.0
U90,P339,3.0
U90,P379,3.0
U90,P38,0.5
U90,P383,3.0
U90,P396,0.5
U90,P41,30.0
U90,P432,0.5
U90,P451,30.0
U90,P507,30.0
U90,P518,30.0
U90,P526,5.0
U90,P555,30.0
U90,P567,3.0
U90,P576,0.5
U90,P583,5.5
U90,P6,0.5
U90,P637,0.5
U90,P639,13.0
U90,P645,30.0
U90,P79,0.5
U900,P107,0.5
U900,P15,3.0
U900,P173,30.5
U900,P176,0.5
U900,P198,5.0
U900,P241,3.0
U900,P244,5.0
U900,P259,9.0
U900,P27,3.0
U900,P297,30.0
U900,P30,3.0
U900,P303,30.5
U900,P315,3.0
U900,P353,3.0
U900,P354,3.5
U900,P387,5.0
U900,P4,0.5
U900,P415,0.5
U900,P432,3.0
U900,P49,0.5
U900,P511,3.0
U900,P540,3.0
U900,P550,8.5
U900,P577,3.0
U900,P584,3.0
U900,P59,30.0
U900,P61,0.5
U900,P627,5.0
U900,P69,6.0
U900,P79,30.0
U91,P11,0.5
U91,P13,0.5
U91,P140,0.5
U91,P143,5.0
U91,P167,30.0
U91,P190,35.0
U91,P216,5.0
U91,P217,3.0
U91,P278,1.0
U91,P28,5.0
U91,P285,30.0
U91,P322,0.5
U91,P34,0.5
U91,P35,30.0
U91,P371,30.0
U91,P372,3.0
U91,P415,6.0
U91,P422,30.0
U91,P461,6.0
U91,P479,30.0
U91,P486,0.5
U91,P52,33.0
U91,P567,0.5
U91,P573,3.0
U91,P583,3.0
U91,P600,3.0
U91,P621,30.0
U91,P627,33.0
U91,P644,60.0
U91,P68,3.0
U91,P81,5.0
U92,P104,5.0
U92,P107,30.0
U92,P136,3.0
U92,P174,0.5
U92,P176,5.0
U92,P206,5.0
U92,P217,0.5
U92,P247,5.5
U92,P249,30.0
U92,P255,3.0
U92,P261,3.0
U92,P268,0.5
U92,P296,3.0
U92,P315,0.5
U92,P335,0.5
U92,P353,0.5
U92,P372,3.0
U92,P422,30.5
U92,P425,3.0
U92,P471,30.0
U92,P479,35.0
U92,P52,33.5
U92,P575,5.0
U92,P61,0.5
U92,P611,0.5
U92,P615,35.0
U92,P632,5.0
U92,P648,5.0
U92,P98,60.0
U93,P103,0.5
U93,P117,0.5
U93,P122,5.0
U93,P136,0.5
U93,P141,30.0
U93,P173,30.5
U93,P180,30.0
U93,P190,5.0
U93,P197,0.5
U93,P198,3.0
U93,P208,5.0
U93,P217,63.0
U93,P259,0.5
U93,P261,0.5
U93,P278,0.5
U93,P295,3.0
U93,P303,66.0
U93,P315,0.5
U93,P338,3.0
U93,P339,0.5
U93,P34,0.5
U93,P344,5.0
U93,P354,30.0
U93,P360,5.0
U93,P362,3.0
U93,P378,5.0
U93,P387,36.0
U93,P396,33.5
U93,P417,0.5
U93,P420,3.0
U93,P430,0.5
U93,P432,3.5
U93,P451,5.0
U93,P455,5.0
U93,P471,33.0
U93,P497,33.0
U93,P511,5.0
U93,P518,0.5
U93,P525,30.0
U93,P540,30.0
U93,P550,6.5
U93,P592,3.0
U93,P61,5.5
U93,P621,30.0
U93,P643,30.0
U93,P648,5.0
U93,P66,0.5
U93,P77,3.0
U93,P80,0.5
U93,P98,3.0
U94,P101,0.5
U94,P103,30.5
U94,P167,3.0
U94,P17,3.5
U94,P180,30.0
U94,P198,3.0
U94,P241,30.0
U94,P261,30.0
U94,P303,3.0
U94,P339,30.0
U94,P372,3.0
U94,P378,0.5
U94,P396,30.5
U94,P49,8.0
U94,P512,3.0
U94,P526,0.5
U94,P530,60.0
U94,P560,0.5
U94,P565,5.0
U94,P623,0.5
U94,P634,3.0
U94,P68,30.0
U94,P78,0.5
U94,P81,33.0
U94,P86,5.0
U94,P92,30.0
U94,P98,5.0
U95,P103,3.0
U95,P107,0.5
U95,P118,3.0
U95,P124,30.0
U95,P136,5.0
U95,P140,0.5
U95,P176,5.0
U95,P185,3.5
U95,P190,5.0
U95,P217,3.0
U95,P243,5.0
U95,P244,5.5
U95,P259,0.5
U95,P28,30.0
U95,P335,3.0
U95,P34,0.5
U95,P353,63.0
U95,P354,3.0
U95,P390,5.0
U95,P415,33.0
U95,P42,5.0
U95,P422,0.5
U95,P479,0.5
U95,P496,3.0
U95,P512,0.5
U95,P540,33.5
U95,P550,0.5
U95,P576,30.0
U95,P597,5.0
U95,P621,1.0
U95,P634,0.5
U95,P648,5.0
U95,P69,6.0
U95,P7,3.0
U95,P81,1.0
U96,P13,0.5
U96,P136,33.0
U96,P161,30.0
U96,P167,40.0
U96,P17,3.0
U96,P170,30.0
U96,P174,0.5
U96,P185,6.0
U96,P198,33.0
U96,P238,1.0
U96,P244,38.0
U96,P247,3.0
U96,P259,5.0
U96,P263,3.0
U96,P309,0.5
U96,P321,3.0
U96,P343,30.0
U96,P362,33.0
U96,P37,3.0
U96,P378,3.5
U96,P396,8.0
U96,P404,0.5
U96,P41,3.0
U96,P632,0.5
U96,P645,33.0
U96,P68,5.5
U96,P7,30.0
U96,P79,0.5
U96,P95,0.5
U96,P98,8.0
U96,P99,5.0
U99,P136,0.5
U99,P141,5.0
U99,P166,30.0
U99,P167,5.0
U99,P179,3.0
U99,P183,30.0
U99,P206,5.0
U99,P208,3.0
U99,P232,5.5
U99,P240,0.5
U99,P247,0.5
U99,P261,30.0
U99,P300,3.0
U99,P339,3.0
U99,P396,3.0
U99,P530,3.0
U99,P567,30.0
U99,P572,0.5
U99,P576,5.0
U99,P581,0.5
U99,P583,30.0
U99,P623,3.0
U99,P639,3.0
U99,P645,0.5
U99,P68,3.0
U99,P92,3.0
